reid,nf_norm,nf_obs,ug_norm,ug_obs,k_upstream,cemi4_norm,cemi4_obs,aif_a_1_obs,aif_a_2_obs,aif_a_3_obs,aif_a_4_obs,aif_a_5_obs,aif_a_6_obs,aif_o_1_obs,aif_o_2_obs,aif_o_3_obs,aif_o_4_obs,aif_o_5_obs,aif_o_6_obs,aif_a_1_norm,aif_a_2_norm,aif_a_3_norm,aif_a_4_norm,aif_a_5_norm,aif_a_6_norm,aif_o_1_norm,aif_o_2_norm,aif_o_3_norm,aif_o_4_norm,aif_o_5_norm,aif_o_6_norm,ait_a_1_obs,ait_a_2_obs,ait_a_3_obs,ait_a_4_obs,ait_a_5_obs,ait_a_6_obs,ait_o_1_obs,ait_o_2_obs,ait_o_3_obs,ait_o_4_obs,ait_o_5_obs,ait_o_6_obs,ait_a_1_norm,ait_a_2_norm,ait_a_3_norm,ait_a_4_norm,ait_a_5_norm,ait_a_6_norm,ait_o_1_norm,ait_o_2_norm,ait_o_3_norm,ait_o_4_norm,ait_o_5_norm,ait_o_6_norm,e_in,reid_original,year,ame_1,ame_2,ame_3,ame_4,ame_5,ame_6,capcost
1,.0393,.038985491,.5014999999999999,.4041,19612000,.0852,.1390776876415991,.8795419653826737,.0859091002368499,.1027819478789311,.0569072998216132,.3314046865490004,,3.276144422162119,.767851814598567,1.088770822616555,1.296064795590828,1.798478038324679,,.9086,.2614,.295,.2857,.4211,,2.5972,.5647,.7067,.6929,1.0869,,1.461828758642918,.1425633087764532,.1433755929496867,.1281811500150762,.5566721480997605,,4.958271757121317,.7673627520735214,.9108315962122761,1.146403565849163,2.28374417326663,,1.4152,.418,.2069,.1837,.4559,,4.2289,.5333,.7063,.6582,1.4553,,196509,1,2024,558.4212328767123,3727.09703196347,4405.272945205479,1758.082305936073,11072.10810502283,,1000000
4,.03,.026225694,.8561,.59210002,21705000,.0062,0,0,.0016240628039531,0,0,.0021531323667276,,.1534589338809094,.3098800636884979,.257725813126109,.2598399759204088,.1736505520210436,,.0887,.0392,.0457,.0596,.1416,,.5041,.2295,.3311,.4108,.4815,,0,.0003924818442887,0,0,.0005203403219592,,.3529555479260915,.1202547285125791,.1197824141354477,.1003485379587189,.1390272586410148,,.0506,.0251,.0257,.03,.0939,,.5434,.0843,.2365,.4006,.5798,,120340,4,2024,191.8514840182648,6347.461301369863,2345.621347031964,781.2751141552511,3612.131506849315,,1000000
5,.0348,.029664073,.5064,.45930001,12321000,.0001,0,0,.0027086782261111,.0034403460591392,.0002082999519308,.0293335351125247,,.7840887066336159,.046338590927037,.0476469012512333,.163612546949497,.1147588548619798,,0,.0039,.0283,.0437,.0602,,.595,.2779,.1267,.2077,.2342,,0,.0014153407847844,.0044490213704143,.0001440741334188,.0581813148403829,,.7710205615230555,.0860460221493941,.0818556030352444,.2445787109290394,.1710515873214091,,0,.0075,.0465,.0617,.1104,,.3011,.0738,.0751,.1617,.1947,,142799,5,2024,11.19075342465753,3973.024086757991,3943.63401826484,1809.60502283105,6627.495662100457,,1000000
7,.0418,.028790787,.4885,.38690001,5047000,.0001,0,0,.1386869311102933,.034334193104989,.0113722638278558,.0804815646806608,,2,.0869320343109809,.6033312346082207,.3269625136679664,.9877501701315174,,.4303,.0725,.0452,.0268,.169,,.2626,.0041,.033,.0475,.1455,,0,.0336256052958247,.0220633348107399,.0073810113263601,.0548808942359218,,1.391270480795058,.0495964828949273,.392098697152812,.5702210686114721,.7137258294078263,,.9086,.0837,.0618,.0564,.2302,,.2349,.0026,.0262,.004,.0958,,28655,7,2024,1.558333333333333,518.8775114155251,857.409703196347,221.3287671232877,1583.015182648402,,1000000
8,.0318,.033969928,.322,.23549999,19859000,.1964,.2282814765250362,.1939366333677001,.4489801443077763,.035031818467728,.0149277147210249,.0979554927205166,,3.611720379402206,2.738774589097344,2.400132074116092,2.490092998132456,2.725563368175703,,.1201,.0408,.043,.0512,.1214,.3333,2.5858,1.012,1.0947,1.1912,1.7123,.3333,.4506799890882962,3.333303804379405,.0485673294752787,.0451046119310107,.2046627147090283,,1.395281129147133,1.198583011154958,.635449874403647,.6703296680316125,.8926448588888339,,.3451,.0491,.0733,.1041,.212,2.2111,.9787,.5747,.8552,.926,1.2643,.1611,261967,8,2024,241.5961187214612,1931.326826484018,4235.894748858447,1301.003196347032,9594.998059360731,,1000000
11,.0578,.046554986,.4593,.38240001,13471000,.0274,.1438519697572622,.4004261339552652,.1998693608083599,.1389202882424975,.3010803722106408,.3649883921983406,,1.299969669510699,1.342005857062113,.5168950568178816,.6711883676337668,1.005272604294548,,.2745,.179,.1389,.0762,.2082,,.5647,.8046,.625,.6004,.6048,,.7003163162333427,.6365905543159192,.1510574449013309,.276708917415982,.5636702963366336,,.982209836749124,1.194726578219646,.5724450581096999,.976769113413481,1.136967635095971,,.4073,.2368,.2051,.0837,.4043,,.6589,.6756,.5991,.5556,.6524,,72409,11,2024,302.9788812785388,1167.774200913242,799.7293378995433,546.2243150684932,5065.578310502283,,1000000
12,.0488,.04052439,.4675,.39019999,25279000,.122,.1479487925516439,.1076179378535773,.029710886017703,.0832225511825387,.124215072591029,.119625543853378,,1.790979476405552,.7193373415104695,1.400076189078211,1.263026542463263,1.671745575309633,,.2766,.2012,.1702,.1243,.1938,,1.3256,.3825,.947,.916,1.1275,,.2742690286143403,.0343804979976709,.1128762879501998,.3209365212774067,.2562183894199252,,1.095862387961988,.4105030912403191,.8028617449791691,.5892150993091773,.9137739761517749,,.3963,.5411,.2881,.2284,.3554,,2.233,.4001,1.0119,.9722,1.4858,,214192,12,2024,514.6154109589041,2097.804337899543,2793.458789954338,1046.780479452055,16984.96164383562,,1000000
14,.0629,.047548417,,0,274000,.4499,.4265873015873016,2.067144947373389,.5200018202324598,.5182035819425961,.7912090869939704,1.163087006294314,,5.595063010336526,1.772798699570633,2.339545218868365,2.856624345723182,3.981956836882819,,1.1345,1.2683,1.5577,1.3564,1.5801,,3.3755,2.4564,2.8518,2.9432,3.1077,,1.545213152719435,.2706079782823994,.6158814238251885,.536050687588801,.9461415643881995,,4.781320935793961,2.400265124154062,3.373980221358006,2.568074822673498,7.165936556438109,,1.5017,.4471,.6952,.6353,1.0579,,3.6147,2.2757,2.6078,2.452,3.7397,,23597,14,2024,12.09303652968037,198.1783105022831,392.3408675799087,165.4027397260274,1161.427283105023,,1000000
15,.0404,.019906284,.6016,.63569999,23667000,.2212,.2882603868404137,.6317560144942813,1.819288837694039,.2059290854206342,.4806943505888201,.6243136659106646,,2.763592604824712,2.852076611907393,1.387143734618106,1.590374552943031,2.515363826841865,,.2926,.0566,.0322,.234,.3006,,2.2949,.9615,.7926,1.572,2.9882,,.5312221956759197,1.861749192353419,.358153275045629,.3433794924940728,.4134548381830811,,2.39006027962626,3.308798109805673,1.282416119425853,1.684246564884137,2.48504068875461,,.3138,.0964,.67,.3305,.4918,,1.1803,.6141,.7613,1.0871,1.6185,,892482,15,2024,487.3595890410959,4864.969748858448,79084.82534246576,854.7785388127854,13362.51164383562,,1000000
16,.0415,.03503548,.5016,.4332,21756000,0,0,0,0,0,0,0,,.6968101579436358,.0288185628320316,.0395216673804668,.0363150553501173,.2031688356155029,,.2406,.0041,.0011,.007,.0093,,1.0769,.0974,.093,.1178,.1245,,0,0,0,0,0,,.6387426447816661,.0241378161240422,.0231878726828411,.0255456519440674,.1588568038811081,,.2927,.004,.0022,.0096,.0126,,1.1677,.0272,.0546,.1244,.0901,,240128,16,2024,2.211643835616438,1755.056164383562,6877.887214611872,1158.874429223744,16398.11232876712,,1000000
17,.0409,.035485338,.4128,.55449998,10276000,.0067,0,.9720241985242845,.0177835497139273,.2146269032362311,.0054675785354776,.2877485685012685,,0,0,.0002155971476795,0,.0027945962633846,,.3031,.2231,.2294,.2207,.2544,,.6819,.3774,.48,.4304,.5569,,2.392011712261,.0355670994278546,.4186769449151004,.0106070229883929,.5545722124112372,,0,0,.000431194295359,0,.0043975536252693,,.2414,.0681,.0872,.0576,.087,,1.0062,.648,.7044,.7060999999999999,.837,,57094,17,2024,156.3361872146119,198.7432648401827,1992.97796803653,546.5384703196347,3006.536187214612,,1000000
18,.0312,.029925445,.7819,.83130002,26913000,.0395,.1018699321529042,.1885412788151392,.1348077225967081,.1852394742521662,.1865206972963254,.2487128698606703,,1.595651069863918,.5128130979115108,.4734596229080433,.5961155857862727,1.239373931638494,,.1907,.0686,.1043,.1514,.1724,,1.15,.416,.4682,.6277,.7996,,.1449453691062615,.7382770820657015,.4749599994967454,.1506723470358087,.2115402186309372,,.9572509868369428,.2962732549834382,.3326563782252507,.3578283626306151,.7198241237736857,,.3044,.0312,.1307,.2323,.1782,,.8108,.3301,.3796,.3458,.6505,,462750,18,2024,800.2020547945206,7634.128652968036,21292.08847031964,4609.66997716895,15276.45479452055,,1000000
19,.0336,.029302683,.585,.46849999,37128000,.0088,0,.0743411690732794,.0362717348105698,.036675367943992,.033968902954863,.0413792005495813,,.1050075562860578,.0305511708064269,.049533511256684,.0734498231439276,.1873414760512143,,.1888,.0524,.082,.0622,.2505,,.6966,.3254,.5206,.6266,.8053,,.0673176379527797,.2087997904140634,.0949464274733511,.1255393779557591,.0239673521070198,,.1056120591706838,.0139028292405832,.0357592523413115,.0556122990970944,.1490800050206098,,.1045,.1515,.0418,.019,.0676,,.249,.1506,.2742,.3244,.4581,,555171,19,2024,41.39406392694064,13891.56381278539,24413.69897260274,7025.74497716895,18951.4095890411,,1000000
21,.0308,.030970732,.5673,.4664,8556000,0,0,0,0,0,0,.0008328443275115,,0,.0295094286716591,.2641701143773522,.0443788976727306,.129296046016334,,.0024,.0152,.0585,.009,.0989,,.2615,.2583,.4367,.3449,.4625,,0,0,0,0,.0013325509240183,,0,.0412287787748136,.3754370170741828,.0650758041594559,.2192359323820112,,.0047,.0255,.1732,.0114,.1865,,.7118,.2673,.7633,.5057,.7405,,63447,21,2024,153.0904109589041,2252.147602739726,1216.533105022831,530.0222602739726,3168.023401826484,,1000000
23,.0296,.027118733,.6827,.50160003,69131000,0,.0510872229419798,.2384192437839824,.4307551567824518,.2237446464032116,.0831561954571496,.0715632788161909,,.325844764653986,.1641860823819892,.5033891762567185,.5712130048970078,.4080483729112053,,.025,.0062,.0373,.022,.1623,,.0742,.0311,.0482,.1055,.0689,,.2837372526993296,.1443734705718708,.2050674978369753,.0714395418866426,.316954070699528,,.4343255017099532,.2115090101202615,.7101373798423132,.7543056167588693,.7027469565801017,,.0061,.0069,.0131,.0336,.0514,,.1725,.1461,.1101,.2794,.2665,,460641,23,2024,504.2439497716895,9886.2850456621,16715.09394977169,7496.213812785388,16419.82808219178,,1000000
24,.0485,.00085194426,.5596,.54000002,12000,0,0,,0,,,0,,,0,,,0,,.3121,.2293,.1464,.1701,.2385,,1.4144,0,.7171,.7249,0,,,0,,,0,,,0,,,0,,.5265,.1875,.2299,.1938,.1779,,1.6563,0,.6851,.7037,0,,16433,24,2024,,1708.469520547945,,,23.10616438356164,,1000000
29,.0491,.058466185,.442,.36000001,9378000,.2241,.0097601784718349,.1281591074460344,.1202590735544414,.2314180294224874,.1384688761053419,.2728455062515105,,.9461816809864346,.6460718524311149,.7121738137553861,.4406303133196114,1.013306010068969,,.3021,.1239,.2473,.1945,.2894,,1.9365,2.0208,2.0025,2.2484,2.0533,,.1281591074460344,.1381663063311714,.2885156590177289,.1491838338057086,.3327759949668586,,1.544452872160851,1.056687342257388,1.298100836132892,.9538204621445923,1.960461083931953,,.4548,.1623,.465,.2385,.4304,,2.5178,2.5008,2.4734,2.7498,2.6271,,59590,29,2024,232.9777397260274,620.4052511415525,880.7989726027397,632.591095890411,3858.866666666667,,1000000
30,.0296,.025819136,.4789,.58209997,17015000,0,.0001523229246002,0,0,0,0,.0028541865162274,,.8147413897238034,.0453116797635341,.0800451682895049,.0823530645117525,.1016087632958061,,.2521,.2011,.1876,.202,.2413,,.341,.1967,.0876,.0859,.2268,,0,0,0,0,.0028541865162274,,1.833612822389442,.0929666022196274,.1584192838341879,.178018731751517,.2168116337876351,,.0663,.065,.0629,.0627,.174,,.4654,.216,.0811,.0915,.2637,,92567,30,2024,32.13082191780822,2587.106506849315,2484.771461187215,1851.13698630137,3218.175799086758,,1000000
31,.0273,.02369239,.6511,.60869998,13627000,.0055,.0003229974160207,0,.0027914174824011,.0574023882795631,.0028893504590072,.0677316180597176,,1.794789709327951,.2153101098741166,.6126263486573027,.4924121747580006,.8170682184464267,,.0716,.0019,.0366,.0803,.0784,,.9681999999999999,.1612,.2507,.0871,.2583,,0,.0055259554852161,.0797298815949757,.0052697883881679,.1393711575237882,,1.747288143456979,.226288643420348,.574677039069733,.3229166334550371,.7627147189296376,,.0303,.0019,.0808,.0798,.1204,,.5859,.188,.2098,.0848,.2378,,97162,31,2024,4.920890410958904,7490.670662100457,1063.536643835616,465.4551369863014,2156.114155251142,,1000000
33,.0266,.021097891,.553,.4844,92642000,.0036,0,.109546967899624,.0065042247598299,.018613251795479,.0242376505011508,.0729581343276993,,.012041374136446,.0416838738540552,.1340574930015849,.0675587002525836,.1004972274810171,,.0289,.0946,.0162,.0241,.0843,0,1.017,.3816,.4075,.3219,.6087,.0801,.2185415778175184,.0323957667406533,.0147221788250933,.0260757620537874,.1374782388029853,,.0189316031790972,.042320700040397,.1254809797574783,.0572490847946855,.1054108217797598,,.0441,.057,.0187,.0289,.1246,0,.3281,.3551,.2142,.1686,.3024,.0093,744719,33,2024,382.2342465753425,33165.55285388128,23058.34349315069,6125.10296803653,20562.42123287671,,1000000
35,.0302,.02793281,.52,.47850001,51161000,.0066,.0001006988500191,.0666074493501004,.0073162703696903,.0208654037338171,.0460518889974804,.0403073606175931,,.1544334780809615,.1232445556211933,.1485291483579687,.074462291713108,.2120780279020164,,.0908,.0108,.0182,.0177,.0512,,.3281,.1186,.2823,.2724,.4116,,.1406620002078535,.0244272316884836,.0482034330920642,.0778143768722546,.0755519194511362,,.2530339066218249,.1548255353925244,.1389339877848404,.0659795478644943,.1775474905132561,,.1839,.0125,.0287,.0314,.0957,,.6718,.1355,.2675,.2492,.4385,,594677,35,2024,436.4390410958904,14715.91860730594,22755.64440639269,7916.970319634704,20221.49840182648,,1000000
37,.0372,.035547286,.3939,.29100001,33697000,.0621,.0281714583212819,.0691009436979354,.0024403810939982,.0065833967046668,.0047195661380308,.0371977299639367,,1.080129427232717,.0966750603805978,.1852364101391508,.2073406408500476,.4809793243423067,,.1007,.0029,.0146,.0136,.0306,,1.7155,.3832,.6076,.6715,.9566,,.1075253840699997,.0025479649428799,.0079265156342914,.0096845228231244,.0618862785513979,,.8298205312256228,.0373807521683507,.092139506641262,.0954962553580036,.3675312329240577,,.2312,.0039,.0297,.0353,.0685,,1.7268,.1854,.3808,.5354,.8298,,345596,37,2024,2810.944634703196,11003.87682648402,6375.350456621005,2014.928652968036,11712.52488584475,,1000000
38,.0264,.019581994,.5394,.46090001,40207000,.0016,0,0,.0012313073374143,.0022275154457293,.0069112496575482,.0452320247155033,,.2940560928058068,.3050343067816118,.2103170408628696,.2026679670977457,.2247136854070523,,.1083,.1483,.0639,.042,.0703,,.6415999999999999,.0226,.0989,.1617,.1443,,0,.0009830821401309,.0040209774712588,.0199218871998591,.1082991915432151,,.2946322406661461,.3195297018889623,.1624822534545515,.1675579115688101,.2159531868686599,,.2037,.5566,.0702,.0687,.3748,,.6016,.032,.1087,.1271,.1276,,326933,38,2024,429.6003424657534,14517.46130136986,10559.91529680365,1987.164497716895,9042.445205479453,,1000000
40,.0338,.028287612,.5311,.4377,6378000,0,0,0,.0001132364746026,.0018713976132239,.0379245515010567,.050388756283295,,0,0,.0019745448093676,.004311853235151,.0068013239977197,,0,.005,.0232,.0096,.0256,,0,0,.0118,.0021,.0175,,0,.0000197967139508,.0041734049762414,.0051739226234451,.0186093214987564,,0,0,.0019745448093676,.004311853235151,.0128547355124031,,0,.004,.0224,.0053,.0246,,0,0,.0214,.0042,.0238,,56173,40,2024,.6268264840182648,1982.959817351598,1277.15696347032,543.1295662100457,2426.820662100457,,1000000
43,.0292,.031572059,.57,.46250001,17645000,0,.0015411712901805,.0049145148411805,.0001602977004865,0,0,.0026812065143238,,2.600758800273586,2.480365034770404,2.214451241294788,2.768778827868409,2.653057604178551,,0,.0636,.1573,.0585,.119,,.1515,.0541,.1168,.1434,.1565,,.0057336006480439,.0001870139839009,0,0,.0031280742667111,,1.976151329297713,1.310162937931155,1.105986421152345,1.345388962391302,1.49664480278379,,0,.0282,.0841,.0248,.1044,,.1957,.0784,.1688,.1283,.151,,139047,43,2024,111.6578767123288,7404.886643835616,2997.404109589041,903.548401826484,4070.187671232877,,1000000
49,.0422,.028430436,.4408,.43970001,5605000,.0645,.0298578199052133,.8936491392455088,.2987729012285024,.68073087713257,.6987952042730501,.6922844204130046,,1.248840958524973,.2699751287904985,.5053345736949325,.2735689862198203,.6328654693065093,,.3707,.1051,.0997,.027,.2238,,1.2561,.4312,.5256,.2704,.8129,,2.177863776889169,.7613624728881697,1.438065587010804,2.160064690880121,1.621460618804601,,3.080103896375851,.6610764986424409,.9951001665157516,.3091205885777435,1.542862232818232,,.8178,.2054,.2171,.0444,.4748,,1.5773,.5397,.6446,.317,1.1863,,121384,49,2024,1115.731621004566,357.8251141552511,967.337100456621,584.0149543378996,2979.016666666667,,1000000
62,.0265,.022568164,.6403,.60549998,287368992,.0073,.0009914565196559,.3312575404511863,.0526244675711011,.2001807840927682,.1861768490954433,.3670317141931527,,.7208821193947901,.1183257263842805,.3159195719087521,.2791715844493018,.4230073828063637,,.0954,.0202,.0413,.0666,.0637,,.9469,.3335,.4926,.4557,.5881999999999999,,.1533791411788261,.0224523064495382,.0561774617854797,.0557803041764362,.1426181819867682,,.3627321379974002,.084731495567783,.1932371908465783,.181294688452164,.2792222634435062,,.1281,.0314,.0692,.1227,.087,,.9577,.2003,.2471,.2447,.3578,,4410638,62,2024,285.6549086757991,160497.8005707762,190468.5045662101,33188.0401826484,100846.9113013699,,1000000
64,.0404,.03254668,.4829,.39700001,11863000,.01,.091812865497076,.753692534793438,.1071423068055116,.4117083722539665,.1642613850458583,1.022419959905114,0,2.374486652244549,1.389579522204454,.7063664593489305,.4139215958106777,1.354738356137543,3,.0763,.1172,.0405,.007,.0484,,.4482,.3719,.1597,.0767,.3069,,.1563153710395885,.0318640600493766,.1444293682396878,.1013032724996946,.2677883940746318,0,1.794625611853419,1.884534414614255,1.26204041231667,.4960591039660314,1.342553580757823,8.300000000000001,.1295,.3296,.0764,.0142,.094,,.6257,.4236,.1441,.0834,.3192,,93773,64,2024,239.8860730593607,3178.089840182648,1273.422374429224,508.05399543379,5237.632534246575,89.84474885844749,1000000
67,.0405,.036224402,.5135,.44,4276000,0,0,0,.3659337364496229,.0054893782744911,.142217095907482,.0428654453951173,,.7431308512954495,.1069169387613406,.1389778901777241,.4387660716473779,.2717333988289359,,.1757,.1401,.131,.0776,.1734,,0,.2866,.0764,.1244,.1008,,0,1.105643420487693,.0145468524274015,.6177293612468383,.1930927299703528,,1.312864503955294,.1888865918117016,.2455276059806458,.7751533932437008,.4745121267826798,,.4077,.348,.3252,.1974,.4976,,0,.518,.1357,.1808,.1338,,23244,67,2024,5.243150684931507,366.6450913242009,822.1980593607306,295.3295662100456,1072.259931506849,,1000000
72,.043,.031001627,.4985,.42699999,17871000,.0007,0,.4383929584746726,.0343527408427318,.3654317620832637,.1701779780500819,.5850109006423093,,.9122461236396298,.2030902524440356,.2643234426609319,.2206240865395505,.5887482025251775,,.1637,.1059,.2116,.2112,.2687,,.5072,.2993,.4089,.4037,.4644,,.4295520261267902,.0105099023114453,.1015384249330687,.0815395456341119,.2732707437719444,,1.225946869353062,.1858810531446601,.230396529440332,.2008964460641206,.5480278757299097,,.3325,.4329,.7161,.77,.6801,,.4642,.171,.2859,.1872,.4002,,103801,72,2024,606.5259132420091,4741.215410958904,1229.822831050228,650.0788812785388,4263.813926940639,,1000000
74,.0439,.038056526,.245,.1004,4041000,.0394,0,.4365769311823228,.3055148306305499,.058251928900142,.0111828126166465,.285314699744423,,.6602784306635328,.5896223999180522,.6235079986224535,.5712385540930733,.6536785611933954,,.1377,.0699,.027,.0421,.09,,1.1979,.6977,.3173,.2251,.8515,,.8404083949144392,.7432198068251419,.0937949342181766,.0014910416822195,.453931593757757,,.66537765714266,.617871475337768,.4102069865619772,.4404275814348133,1.124707150208499,,.2811,.1218,.0347,.0115,.1344,,1.1877,.7671,.2275,.1532,.8314,,52895,74,2024,99.12865296803653,71.32283105022832,306.9449771689498,142.2090182648402,2235.027054794521,,1000000
75,.0405,.02965229,.3688,.28400001,6680000,.2028,.1402597402597403,.2144218914448954,.1734539134041439,.1527371538060502,.0694702854389149,.2848508736768182,,4.700801383250639,1.359045187917434,.4095283398954485,.2037763308055562,1.435439821646758,,.5087,.2164,.1373,.1734,.2788,,4.3177,1.4309,.8516,.6728,1.7906,,.3039134340700645,.2234202493801408,.1038670500433184,.0110238793630639,.1395842761414544,,4.495429734876961,1.703542636122579,.2778158932854025,.0831214731904132,1.206770043470083,,.4213,.7029,.1609,.4509,.2342,,3.3799,1.1955,.7252,.5238,1.4931,,83029,75,2024,151.8493150684932,959.9966894977169,1707.688698630137,616.3783105022831,5378.224315068494,,1000000
77,.0322,.031081872,.5543,.33070001,16554000,.05,.0442522522522523,.0422582336305454,.0003582056732476,.0024007718958808,.0175847353005676,.0620584506517745,,.2796691504769526,.5103687694313626,.1307095473607325,.158687280023577,.448565300318804,,.2334,.1669,.0522,.0331,.1749,,1.1497,.4017,.317,.2918,.7683,,.0371336949792642,.0002465576408875,.0010082381283836,.0112048035399576,.0384231992015228,,.3800016117993118,.1097556733239397,.1309710289543261,.1852124047980465,.5475332171863198,,.5079,.1188,.0752,.0437,.2478,,.8642,.1934,.2724,.3707,.6375,,334568,77,2024,1699.085273972603,7778.814611872146,6777.595662100457,2679.270890410959,11240.80570776256,,1000000
78,.0356,.033702984,.5127,.51190001,28338000,.0228,.0249112703408558,.0043311313715856,.0428253248643979,.1000854609794031,.123293774438789,.2622707075394946,,1.142745354952594,.3589911519523069,.2013008648886405,.391293741586094,.5635898470544052,,.5019,.0865,.06,.1105,.1917,,.6287,.2427,.2071,.3098,.597,,.0000721855228598,.2432526198295122,.1480244059816227,.3000931469931736,.5873257498021166,,.5738010530593923,.2926444660713394,.1790360804764228,.2816455261207941,.6724183732223539,,1.1063,.5069,.1159,.2191,.3982,,.9167,.1405,.1854,.1902,.4674,,308489,78,2024,12.5458904109589,5633.804794520548,11255.77111872146,1862.471689497717,15167.62066210046,,1000000
80,.0372,.054562308,.3898,.32570001,35740000,.0038,0,.1629471617853682,.0123832312854377,.0680370033389981,.0842866628634876,.1310425853309913,,.0719740665752843,.0029605283210124,.0075385407041728,.0016528723830641,.0183354957733366,,.1177,.0137,.0206,.0231,.0669,,.2607,.2824,.4674,.4402,.4159,,.258926190649702,.0133015244629024,.0766796201428649,.1945991512027157,.2005898828249638,,.1086627494992552,.0036889503290468,.0115051092402779,.0029063006068878,.0280485119883806,,.1702,.0206,.0276,.024,.0833,,.4648,.3215,.5746,.5286,.5974,,259978,80,2024,2417.042579908676,4194.765296803653,4841.498173515982,1103.378767123288,14549.80936073059,,1000000
83,.0494,.046448711,.4899,.41499999,8602000,.0341,0,0,0,0,0,0,0,0,0,0,0,0,0,.0053,.3406,.2634,.3822,.5592,0,1.2396,.537,.4971,.4984,.8344,0,0,0,0,0,0,0,0,0,0,0,0,0,.0079,.5503,.6333,.6289,1.0105,0,1.1939,1.0715,.8433,.7423,1.2597,0,65793,83,2024,.2699771689497717,712.8889269406393,2390.454566210046,406.922602739726,3100.208219178082,322.1732876712329,1000000
85,.0314,.038049281,.2963,.257,26306000,.0532,.0803267211201867,.3379526149473952,.2008927183270274,.219385810669816,.1569727452408507,.3611341226367191,0,1.776759849196733,.8747467746078776,.7162973015916178,.6190792496018435,1.19705384144555,.184889310354252,.3129,.0937,.1527,.1208,.2673,.1852,1.2117,.5564,.6653,.6409,.9727,0,.5916889586651607,2.579157494251323,.2900430118424071,.3711798568165236,.4928130803514874,0,1.803073656534018,1.146146713056202,.9843794759875838,.7006158064392878,1.283248595465457,.3666971322025999,.5037,.2934,.2467,.1804,.3951,.4413,.8742,.4458,.4876,.4547,.7742,0,1653093,85,2024,3462.341666666667,24233.63801369863,33309.74646118721,9635.219748858448,47113.82363013698,2217.866552511416,1000000
86,.0304,.029108426,.5643,.57309997,67786000,.0133,.0401104752964962,.0969228135973154,.0004980015910374,.0026548367796604,.0031793405978886,.0246924111390782,0,2.763544764454563,.1588837391270184,.486812934994297,.4267737879928916,1.148249347817137,0,.1874,.016,.0641,.0627,.0939,0,1.0877,.0839,.207,.1655,.4791,0,.0497244673121146,.0010633039976851,.0086712155821876,.0022591141260008,.0376646292482415,0,2.562735549760053,.0878951697492469,.2536609602116447,.2564322145050534,.8240234959634987,0,.315,.0111,.0244,.0232,.1083,0,1.1093,.0728,.149,.1665,.4985,0,1094872,86,2024,484.2011415525114,34464.4605022831,39004.1950913242,11097.61723744292,32249.00570776256,3101.744520547945,1000000
87,.0294,.026162185,.6424,.59539998,40301000,.0011,0,0,.0020024791785986,.0187768662050141,.0033714946733405,.0044156489193475,,.892148797511472,.4543757199917424,.560563281056245,.31749289612073,.6386638509001265,,.1173,.1573,.0861,.1342,.1594,,.3025,.2461,.2551,.1688,.3023,,0,.0004004958357197,.0037553732410028,.0006742989346681,.0008831297838695,,.9129208602731042,.491714992024154,.4714338780835698,.2650779112890639,.6857999185226047,,.0359,.04,.0298,.0363,.0731,,.1929,.1427,.1603,.1067,.2033,,354978,87,2024,35.52374429223745,11628.90684931507,14836.11780821918,7112.206735159817,7596.115867579909,,1000000
90,.0308,.033879463,.55,.4901,35474000,.1246,.125358485756166,.0498337154387325,.0019004146079891,.0008084098545654,.0001323334118196,.0078294381887975,,3.311664608447009,.3230755283660958,.4165737256167341,.4448477095859797,1.158396513552741,,.1377,.147,.1486,.1861,.1676,,3.9555,.5347,.6491,.6372,1.4075,,.0953613249627135,.0038134152629562,.0007006218739567,.0001146889569103,.0104925321770048,,4.592329407867737,.4456886695090236,.4705500569844439,.4216761696879607,1.510591490563831,,.1174,.0417,.039,.0446,.0588,,3.3258,.4325,.4717,.4497,1.1791,,374209,90,2024,481.789497716895,16314.33230593607,8322.75399543379,2864.806278538813,12248.7605022831,,1000000
91,.0298,.027446765,.625,.65710002,46478000,.0026,.0044947224887632,0,.0159053614591728,.036198021225374,.0193318211340042,.0758394942640859,,.5121741579581212,.0485844400624953,.1314417475508703,.2157809015908789,.5165041850479539,,.1289,.1327,.0803,.0405,.1418,,.3869,.0838,.3226,.3174,.4178,,0,.0354668339807361,.0971196912490834,.021490832823703,.1193473619829134,,.3439584061743262,.1161819643465326,.1207718234480087,.1396369977082962,.3591173707689385,,.0215,.0259,.0536,.0079,.0617,,.3042,.1128,.1884,.1407,.3278,,333154,91,2024,23.50776255707763,6319.743721461187,15201.35,6158.588698630137,8813.161757990867,,1000000
92,.0296,.023742998,.615,.6261,36105000,.0005,0,0,.0115776461386674,.0303283591944991,.0283836782730551,.1098921372690573,,0,.0584188701828832,.0272975663750573,.0437679001276876,.0906999018212357,,0,.0153,.0152,.019,.0389,,.5728,.1701,.3959,.452,.4762,,0,.017101021630194,.0304723579152784,.0314617512215793,.1930527920921523,,0,.0565098835594004,.0267084548995915,.0467476027415188,.0874296268558671,,0,.002,.019,.0264,.045,,1.8248,.2763,.4112,.4639,.6059,,506423,92,2024,9.209817351598174,8334.692351598174,30523.72054794521,4681.447945205479,12906.63573059361,,1000000
93,.0322,.021332938,.5765,.54839998,39229000,.117,.1290428501067148,.0583589832220356,.0174433780041929,.0163185593836739,.0229353052381122,.1522929799779521,,4.316520818649945,1.714158154656722,1.92552521809768,1.264788415633118,1.870115014914041,,.1795,.0286,.0499,.0473,.2041,,2.725,1.1283,.6402,.7236,1.5251,,.1647087466716507,.0227442620682517,.0298734756102304,.0526706354044677,.3608811263675674,,5.413724985666904,1.957382410502214,1.064507431181291,.8831404105823003,2.260526768791165,,.4231,.1032,.1174,.1141,.5004,,2.9359,.5195,.6946,1.0304,1.8829,,417664,93,2024,973.5875570776255,11481.27077625571,19444.87385844749,2361.267579908676,12681.65890410959,,1000000
98,.0224,.020439899,.3562,.28639999,23952000,.016,0,.0146753684773334,.0029776044493277,.0118111956427274,.0193043345270692,.1031787089753965,,.8468629495905287,.6135294433913271,.4543055073715437,.3127123550696932,.545630829557615,,.3591,.1395,.1085,.117,.1864,,1.4324,.4497,.5229,.5457,.718,,.0249481264114667,.0028225238511512,.0163508125414116,.0174847816350176,.1573880331294258,,.675874520055974,.4946585736026219,.1050791419587248,.229966114652192,.2873834710611233,,.3896,.0375,.0438,.0759,.1392,,3.0274,.8283,.868,.9703000000000001,1.2319,,355628,98,2024,73.44646118721461,5530.977739726028,5008.453310502283,1776.4600456621,7614.823630136986,,1000000
100,.0376,.04547568,.5125,.41479999,27798000,.1541,.1701807228915663,.5211716224941947,.0614352295666808,.1295317839844395,.1832809431097922,.344568242950213,,3.397004359496831,.70685116082467,.7392591825036526,1.060981423780648,2.055837177861358,,.3926,.0864,.0869,.168,.2787,,2.243,.3157,.6836,.6994,1.4902,,.8169185710819282,.0952106474832672,.2214550529972357,.5007002738055416,.5688583647120881,,6.708766518191105,.7669207402371144,.9084936676278426,1.16530089101159,3.530446621739561,,.7149,.2472,.1253,.3587,.5348000000000001,,2.3136,.2807,.5481,.6213,1.3522,,369890,100,2024,1349.09897260274,4238.666095890411,10241.13607305936,3726.716894977169,20671.1200913242,,1000000
103,.02,.02696068,.5767,.514,40565000,0,.0056491424499975,0,.0024923106240705,.0178101916785851,.0361290079117658,.025225087154363,,.7765764443092801,.3154414542699344,.9883220943918087,.9273438707142259,.5685681012062279,,.0229,.0036,.0177,.0051,.0405,,.2807,.0403,.2464,.1296,.1487,,0,.005521006503918,.0320116082207728,.1165807466910085,.0611705797184019,,1.1380960204518,.3115076443609029,.8391687211895589,.7329205241242115,.5360556238938173,,.0057,.0014,.0262,.0061,.0625,,.2271,.0347,.182,.1121,.1525,,353181,103,2024,32.65650684931507,23538.56312785388,7402.321118721461,2432.132876712329,5708.557420091324,,1000000
106,.0412,.033977762,.4605,.37909999,27889000,.0168,.0037634995091088,0,.010878603563722,.0114037606079231,.0048827158926003,.0600337272190187,,.1812207172425004,.0508621670065463,.0839465985897174,.1075819572448641,.3535997470054368,,.2576,.0489,.0621,.0588,.1532,,1.0884,.5871,.5942,.6647,.8852,,0,.0048818699574622,.0114575476343816,.0029798544866891,.070387851048138,,.6990348906293241,.0393187873860493,.0549723428403671,.034203130733104,.1604011086176569,,.3692,.1604,.0659,.0908,.2174,,.4994,.3383,.3664,.336,.5678,,275386,106,2024,117.9746575342466,2306.641324200913,4444.250114155251,2651.768264840183,20757.39006849315,,1000000
111,.0254,.02254256,.6488,.45809999,74493000,.0124,.0012093283772086,.2927040577996423,.0893188555463744,.0168336551682632,.0125342845542964,.1542047088804512,0,.7327220777152772,.5288447937907593,.5074902209018749,.2733015149448629,.5231224810911148,.7612613235064081,.2379,.0286,.017,.0296,.115,,1.0911,.362,.3546,.2531,.5715,,.8565888797256779,.0463579938674395,.035150719787609,.0199527647633758,.4590431582592885,0,1.187004459218843,.4544470707574303,.4048964097898376,.1618206895098634,.4949160475109413,4.381481839736883,.3955,.042,.024,.0292,.2085,,1.1262,.2033,.2433,.1478,.3951,,1378193,111,2024,1585.764497716895,21769.64315068493,63231.58641552511,8986.575684931508,34088.74337899543,206.5272831050228,1000000
112,.0249,.025633438,.5610000000000001,.50459999,25596000,0,0,.4308820627878527,.0027809930446579,.0673496619548256,.0337264785710867,.0675103048990999,,.0944196717984565,.014116567182371,.0034126620484678,.0041111938500796,.0172231044157923,,.2674,.0476,.0321,.0189,.027,,.6037,.2632,.4121,.4069,.4722,,.7780350938510595,.0020274509855318,.1139514794491321,.0112736195125166,.0957135676200709,,.1347112311222102,.0182356376063863,.0049199211198745,.0052075122101008,.0168310519666948,,.3229,.113,.0747,.0229,.0372,,.5078,.1953,.2457,.1883,.2429,,172353,112,2024,101.2505707762557,9581.183789954337,3781.512100456621,1454.820776255708,4003.615068493151,,1000000
113,.0444,.040605657,.5123,.42879999,5217000,.0326,.0588318085855032,.8178903081183382,.0695742419640447,.068878227806848,.0222976569340795,.3188993230215956,,1.683815391108266,.7184335640828206,.3584568802352924,.2708358798220308,1.143392508548518,,.8436,.132,.0834,.0952,.4366,,1.3858,.5590000000000001,.4158,.3307,.9103,,2.017974269020907,.2249523618293184,.1521519334556891,.0185910134506459,.833495056383082,,1.159649677936984,.3570204215759052,.2065670448239102,.1428798833319258,.7206015885297506,,1.1893,.187,.1048,.1358,.647,,1.1865,.3179,.2237,.1297,.6703,,91933,113,2024,549.6279680365296,1189.921689497717,2507.282077625571,821.8557077625571,5004.13904109589,,1000000
118,.0324,.030512063,.515,.48649999,23818000,.1195,.1172826419805432,2.197982366047861,.1832414730888037,.3963936034703003,.4298302618168599,1.311749457769348,,4.66268044919962,.465554091647828,.5652416784267218,.7003999649227096,2.046044624244283,,1.3747,.3013,.2419,.2228,.7234,,2.961,.5337,.5639,.6594,1.7688,,4.159812299306715,.2174161550674032,.7604254434672694,.4572125697733767,1.669033798764555,,3.034162808778832,1.387044780744006,.5163776558932842,.6352048875622368,1.85384337001192,,2.0961,11.2499,.3954,.255,1.0106,,2.893,.5686,.536,.5688,1.8077,,843568,118,2024,273.5357305936073,25633.87077625571,29864.90239726027,7218.241438356165,29879.21621004566,,1000000
121,.0386,.030863846,.455,.382,23126000,.0297,.0456984096570224,1.074993565244099,.0726228322860813,.1998294103161248,.1270611016968021,.2769341238193171,,.4616931951645243,.6105206015670194,.2752517874747187,.1907658832980346,.6159756827334016,,.4115,.1611,.1513,.1662,.3028,,.9526,.2981,.294,.1794,.5758,,.7263521458919581,.0997801502684516,.6173285813028123,.1951695820839095,.4807852522128759,,.35059596293869,.6425276379756238,.1749222969821744,.2368942722135251,.5942136481595536,,.4793,.332,.2574,.2795,.5502,,.7174,.2991,.2725,.1725,.6561,,140002,121,2024,52.7777397260274,3363.771917808219,3536.483904109589,1210.146575342466,8014.336529680365,,1000000
123,.0315,.027288796,.3645,.36899999,45127000,.1411,0,.1948349449012563,.0430568318340048,.0698823369694258,.0687192068863688,.2147876093590113,,.5028212485833473,.1476640805685595,.3427896128499524,.3245550719729595,.5591970525149306,,.2937,.1552,.1914,.1468,.2801,,1.7445,.5531,.8824,.7717000000000001,1.3227,,.3839857973041402,.1109635281661363,.1523045310611248,.4042782863779673,.5234325730189625,,.2782639274030849,.1036700285371499,.2585871874494713,.2131470269009347,.5594619004846518,,.3001,.2281,.196,.2182,.2836,,1.0431,.4794,.6627999999999999,.666,1.0841,,465026,123,2024,9.468264840182648,7402.844634703197,5620.31803652968,2232.827397260274,18567.73710045662,,1000000
126,.06,.094822697,.4763,.35510001,4280000,.4658,.0057923045097228,.1005782515434994,.0910877817004221,.074760447902087,.0074286096669912,.1554345397785361,,.8934505604445498,.6288150664932446,.8105983575822479,.3695934459348577,.7987335572919468,,.5822000000000001,.5221,.6804,.4968,.7009,,2.5398,2.5658,2.7571,2.4398,2.6621,,.2068744239913222,.1514483184243357,.2142739419790162,.0142381685283997,.3200170652859923,,.8583400438061115,.6744730753236183,1.381581660031261,1.246150108103199,1.506125557611665,,.9167,.9628,1.0959,.6562,.9444,,4.2118,4.0611,4.7328,3.2893,4.2114,,28200,126,2024,209.9503424657534,86.01141552511416,304.1373287671233,143.2970319634703,2167.073858447488,,1000000
127,.0303,.02584628,.42,.29820001,17780000,.0034,.0509190457567462,.2690650792298093,.0433886728574265,.029723329107666,.0520127498265395,.1151714639103415,,.9184927532522443,.7617022241042795,.9671085981299027,1.717065796833318,1.39988587434386,,.3696,.0315,.0358,.1265,.1868,,.6835,.1625,.2396,.383,.3678,,.6633538038093781,.0897290974227714,.0456586831803983,.0920989147909676,.2912136404315521,,.5833090131755431,.4399060905477645,.6777949785924384,.9802115446592486,.938063114808997,,.525,.018,.0244,.093,.217,,.7556,.0966,.1575,.3063,.2811,,306311,127,2024,1962.421803652968,5338.945776255708,6251.658105022831,2868.514269406392,8017.878652968036,,1000000
128,.0279,.023154275,.5952,.53280002,33013000,.0018,0,,.0126607419123001,.0580587186872675,.0194412065135764,.0910413986406545,,,1.068450993026882,.8544231631687829,.57343612444173,.6653563553659004,,.0011,.0549,.0149,.008,.0195,,.3333,.2621,.2732,.2503,.3182,,,.0210039993152143,.2467921919024101,.0355943795057492,.1123755634292383,,,1.562235140551573,.9653710861205838,.7154120199106077,.9180845452136578,,.0004,.1816,.0431,.0196,.0432,,.0333,.0582,.2116,.1791,.3567,,429208,128,2024,,14231.25102739726,15930.60479452055,5025.590296803653,12764.20045662101,,1000000
130,.0357,.030399609,.5541,.49700001,32491000,.0006,0,,.000702306269588,.0148855991745396,.0526396371012388,.0470400782888425,,,.5706713586323978,.1289597294336227,.1119761299808049,.2632375431354332,,0,.0625,.1964,.1299,.2805,,.3333,.0992,.2504,.2995,.2388,,,.0010786786638004,.0364012249037189,.1265832048390441,.0589212292713154,,,.4324622024050956,.1189164155360718,.0962056692189882,.2013641721986294,,0,.0132,.0569,.064,.0997,,.1722,.1059,.2408,.2645,.2825,,500763,130,2024,,6073.596803652968,23285.63721461187,3786.909703196347,21758.08812785388,,1000000
133,.0408,.04033624,.5753,.43799999,34084000,.0275,.060241634652859,.2852117928916624,.031069554374517,.0401831565373501,.0246998821916812,.0741532678984502,,2.096673554909726,1.061223211452895,.9034038169699087,.6311455104952735,1.050487618833858,,.1941,.0482,.0332,.0317,.1099,,1.4192,.449,.4421,.4449,.8279,,.4059947984983081,.0756269555772091,.0405841626391623,.0009879554893553,.1370823298301935,,3.45522013287997,.8165944699389496,.7454800400885341,.434470078765311,1.206898762239037,,.4022,.1007,.0801,.0621,.2414,,3.0181,.7134,.3842,.4351,1.3597,,273972,133,2024,693.2819634703196,2265.288584474886,10458.05525114155,2863.563470319635,13170.6801369863,,1000000
135,.0453,.024182757,.597,.5438,13024000,.0564,.1477814448111478,.0110986313061245,0,.0703726702368039,0,.0200207255795892,,2.223114651434736,1.021421899995927,1.543484859703043,1.459000836948432,2.044853703146313,,.0926,.0324,.0261,.0207,.0598,,1.2152,.8371,1.1102,1.1045,1.1927,,.0314461220340194,0,.1559149111870247,0,.0456937488264488,,3.610825656098039,1.095468695243159,2.10447020474996,1.855927543364172,3.046672891019763,,.1696,.0689,.0251,.0452,.1126,,1.4169,.8804,.7445000000000001,.6293,1.1182,,81463,135,2024,617.9440639269407,5283.038242009133,633.6811643835616,413.8212328767123,2130.691552511415,,1000000
137,.027,.031572893,.501,.50660002,18543000,.0029,.0057239057239057,.1384680829403616,.0125657908011109,.1062478322572598,.1820640563858199,.2674071300170521,,1.21985013143495,.1845115437190297,1.03909820752588,1.111250191897857,.8858374634478874,,.0638,.005,.0619,.0616,.0785,,.5826,.0957,.2436,.2244,.244,,.3823735370362963,.0031414477002777,.0337508898290177,.045516014096455,.1122792069195083,,2.344369772749034,.2058800181475846,1.143898899988451,1.369123173972115,1.133782338712903,,.016,.0013,.0155,.0154,.0198,,.8263,.079,.1662,.1314,.2071,,135591,137,2024,156.9868721461187,6291.38904109589,2780.823858447488,939.1590182648401,4821.336301369863,,1000000
141,.029,.02549758,.676,.63010001,22221000,0,0,0,.0013200976754566,.0473703846769513,.0207026524284184,.1032116987904522,,0,.2138749423418434,.1980877981833979,.1693683986794386,.1172191685577497,,.2454,.0242,.0724,.0627,.1696,,.25,.1034,.0721,.0618,.0806,,0,.0003300244188642,.0511810647390205,.057598256994274,.1368394636389625,,0,.035988855145465,.0576516691396552,.0282280664465731,.0333117435654062,,.6283,.0083,.0518,.0422,.1665,,.375,.1711,.1226,.1234,.1481,,154799,141,2024,.9584474885844749,6012.596461187215,4933.517579908676,1363.125799086758,5049.181392694064,,1000000
143,.0333,.031731814,.5567,.46959999,37285000,.0157,.026620117826751,0,0,.00027239469405,0,0,,.7660282833912658,.0667130844237154,.4614439263473203,.2217247391118308,.6794996031296845,,.06,.0034,.1108,.0726,.1042,,1.0685,.1576,.4641,.4534,.7465000000000001,,0,0,.00027239469405,0,0,,1.217819603543169,.1091301936014757,.663724568500068,.4325436317611864,1.222500003004117,,.0179,.0012,.0637,.0302,.0684,,1.0955,.135,.4117,.3603,.7111,,311517,143,2024,1002.782876712329,18332.61575342466,2278.539611872146,1067.677853881278,11684.88961187215,,1000000
144,.0486,.054389872,.4349,.31200001,4658000,.036,0,.0633205305995019,0,0,.0001016346850142,.0115098533474734,,.5010680239016633,.1114281303729886,.4046478932544845,.0962274777840493,.7350309433589304,,.2344,.0361,.1536,.0156,.1189,,1.0842,.4133,1.1405,.2705,1.1433,,.2571993596212907,0,0,.0001270433562677,.0381299180821592,,.1409125517615255,.0285752941447844,.1324588951477327,.0332371332807817,.2227379886292973,,.2869,.088,.208,.0328,.1977,,.7171999999999999,.4222,.8159999999999999,.1739,.7603,,17062,144,2024,157.2271689497717,21.4453196347032,97.59908675799086,188.6962328767123,1376.852853881279,,1000000
146,.0253,.019297788,.575,.51359999,29428000,.0166,.0011393847322446,0,.0000507597587266,.0160054695942255,.028131795983923,.1065083758077221,,1.26739040987498,.0539686080986995,.3571032458247894,.1554358746668059,.6491314044239387,,.1242,.0072,.0119,.0139,.042,,1.3401,.3078,.1688,.1327,.5467,,0,.0002243912377622,.0212481862769954,.0247565311979441,.183090639895538,,.6711170543862426,.0501134689598642,.35938613305978,.1266649388372393,.596691386085663,,.284,.0042,.0237,.0112,.0789,,1.8458,.2319,.1724,.1189,.5863,,233861,146,2024,18.03367579908676,11379.59646118722,4813.159132420092,2108.028424657534,7250.183333333333,,1000000
147,.041,.039663017,.5570000000000001,.4826,6440000,0,0,.0024263839811543,.0182562815511792,.0819852717237642,.1643024346521823,.4728972000818634,,0,.0033129223543661,.0385713240220772,.0018070128477628,.0421848280870223,,.2315,.0443,.0223,.0227,.065,,.5155,.137,.1636,.203,.2046,,.0002021986650962,.001975573652547,.0161067367056408,.0136918695543485,.1317724269668896,,0,.0012340960241445,.0312321925180848,.0006023376159209,.0643576745868286,,.1162,.0275,.0122,.0024,.078,,.5361,.1787,.1997,.2341,.2581,,59350,147,2024,4.845890410958904,1102.366552511415,2009.057534246575,150.5423515981735,3239.559817351598,,1000000
148,.0366,.027685063,.5447,.46970001,15678000,.0001,0,.059157897130211,.0164465553400597,.0282158617027316,.0214209718388932,.1232487005495016,,.0235100630193984,.0432961336544687,.1956996629017224,.2675112773984838,.3614270532359456,,.0771,.0217,.0419,.086,.1247,,.3006,.2696,.2018,.2129,.2185,,.1315887103191897,.0420398680682344,.0492235891140302,.0260402884815459,.2575344372025353,,.0219427254847719,.0564135076472587,.1697036094720145,.5727746489840202,.4304647153395926,,.1592,.0408,.0865,.0641,.2714,,.3637,.2361,.1799,.2042,.2318,,223803,148,2024,30.12408675799087,2409.402397260274,10507.95821917808,581.5365296803653,11223.19760273973,,1000000
152,.0269,.031470239,.5909,.50230002,28045000,.0671,.0000828088771116,0,.0454829028766744,.0741409650138063,.0126769440910175,.1073414579894402,,.1841334345190009,.0147600130562255,.1307416403923852,.0997849135015488,.3795333396863141,,.4211,.0295,.0964,.1759,.1144,,1.4556,.6478,.6287,.6437,.9427,,0,.2234964355607958,.2733175920265116,.0463384582957608,.4087146116405108,,.0122755623012667,.0018210539439585,.0352309468540157,.0176148088452075,.1967253861507603,,.5231,.1492,.0351,.0449,.1244,,2.1129,.6954,.4767,.405,.8865,,251857,152,2024,13.98938356164384,14022.94703196347,3443.325,1411.399885844749,8707.667465753424,,1000000
156,.0559,.051936563,.5284,.31,7342000,0,0,.6875274537828804,.8232257689773814,.6644990870288313,.8308989933165425,.8076134823013199,,.5435949349024819,.3560247197778091,.4040539505871314,.2886202144686431,.4000478704750256,,.0081,.0003,.0007,0,.0077,,.1916,.1024,.137,.0573,.1065,,4.18245867717919,4.527540214986044,3.901094305463481,4.539018491542148,4.215955770139851,,.4951527489458862,.2866133303169864,.3217022025994801,.2261879871404553,.3211011655821742,,.0248,.0009,.002,0,.0237,,.0527,.0141,.0509,.0255,.0675,,46345,156,2024,51.19646118721461,74.68184931506849,471.1397260273973,420.7382420091324,3924.688698630137,,1000000
157,.0322,.038562279,.555,.52389997,24550000,.0192,.0537572669202612,.3323543898730033,.0466382295719105,.0863226942567375,.1922335027357867,.357134133272524,,1.692478477523437,.0552504595384529,.3386779120910106,.4534968165137667,.8979161360978754,,.2951,.0244,.1033,.1096,.1864,,1.1815,.2012,.207,.3502,.6504,,.6412611358564789,.0859182181340023,.1041742947326525,.3053261744713365,.506759123333956,,2.314379409550006,.0561375768229835,.4239669350726899,.4898461717188688,1.281922281552163,,.4509,.0582,.102,.2055,.2951,,1.4132,.2763,.2712,.4582,.832,,214562,157,2024,647.5390410958904,7210.927853881279,4861.994406392694,2022.261757990868,8766.27705479452,,1000000
158,.0433,.037108302,.4617,.41580001,4933000,0,0,0,.003659762108117,0,0,.0124185967409427,,2,1.901151162426246,1.968525511980939,1.968885563729506,1.877947725105349,,.0086,.0393,.0508,.0376,.0601,,.0097,.0893,.1684,.1888,.1344,,0,.0006099603513528,0,0,.0020697661234905,,.7166666666666668,.7304640628632174,.74719286524234,.8636782737864229,.8909639324763927,,.0039,.0056,.008,.0054,.0148,,.0145,.1345,.2038,.1757,.16,,29104,158,2024,28.98127853881278,233.0977168949772,574.6046803652968,370.6196347031964,4590.515639269406,,1000000
160,.0354,.027006403,.55,.4298,36018000,.0282,.020341564233656,.1868848744618073,.1224150546440303,.0294212126442493,.2480075161549951,.1241744686134863,,1.470505529339402,.216985818319447,.1759586495733461,.4244113813335673,.7382633341277279,,.298,.0458,.0528,.0817,.1926,,1.3286,.4565,.5238,.5258,.8257,,.3525216760641395,.1331613575804162,.038796232338347,.1151357571973905,.2975105620517275,,1.538465897295189,.2569221105780745,.506869136737584,.7812372132457237,1.157953645851067,,.6084000000000001,.0708,.1158,.1533,.3325,,1.778,.4758,.4867,.5354,1.0773,,391833,160,2024,1032.836187214612,8706.735502283105,19726.90605022831,1435.932876712329,12678.78869863014,,1000000
163,.0491,.04131477,.47,.37,7391000,.0029,0,.576900732082262,.0489314366813902,.1445947210944732,.1498698109967136,.2559306224017868,,.0752998121108535,.0088181922794345,.1333749377378529,.1555962350708362,.2856301873895937,,.2033,.0837,.0846,.1257,.1331,,.5965,.3924,.3717,.4014,.3063,,.5544341711644376,.033062452605831,.0833822108041245,.1646558081227071,.1649958395321802,,.0547735937598029,.0103317321357792,.1075125265854071,.0625665984551002,.1807302210226994,,.3064,.0705,.0705,.1782,.1567,,1.0187,.2497,.3015,.3406,.3591,,39429,163,2024,209.8536529680365,386.8869863013699,493.888698630137,313.7342465753425,2881.958789954338,,1000000
164,.0482,.042278949,.4345,.333,15968000,.0168,.0819897512810899,.9011310919611162,.3248100203320443,.5765364649358327,.5367759607664756,1.189968374156161,0,2.920112818800229,1.208710819259285,1.47653168045027,1.540219251040039,2.015402036697273,2,.3351,.0396,.0634,.0499,.2557,0,1.3652,.2831,.5412,.5724,.8297,0,.9309707490681121,.1661782999226568,.2574093574160802,.3091620619971216,.8125681449526664,0,4.880453078075357,.9297689643332609,2.004311492679063,2.165887166332346,3.691141591369135,.9166666666666665,.4047,.0612,.0667,.0664,.3335,0,1.133,.1657,.312,.3055,.5974,0,115211,164,2024,471.722602739726,1021.90399543379,2185.526712328767,688.8852739726027,8080.893264840182,142.0815068493151,1000000
167,.0376,.037543841,.65,.417,16110000,0,0,,.5034821175151202,.2927449414512192,.4123912797398194,.1736399931926609,,,.1188919682078902,.1587916673907399,.2818905591857243,.3033599966379882,,.2368,.0763,.1169,.0456,.1337,,1.0591,.0337,.1576,.2423,.1779,,,.025174105875756,.014637247072561,.020619563986991,.055177967838466,,,.2360960798807654,.4990345498801757,.7976153642301105,.864099199451494,,.2803,.0035,.0037,.0018,.0133,,1.1419,.0315,.1845,.2358,.1691,,60729,167,2024,,890.4595890410959,1760.503652968036,172.4478310502283,3726.839726027397,,1000000
169,.0368,.044545442,.495,.3646,42907000,.003,.0659908872165054,.4215601441661481,.0547185484183724,.2406869522149775,.1299878389338204,.2149890381224347,,2.498488166588039,2.47220010466203,1.395086421060667,1.272793587067329,1.31211098062327,,.3021,.1712,.166,.192,.2644,,.9935,.38,.5391,.4708,.588,,1.378940046516942,.1238224563132115,.4553660049320115,.3191421918516367,.5821641999596235,,2.806342042638125,.9941894088001162,1.645519059642768,1.446096586116787,1.390493452638345,,.4454,.2293,.2073,.2733,.3789,,1.3371,.3934,.6466,.5854,.7712,,315745,169,2024,2205.281506849315,5901.797374429224,7902.492465753425,2103.426484018265,15911.099543379,,1000000
170,.0319,.022674182,.5863,.52740002,25493000,0,0,0,.0030023017885254,.0113619929542908,.0112433294040113,.0310708992347412,,.0167436659506224,.111021130478386,.2522473767757346,.2060223938516698,.1772592588961054,,.0244,.0624,.0995,.0563,.0863,,.6578000000000001,.0844,.3392,.3368,.3443,,0,.0004717241051215,.016587752001521,.0232148896880357,.0542846434661241,,.0111624439670816,.0638818186883217,.1632461096997741,.1512609871395776,.1388231690065422,,.0012,.0082,.0453,.008,.0306,,.5571,.0899,.342,.3318,.3732,,310794,170,2024,3.879337899543379,4472.747831050228,13110.24942922374,6883.22899543379,10105.54086757991,,1000000
171,.0358,.030724023,.4591,.36899999,4841000,.0001,0,0,.0039833104392771,.0182305413353085,.0367455207767634,.0545461173942761,,.9753553854565337,.5403167701094782,.0282941651129021,.2866459742129123,.0938683813669257,,.6172,.0061,.0324,.1454,.099,,1.2015,.0123,.0348,.0345,.0984,,0,.0014965201056429,.0100266530007175,.0765531682849237,.0658354313287643,,.6189486513577547,1.00810438349649,.0372539840653211,.3774171993803346,.1158799661209761,,.3449,.0099,.0667,.2116,.1443,,2.8531,.0102,.0198,.0126,.2255,,53769,171,2024,16.70319634703196,1743.604908675799,985.9076484018265,460.1343607305936,2739.849885844749,,1000000
173,.0362,.029233193,.5477,.50999999,35388000,0,.0001010645465571,0,.0000694398114652,.0342821051740743,.015121061859091,.0207851792626941,,.7574569256508848,.1392211677977847,.109257664747641,.1108472531828208,.2203895259431362,,.1945,.0017,.0123,.0236,.0345,,.4612,.3144,.2485,.1868,.2302,,0,.0000705739950525,.0275201728207874,.0084780982488831,.026503301546067,,.2777342060719911,.0624193303389288,.0693657634916778,.0610423085456672,.0969665300880915,,.1232,.0046,.0195,.0203,.0901,,.5412,.1663,.1621,.1255,.1183,,468919,173,2024,19.44577625570776,5027.184703196347,17492.32888127854,3707.188127853881,25190.1147260274,,1000000
175,.0384,.031055311,.475,.46399999,30733000,0,.0046331079388931,.508723794884705,.0957646458064828,.1904971727066997,.6313160789056295,.4438879092521472,,1.976382430687192,1.436182108610071,.3707870531079218,.3948778988227712,.6278805194262655,,.1189,.0611,.0221,.0349,.0492,,.2146,.0877,.036,.0475,.0455,,1.335326479338086,.2251830214711137,.3696570995842812,1.219801638760141,1.093480611001285,,3.504341690105137,1.232035212017918,.3402126975850698,.4765389158198471,.8642862426053626,,.1065,.0234,.0564,.0678,.0336,,.2133,.0843,.0313,.0484,.0544,,168216,175,2024,428.9624429223744,2261.443378995434,7639.593721461187,753.6371004566211,7531.149200913242,,1000000
178,.0333,.027797526,.5674,.52149999,26106000,.0013,0,0,.0582205881419194,.0412933609063017,.0244855534948929,.046245050651724,,.0520060405342478,.1250150922787259,.1938666866088701,.0807511795212329,.1673854145583555,,.0726,.0241,.0323,.0141,.0754,,.3797,.3657,.4879,.4714,.5556,,0,.1186008346215807,.0594543448857767,.0171704399548556,.0465600057149749,,.0546063425609602,.235966998336886,.1668125124627497,.0770289509449683,.1308734436775438,,.1486,.0479,.0411,.0215,.1157,,.4208,.5797,.4602,.4011,.5561,,569655,178,2024,52.46141552511416,6993.695319634703,29525.2002283105,7118.436529680365,20134.1600456621,,1000000
183,.0352,.031616975,.5024999999999999,.46959999,6632000,0,.0004307559767392,0,.0866961957742072,.0572551828988783,.0117882900834283,.0838943728484222,,0,.0143768843707507,.1418201828222273,.0835234662006855,.2102244408717453,,.4357,.0824,.0531,.0411,.1633,,0,.2819,.3231,.2577,.2103,,0,.0605434978292046,.0422440101536073,.0098463613028934,.1363461229237446,,0,.0194517227298835,.1091971067633275,.0544033953988024,.2134851948758664,,.1458,.0333,.0228,.0228,.0793,,0,.1408,.1262,.0957,.1212,,125945,183,2024,6.710730593607306,2557.72705479452,3403.023858447489,1818.653310502283,6072.319634703196,,1000000
184,.0428,.049390987,.534,.28389999,38231000,.0069,.0037198921231284,.4399019095968282,.1368095079571724,.1484587872246003,.2593037853751609,.4103986195869716,,.9420278101147546,.2653356702902172,.4514111777442338,.4061607416203534,.5834506436334855,,.3597,.1473,.1996,.2094,.2267,,.9311,.2117,.4183,.5491,.4968,,.8827569184607795,.4157993013174786,.2084220419988815,.4183953552962584,.5595521956529028,,.4871958947303159,.1067260423874545,.2082732658229757,.214333592744143,.3246770019482861,,.5042,.333,.2369,.3682,.3007,,.6692,.1238,.256,.2987,.3159,,319451,184,2024,3627.256849315068,7026.270547945205,5135.251255707763,1743.941438356164,16078.37226027397,,1000000
185,.0361,.035483956,.5745,.45919999,14092000,0,0,0,0,.0055056112181025,.0041852013921692,.005139004621256,,0,.0139033318703055,.3356450545344811,.066502739999942,.0388874404060918,,.0679,.0008,.0054,.0077,.0275,,.1239,.0866,.0676,.0214,.03,,0,0,.0025692852351145,.0019530939830123,.0021115081925732,,0,.0062228171050428,.1547696640353441,.0289973232716942,.0146432131192283,,.1766,.0002,.0015,.0157,.01,,.0362,.0236,.0217,.0042,.0105,,75048,185,2024,29.02899543378996,1891.107420091324,1648.981849315069,1181.756849315068,3512.308904109589,,1000000
186,.0295,,.615,0,52812000,.0262,.0178994327256705,.157772406619592,.0413596123449789,.1070802787248102,.1541741836992329,.1429864252800879,,.8622349830863154,.0309653754923108,.1580843495128993,.4650457342108347,.410672050754902,,.1815,.0426,.0997,.1102,.1665,,1.2815,.2801,.5236,.7611,.7866,,.2335339504170311,4.23940554797303,.2869689706227744,.193705572038159,.1561649806510558,,1.053044766000614,.0407838979941252,.1645611609789891,.4477514886378298,.5546328737770757,,.1856,.0741,.1758,.1827,.2819,,1.6888,.2466,.5183,.798,1.0246,,0,186,2024,835.7300228310502,44864.23184931507,31796.37420091324,4656.409018264841,34854.94520547945,,1000000
187,.0379,.025662901,.472,.39300001,12187000,0,0,0,.0112650263485997,.0115043745028974,0,.0274126330188295,,0,.0005150478614694,.0056029598522741,.0012473997598967,.005875212408561,,.128,.0544,.072,.0357,.0849,,.0685,.0463,.0606,.0655,.0943,,0,.1116392090487014,.0279677943214555,0,.1036134767700222,,0,.0025752393073471,.0056029598522741,.0012473997598967,.014725874980652,,.1135,.2254,.2858,.0729,.1483,,.0685,.0755,.1043,.0837,.1592,,87909,187,2024,190.9163242009132,2263.166894977169,2363.008219178082,606.2840182648401,4354.277625570776,,1000000
191,.0347,.029428873,.6109,.4756,35331000,.0254,.0267607299097466,.1339784303090822,.0927354902217264,.1373452803946637,.0118545287656453,.0402281596318429,,1.660813822444576,.8091178726575592,.7404290943047884,.8099434704537688,.5605654800023306,,.1793,.0522,.1291,.0725,.0933,,1.6265,.1104,.1806,.1231,.4831,,.4816644955047656,.3117245686994154,.4371850805577043,.0101954632725026,.0997256670191375,,1.728198267914057,.7672770484826363,.635868782507662,.6319323743795122,.5795168689697983,,.3201,.0544,.1407,.0691,.1771,,2.2062,.1426,.2662,.2139,.7874,,348977,191,2024,67.56267123287671,4844.451940639269,12226.29874429224,4805.544520547945,16716.20627853881,,1000000
193,.0528,.035316441,.44,.359,2836000,.1644,0,0,0,0,0,0,,.6758553274682306,.3313825792263145,.2274577153009028,.0958255018716535,.3481203942051631,,0,.3583,.1774,.142,.2459,,1.5011,1.0784,.7638,.6485,1.1019,,0,0,0,0,0,,.6645910720104268,.3258595362392092,.2236667533792211,.0942284101737926,.3519948263711684,,0,.1828,.1439,.2289,.3756,,1.0498,1.1214,.7551,.6471,.9926,,16338,193,2024,6.422945205479452,80.40445205479452,462.9617579908676,79.50262557077626,1154.476141552511,,1000000
195,.0342,.03258089,.4955,.419,37954000,.0023,.0031389637726652,.2234391415739449,.016823379639101,.0695803118501127,.0394257086983521,.0769914548763611,,.8026463323974118,.4181387579378269,.0796807730264384,.0665702304510513,.1792283355059038,,.2788,.0787,.0902,.0531,.1252,,.5397999999999999,.2869,.3118,.2646,.3418,,.2245801666635946,.0171964423105758,.0952365800405317,.0363083541122614,.1183831960910917,,1.310429184867977,1.090235041195917,.0595730382283872,.0630044368905209,.3324081191677378,,.2735,.2342,.1661,.0983,.1644,,.7919,.3213,.284,.2274,.3995,,347136,195,2024,297.2840182648402,8071.414497716895,10574.53184931507,3599.353881278539,15599.31312785388,,1000000
201,.0546,.040707171,.3651,.4073,7709000,0,0,.2959099311708531,.130742745441463,.2981934479589438,.0251811876667874,.1913498209915188,,.7580304617272822,.6971116249247504,.5924364267923484,.453871599891865,.6413689433319055,,.5049,.3463,.4123,.3789,.4618,,.9545,.6927,.8326,.8182,.8817,,.204804344058609,.1312091310343027,.292411241310383,.0224935565877977,.1407075128787075,,.7056114584556565,1.17209256869816,.7238411355157206,.4681034363494072,.6393530783334833,,.2879,.137,.1867,.1694,.2113,,.7752,.5731000000000001,.6865,.6904,.7043,,37954,201,2024,482.1680365296804,215.6060502283105,486.6481735159817,203.5340182648402,2607.877511415525,,1000000
203,.0391,.028133433,.3458,.31670001,13432000,.0382,.0008665511265165,0,0,0,0,0,,.7435022471177388,.6795040731371782,.1109055214666215,.1806670007090471,.44652790538699,,.3547,.1296,.1244,.1347,.1934,,1.4808,.718,.8595,.7337,1.0401,,0,0,0,0,0,,.9246445118287985,.1360403441114766,.0644814170644155,.0421479329622089,.327970456503684,,.4661,.1512,.2941,.071,.2747,,1.4537,.544,.3956,.4187,.728,,87085,203,2024,845.5021689497717,2149.510502283105,2232.8149543379,827.6914383561644,3147.143607305936,,1000000
204,.035,.033454515,.4668,.3707,27212000,0,.0000398612827361,.0022922817728402,.002185130687144,.0017830644192857,.0001429674874739,.0034079292150694,,.0851106774091311,1.058615032922156,.663278963625265,.5509628580946221,.520979923341511,,.0871,.0079,.0036,.0032,.0178,,.2785,.0602,.1687,.0917,.1854,,.0059217279131706,.0021051598755033,.0021810507001758,.0003322568461424,.00428070417989,,.0369991298158991,1.07950057295064,.565204283544387,.4344325074584891,.3599557654653343,,.0805,.0202,.0052,.0034,.0235,,.2963,.0501,.121,.0897,.1806,,353465,204,2024,684.3493150684932,4713.311187214612,11094.61883561644,3943.643378995434,14913.68173515982,,1000000
205,.0462,.044333436,.4076,.30050001,18797000,.1061,.0108450821723534,.1913062384634648,.0400226732827087,.145855368997485,.1992428613786713,.1498850782411003,,.7732101177311458,.2794328844204712,.4949282482118536,.6856734625414874,.6341561387084659,,.346,.0776,.1861,.2049,.34,,1.681,.7874,1.0622,1.2154,1.3452,,.2863857535834432,.0758745262839329,.124275999995379,.3194841119957108,.2403922047569493,,.9230854541985872,.2670296699867852,.4818526516710181,.4824717850145168,.7706188578119977,,.3035,.0956,.2237,.1296,.2585,,1.5883,.8518,.8532999999999999,1.0406,1.2207,,207789,205,2024,2686.088698630137,5363.261301369863,3425.590410958904,556.7102739726027,10100.3799086758,,1000000
235,.0306,.042934284,.662,.55519998,29988000,.0014,.0114942528735632,.1180495835397617,.0429658686436056,.0087240102991538,.0051297887612382,.0028755864328686,,1.650992650017306,1.683363624366709,1.734573838858924,2.229650192827861,2.065796060538795,,.0308,.0037,.0025,.0051,.0107,,.883,.6695,.6152,.6965,.8164,,.2320599839769537,.0031908978615267,.0033173638668598,.0055244514442827,.0073274216013902,,.6616734905194821,.809467347410084,.9303527457817897,1.230025779320581,1.126749914043042,,.0536,.0103,.0035,.0118,.0143,,.702,.4737,.3977,.4799,.5732,,216121,235,2024,117.7432648401826,8581.13698630137,5824.213926940639,2814.988584474886,6276.702625570776,,1000000
239,.0341,.032397464,.8423,.91009998,16217000,.0417,.0203606311044328,0,0,0,0,.001182478814831,,2.787475882782446,.9723333769065261,.9667617936618484,1.056110500722702,1.085557110487681,,0,0,0,0,0,,2.6322,.6832,.6975,.7184,1.0319,,0,0,0,0,.0037248082667177,,1.44836616636101,.2967020953946068,.2597296513145005,.2309584096764709,.4284615295333224,,0,0,0,0,0,,2.2363,.3684,.4226,.417,.772,,196003,239,2024,126.7946347031964,4508.762671232877,6551.92397260274,2275.833789954338,7894.471803652968,,1000000
242,.0432,.045777068,.4558,.3511,10195000,.0018,0,.0792328235425451,.1410003185261927,.2295977472549501,.2291288845350306,.2313240454749782,,.6333937296591758,.1553762357518039,.3941488497933458,.2395323549177709,.4888940591680169,,.2354,.2659,.1923,.2479,.382,,.4816,.507,.5288,.4502,.6915,,.2292092661130814,.2135632975421063,.4376464889801814,.3407810673767281,.3259024450327683,,.5741412558428436,.1007327351916099,.3185440189179547,.1750840129684542,.6348062647210522,,.2978,.4477,.2916,.2137,.5181,,.5637,.4581,.4961,.3158,.8198,,61166,242,2024,132.9372146118722,624.3079908675799,1176.079109589041,246.811301369863,4408.465753424657,,1000000
243,.034,.034356553,.4653,.48590001,52659000,0,0,.054927546672597,.0824722061572341,.0367945848480784,.0110345390395047,.0940762933444213,,.3386680156067776,.0567127124702443,.0234965989513299,.0508148556570534,.1084677054682973,,.2433,.1061,.0568,.0987,.1357,,.2409,.1875,.2212,.2821,.3852,,.2815940410675002,.9768673129244498,.0314533719603624,.0221650512531051,.0865333068210838,,.4240030511243429,.023483324768638,.0203067937330455,.0383510811357108,.0905628495656939,,.3561,.1443,.0672,.0377,.0607,,.294,.1666,.1685,.2426,.2848,,431970,243,2024,218.6732876712329,6729.823630136986,21682.91073059361,4272.046917808219,14837.63184931507,,1000000
246,.0443,.043679897,.4076,.27669999,6717000,.008,0,.0005779317540697,.2892440784262436,.2137580115375315,.4926656760662819,.1728158474066485,,1.550354516875087,1.073195366316458,.6820750168908254,.7202126833812004,.8696059012629508,,.0656,.1293,.0651,.054,.0696,,1.4706,.6995,.9059,.9530999999999999,1.1045,,.0023117270162789,.9955355951879952,.4249568090723992,.4415772580000634,.2494549048704937,,.924239637926624,.71459436986847,.475025446368143,.5014984165589614,.5658627508678263,,.0894,.1452,.0918,.0683,.1734,,.8425,.8922,.7477,.7645999999999999,.8905,,37088,246,2024,109.6256849315069,541.1535388127854,522.5946347031963,370.6068493150685,2453.340639269406,,1000000
249,.0481,.054894678,.47,.3486,4394000,.0056,.1287978863936592,0,0,0,0,0,,2.75022691382965,2.332334464681582,2.466890394299227,2.805233892771515,2.715616932251354,,.0209,.0187,.0315,.0126,.1052,,.2303,.2231,.1312,.2668,.1777,,0,0,0,0,0,,6.233322729794706,5.6917142836842,5.795048523635952,6.831185459951465,6.334630848322939,,.0296,.0267,.0524,.02,.176,,.4714,.3467,.2218,.4301,.4335,,17233,249,2024,200.6021689497717,166.0173515981735,330.500799086758,15.66449771689498,1246.975913242009,,1000000
255,.0426,.031556241,.6556,.55409998,6718000,.0875,.1532823454429573,.2915400248733582,.1548532674311459,.1410666258080543,.1811149959711474,.2473816118948655,,1.150474441383532,.2646817933864822,2.013932600091931,.7926592013879706,1.306212151954457,,.3247,.0399,.2839,.1174,.3927,,1.4443,1.0522,.7389,.851,1.114,,.1434593914391894,.1076583711645102,.0351666635329284,.0408946815031881,.0852353845149665,,.7128586805354483,.1955482431521388,1.280110987006187,.5292704397414716,.7973308759264134,,.469,.03,.2412,.1715,.418,,.6069,.7611,.5606,.8044,.5145,,37552,255,2024,206.9845890410959,3811.192237442922,570.7025114155251,323.7208904109589,2739.396232876712,,1000000
257,.0182,.014823766,.5936,.69239998,15750000,0,0,.1702664796633941,.0061738219541194,.0320049481651379,.0415803734879328,.1998648960671075,,.1702664796633941,.043972558856573,.6940322001458197,.4975395102894071,.236588638233293,,0,.0011,.0104,.01,.0672,,.8983,.0648,.323,.3102,.4996,,.0113510986442263,.0893281309121134,.0718004554315877,.0533323866341162,.2353062149865228,,.0227021972884526,.0094745170203138,.1834885013236287,.1967109053317911,.1072374965578031,,0,.002,.0324,.0446,.1455,,1.4,.0781,.2339,.2071,.4875,,494004,257,2024,1.220890410958904,37997.82089041096,6940.629109589041,3176.943949771689,5644.563584474886,,1000000
267,.0277,.02681862,.5485,.52819997,152614000,.0521,.0869015889996588,.7723601790317141,.0819099303206703,.1220760700643178,.1651125658815847,.3012234501305543,,2.186007948809082,.4896420383921136,.6547574649344959,.5972024307572297,1.368712849489816,,.4173,.0872,.1188,.1138,.2816,,1.9312,.3458,.4546,.5584,1.0242,,.579563835358003,.1851256467086705,.1390193172722995,.1140538826202103,.2760442437976803,,2.062846826037697,.3859221228952899,.5117698666987318,.501804311071037,1.246510264142795,,.4885,.0734,.0724,.0767,.2619,,1.8947,.2518,.3674,.4562,.9526,,1956290,267,2024,2037.265639269406,65902.65045662101,74667.21940639269,12459.07111872146,52823.38789954338,,1000000
332,.0369,.040532492,.3453,.30199999,8737000,.0348,.0866394399066511,.1139854281388134,.0219523315150225,.2960497390723037,.2391391560065117,.3275429568098028,,2.071249287681927,.3694180376521458,.6894740453620828,.6415477106480997,.8869946501713685,,.4004,.0635,.1198,.13,.2523,,1.9768,.5561,.5481,.6657999999999999,.9466,,.1818359212920038,.027942470916026,.2512885567505286,.2455817777249968,.4126657473243268,,2.755047309082963,.3265067816793515,.7466736276679439,.734835002076321,1.12066470027895,,.872,.0825,.1551,.2626,.3683,,1.9835,.3123,.3144,.3063,.7058,,151138,332,2024,620.4019406392694,4213.207420091324,2234.234817351598,1037.189611872146,4966.57397260274,,1000000
364,.0346,.026270241,.579,.47130001,26322000,0,0,.1957095626325711,.0085230011787975,.0411078599394959,.0193276273037503,.1692151459515861,,.0952908081024885,.0003913581012864,.0026965489554422,.0010104359851362,.0278013468627139,,.0133,.0036,.0483,.0444,.0817,,.035,.1635,.1602,.179,.1382,,.3978642916144553,.0176201430467746,.0865278678526646,.0393668258662535,.4050341215468085,,.2199409140007294,.0007827162025728,.0054641502980047,.0020208719702724,.0598690099052216,,.0009,.0002,.0033,.003,.0061,,.098,.0409,.044,.0554,.0655,,129995,364,2024,239.8665525114155,3746.174885844749,3449.445319634703,1173.823059360731,5837.411415525115,,1000000
570,.0226,.023884043,.43,.4413,49330000,.1506,.0615208394915755,.1604588987355884,.0135237013463265,.1141997566187432,.1082274386400038,.3306236341173967,0,1.771278792480983,.2317146899615142,.895655789218384,.9854201673782971,1.326041085290822,0,.4034,.0231,.1701,.2004,.3724,,1.9242,.367,.8988,.8683,1.5049,,.0975276966178819,.0091022060913067,.073712422215252,.0663552200813616,.3177315899060428,0,.6152558166929254,.2060953362100065,.5419574664743768,.333498212933062,.6767941733462649,0,.452,.0237,.1694,.1879,.3629,,1.681,.1564,.4739,.5144,1.1088,,937446,570,2024,325.6157534246576,61686.4149543379,7986.417351598174,3599.439383561644,20941.31792237443,8611.730479452055,1000000
576,.0447,.046179049,.2607,.30070001,34619000,.5288,.2464738819193423,1.072671544271476,.8793168527413843,.6002271706502356,.41539864978548,.6369042295625224,,3.253858341428622,1.269111997253926,1.672403863092844,1.580324852411756,2.485777334443101,,.8254,.9707,.8183,.7468,.9978,,3.8544,1.3106,2.7013,2.5677,3.6669,,.5286632032865735,.2574514975294863,.3650503379426644,.4373590312209734,.5398216036424534,,2.143328151110401,1.209085677200919,1.1878060023175,.7524537900496001,1.679927655007353,,.4552,.5196,.4991,.4111,.6926,,3.0558,.8794,2.196,1.9459,3.0734,,772818,576,2024,368.7527397260274,9766.702283105024,8026.774086757991,4212.014611872146,29522.45970319635,,1000000
584,.0276,.02747505,.545,.47999999,-7779000,.0487,.0548608188540853,.3977741261031197,.0544468561294498,.1284725944947866,.0871491575324435,.21469295429189,,1.530539942898569,.1459502302145551,.3353454998694035,.4334199437426155,1.410098987612952,,.2807,.0197,.0396,.0334,.1501,,1.9693,.4422,.449,.4662,1.0586,,.5855687781688856,1.589675760651875,.1375306458717956,.0541873770018509,.3083321409284846,,4.380331960822041,.0550700000093798,.6040375445262508,.573139885288434,3.885064348255237,,.2718,.0161,.0378,.0415,.1222,,2.8088,1.3616,.3662,.462,1.4977,,1631735,584,2024,1190.143607305936,74118.19783105023,49214.27694063927,14068.49292237443,44168.28413242009,,1000000
585,.0284,.019372988,.4831,.3881,28768000,.0049,.0080955540809555,.0369603122793435,.0001904063538207,.0234999797262441,5.96226883947e-06,.0312728496243441,,.1871107175157168,.0013173371085054,.0260949816731067,.0229531963819414,.126403305773319,,.0662,.0012,.019,.0082,.0744,,.4977,.0347,.1899,.2649,.4988,,.0410132932500904,.000389788717545,.0083001817007075,1.98742294649e-06,.0415174637635235,,.2813034398741722,.00095281141021,.0250362292340316,.03921521412014,.1884158235244332,,.1248,.0035,.0437,.0203,.1381,,.631,.0392,.1824,.2369,.6429,,303567,585,2024,1165.155136986301,22709.78184931507,2942.03595890411,593.5345890410958,6329.538127853882,,1000000
590,.0515,.029694499,.9185,.92000002,825000,.0537,.037593984962406,,0,0,0,0,,,1.663318342809343,1.119021447540176,2.804090770710469,1.777639775823947,,.3373,.2188,.2053,.1544,.2485,,1.535,1.7676,1.278,.8796,1.2761,,,0,0,0,0,,,.7445828192481161,.5140916719495996,4.445472435582545,.7355780040104879,,.6101,1.7489,.1579,.032,.0702,,1.8308,3.2782,1.5899,1.725,1.5544,,19869,590,2024,,198.8318493150685,667.8768264840182,127.1154109589041,555.0513698630137,,1000000
594,.0344,.028712193,.775,.46900001,21301000,.0012,0,.0044648281372779,0,.0009852185233268,.0014700537452306,.0092012635138222,,.4999431395426366,.1809620620441508,.3071729632106953,.9671102078297058,.704198003716345,,.1746,.0413,.048,.047,.0808,,.4795,.2308,.2877,.1918,.2578,,.0037206901143983,0,.0016194375962229,.0014271808420956,.0253646472583033,,.6319559189672749,.3752979903595047,.3614600124973704,1.112733693917568,.8458591468690255,,.1918,.1043,.0972,.0795,.1116,,.6543,.283,.3889,.2682,.3615,,209876,594,2024,645.4558219178082,6018.640867579908,5995.355365296804,1947.013584474886,8491.612214611872,,1000000
824,.0448,.031975143,.5161,.44479999,119718000,.1608,.1858592197468884,.4375144125991299,.144701550059341,.3085167267002011,.075261634046352,.3575512116121643,,2.761145132593644,.4260365805660927,.5040243270515635,.7436958104437598,1.738030043961588,,.4704,.0772,.1507,.1309,.4106,,2.4753,.7418,.8419,.8328,1.7087,,.6379360369300382,.2669106670352639,.2839352466150147,.1037176240302669,.5214361083331025,,5.443911276356961,.6522582867529554,.7437457523062414,.9996465966874022,4.149471914214756,,.7158,.6401,.3126,.2087,.5161,,3.0611,.8155,.7864,.7823,2.0069,,1341417,824,2024,4018.672831050229,36382.99360730594,36516.08847031964,10898.54257990868,63624.30764840182,,1000000
886,.0309,.029282873,.5379,.4709,250435008,.0627,.0437449357416126,.1940090318399919,.0965829866009507,.0450757869950034,.0514071719778204,.1578850592791057,,1.793751493991096,.2022692245395679,.3144182470125143,.5347002116381865,.7308221535116386,,.3944,.1304,.0605,.053,.154,,1.0949,.569,.5247000000000001,.4235,.9867,,.4780740876179001,.144420236402602,.1091280201172743,.0884560489171215,.3697816463833508,,1.580036381904233,.5288002328317569,.3849405356549736,.3144295441855872,1.026832643000242,,.8103,.4404,.14,.117,.3017,,1.0746,.4846,.3902,.3519,.9887,,1906063,886,2024,2122.75399543379,47165.77146118721,62081.72579908676,17613.73858447489,61861.25433789955,,1000000
899,.0602,.022153364,.5241,.27000001,13069000,.0185,.038989700833742,.0957148994900935,.2499782552362744,.2889925978257626,.6128587282849408,.2704798711306223,,.5610836380189498,.1654832198141296,.2317259406036565,.2902302303717475,.6689804830786003,,.3735,.0964,.1857,.1323,.2418,,.5747,.2226,.3028,.3752,.4952,,.3245030852499743,1.082973335853418,1.216823199641024,2.83522683679328,1.075950554598035,,1.115804089488418,.2609456358836051,.4219082371893648,.2803700588201568,1.22885606932779,,.9391,.2423,.4964,.2619,.6202,,.3456,.085,.1507,.1568,.2773,,237526,899,2024,1821.624657534247,3792.966894977169,1469.764383561644,339.1332191780822,2816.628538812785,,1000000
904,.0263,.030663494,.6186,.57370001,187512000,.0021,.0005804382784772,.3069793085623302,.0299819022817431,.0359173640098194,.0257293114224823,.1306343503514094,,.713700676400939,.1005815791555335,.2189656288457028,.3354896830993828,.3125611208626903,,.2061,.0194,.0301,.0409,.1307,,.9422,.1306,.2447,.2311,.3944,,1.020983768424871,.0737287487847376,.088683517231308,.0645229413806202,.3294052768505249,,.6890534036476782,.0543477141400954,.1288016617826959,.252766473483646,.2765466637609989,,.4607,.0459,.0699,.0995,.2823,,1.0385,.0844,.1876,.1801,.3038,,1728831,3045,2024,3897.306164383562,55007.62819634703,61283.23630136986,10822.87294520548,51581.35502283105,,1000000
936,.0282,.027707914,.4291,.35550001,26006000,.0001,0,0,.0032984624083223,.0113707667149838,.0009045915982464,.0102490276073845,,.1659152203899286,.008623937062616,.0320523653668954,.043440757575836,.1340137055869433,,.0347,.0022,.0158,.0097,.0337,,.1751,.0328,.076,.0555,.1182,,0,.005772309214564,.0105050679690232,.0026935289678384,.0155908171376196,,.0636008344828059,.0024984868680877,.0109409892621987,.0286030655517888,.0692158721338741,,.0815,.0042,.0382,.016,.0874,,.2376,.0327,.046,.046,.1428,,167389,936,2024,33.26917808219178,8547.569178082193,3428.09098173516,1323.158219178082,5200.125799086758,,1000000
937,.0326,.033183698,.5177,.47960001,10783000,.0248,.0204581879890638,.3067837873970704,.187564108085305,.3608274394816934,.2203816188419014,.4977374389764523,,1.898195851888064,1.338262722223569,1.291179169084894,1.182373736209665,1.497161374549023,,.1646,.0387,.0208,.0215,.074,,1.8978,.3083,.4653,.3801,.5399,,.0510625804851188,.1072655868963065,.0503811048797867,.1211311599810917,.1927553428538127,,1.281907978099058,.7041122341276768,.6215153319855322,.6273508295768457,.8457174259224295,,.1482,.1745,.0153,.0135,.0458,,1.1444,.2342,.2974,.2392,.4055,,147693,937,2024,198.9517123287671,5373.056050228311,3933.458219178082,995.5126712328768,5671.256506849315,,1000000
938,.0362,.017659485,.49,.38999999,12774000,.07,.1178498330281159,.4106161679602802,.4317706034598812,.3483088291450177,.1716284793983286,.2927236368586732,,2.437878683429727,.5027097936499656,.5439753747544838,.6101265191909017,1.179233886096708,,.1648,.0566,.0255,.0554,.1053,,1.8081,.7393,.7945,.8925999999999999,1.2072,,.7625835144577421,1.562955263800487,.9024403623090506,.2580887863702148,.6015636645581764,,3.701400033652071,.6367225959596829,.4468910581776144,.8145190029322059,1.452365038713466,,.2568,.0842,.0531,.1503,.1956,,1.9135,.962,.7209,.7978,1.2809,,236700,938,2024,657.4124429223745,2703.368493150685,4739.762214611872,568.0369863013699,6352.805479452055,,1000000
944,.0293,.024182534,.6824,.63679999,31048000,.1575,.117890644806896,.0572979774861995,.0060017070730124,.0194640943594128,.0141746520641941,.193083794216746,,1.503276521033983,1.001180021455277,1.042263004448277,.7868324153159268,1.519668552809917,,.3816,.0606,.1911,.1894,.2839,,2.5419,.0518,.553,.3325,1.3042,,.0845433829214801,.0097090737955732,.0244997493822442,.0182106834561342,.3677967031472859,,.9285894224430148,.6634195900003805,.6250465544452878,.5105226920943947,.9370688713885994,,.4297,.0162,.0896,.0437,.2552,,2.2286,.0314,.4009,.1901,1.0788,,358027,944,2024,3301.962557077626,21851.33630136986,3669.395547945206,1731.280365296804,8994.621461187215,,1000000
945,.0338,.052763194,.506,.38,55555000,.1385,.2082997489809548,.1982045915747659,.0416964483987748,.2039398140073657,.2201199262880923,.4455694519146611,,2.77384812282085,1.911540584578229,1.50707409812133,1.601599764444477,2.388335209274973,,.2989,.0316,.0998,.0902,.2191,,1.9035,.2084,1.0258,.9634,1.598,,.4604028051829304,.0666584155223507,.1910065803158737,.3841964481308421,.4841373737776231,,2.327341709037383,.8250854295758427,1.129666628197992,1.028170267504572,2.077932836499582,,.5385,.1132,.2344,.2261,.3998,,2.8484,.1623,.9741,.8133,2.1082,,916548,945,2024,3279.090068493151,17507.83401826484,16464.60102739726,7587.232876712329,32510.71484018265,,1000000
958,.0267,.0095521081,.5699,.59539998,16577000,.0012,.0001890001890002,,.0000866514294088,.0012750725918021,0,.0258832562414215,,,.2125292621090962,.8237739260028641,1.637024841257886,1.315264631653073,,0,.0015,.0175,.0027,.024,,.1225,.0733,.3484,.1407,.262,,,.0001733028588176,.0025501451836043,0,.0423119182968974,,,.2474281063776042,1.045924534942491,1.953738449883975,1.600421860455738,,0,.003,.0323,.0052,.052,,.0674,.0391,.2198,.0873,.1869,,114425,958,2024,,6534.341666666666,2537.056735159817,1176.199086757991,2688.38401826484,,1000000
959,.0529,.045046121,.86,.44,5469000,.3382,.1826762909494725,0,.0105176340760054,.0235566875671849,.0003303471004176,.2521354295018543,,1.279755773228701,.4664266024747509,.3016239015877824,.08936583072811,1.463133169172002,,.2876,.0329,.0976,.0013,.1987,0,2.4374,1.0354,1.3113,1.5114,2.7563,3.75,0,.0106427173138105,.0208544591779002,.0001651735502088,.2727972370939455,,1.798518376316496,.4400398461830912,.3136803235045057,.0725080886459146,2.153868740880629,,.4304,.048,.1692,.0031,.3015,0,2.773,1.1806,1.2965,.9194,3.3397,4.1582,25152,959,2024,24.38036529680365,493.4309360730593,794.5518264840183,246.7309360730594,1238.201712328767,0,1000000
965,.0245,.018018018,.491,.366,20000,0,0,,,,,3.104015672801321,,,,,,0,,.2775,.1199,.1141,.1244,.0721,,1.2504,.4641,.5628,.5636,.3487,,,,,,5.24042469688635,,,,,,0,,.4129,.2014,.1633,.1474,.1803,,1.419,.4611,.5125999999999999,.5068,.1633,,333,965,2024,,,,,11.82865296803653,,1000000
1010,.0315,.035102587,.5179,.43439999,25941000,.0933,.0372179576645732,.3515019684948767,.0004578365232152,.0352347761536429,.015839568098456,.0366112803973355,,1.825431807312198,.2911868894657925,.9806001136289519,1.288108814921837,1.148572413741831,,.3483,.2164,.2325,.2758,.2779,.25,1.9082,.4066,1.0047,1.4978,1.5793,.8557,1.294875434659597,.0006066466948284,.0195846697792717,.0226448169176752,.0725086096357104,,2.102322432724089,.2020244188738324,.3761907281924299,.6411765658526131,.7962080440914036,,.3828,.1127,.1225,.2122,.3091,.0625,3.0297,.3085,.713,.9133,1.4128,.8444,342197,1010,2024,545.6385844748859,11013.68173515982,6871.480251141553,3627.792808219178,14495.45753424658,,1000000
1012,.0488,.048379581,.57,.48789999,22775000,.0872,.0070438036539732,.0319351633303094,.0015527507709548,.0140617071169028,.2022755290415305,.0219448063105475,,.5334021502429871,.102974149919504,.2876890530427719,.2809751028347707,.6283877440065638,,.0682,.0068,.0208,.0314,.1013,,1.1824,.3062,.404,.4501,.9838,,.0594329420906916,.0006812811418726,.0282080220341428,.3397426575354348,.0351784414491159,,.4283529761958307,.0543217844060382,.1364937660221413,.1448927397722768,.4417917455184835,,.0477,.0041,.0137,.0357,.1659,,1.4996,.3846,.5397,.6677999999999999,1.4476,,83713,1012,2024,659.8808219178082,2811.478310502283,1075.762328767123,294.8383561643836,4251.648287671233,,1000000
3009,.0367,.033240572,.575,.41999999,65662000,.1398,.0653930290214379,.4501488792006127,.2837548815600699,.3541694328479715,.2920984812396257,.3710904726672043,,1.80764480677208,.3621488956761283,.4613547828214394,.3909615822078373,.978229979853234,,.3044,.1945,.0779,.1473,.2582,,1.6923,.6943,.7558,1.0544,1.442,,.7724255221032569,.0771731535565772,.0755085332542943,.2035611412978053,.3212554795137134,,1.248979680585564,.2084172028533015,.3211112947834902,.3584917648892129,.7540033661481966,,.4009,.1957,.0843,.0924,.2805,,1.5137,.4661,.4708,.7782,1.1517,,625621,3009,2024,1579.841095890411,14643.15684931507,10159.70856164384,3279.418378995434,30518.05936073059,,1000000
3015,.034,.035242833,.3169,.333,47791000,.0368,.0207596269114938,0,.0101844688595358,.0091755858132224,.0192041776760523,.0285875932854209,,1.178474521997792,.6125927181489003,.4376198393592614,.4304441020370664,.8456872851981344,,.0477,.0286,.0132,.0192,.0387,,1.1892,.4762,.2592,.2686,.6615,,0,.0555254515915411,.0200614078952356,.0351738367456578,.0490449693622466,,1.123153104661908,.3020010550475785,.4747439843880246,.259703428986475,.603689048864964,,.0657,.086,.019,.03,.0448,,1.1034,.4809,.2014,.1823,.6288,,723523,3015,2024,108.3753424657534,10022.70365296804,18637.60662100456,5520.274315068493,26733.51324200913,,1000000
3016,.0273,.040056303,.4167,.38100001,13445000,.0297,0,.0190370609349348,0,0,.0008765647547218,.0154979269252277,,1.887075873329568,1.13313221452035,1.462110954896622,1.332912896209046,1.10009253216552,,.3522,.0037,.0563,.0896,.1192,,1.317,.0603,.3958,.4732,.7831,,.0285555914024022,0,0,.0013148471320827,.0215527704122228,,.8766810464867343,.2314410436050038,.3596219619405182,.3017777611419541,.3882045196921524,,.4053,.0053,.0353,.0402,.1304,,1.3799,.0561,.4141,.4902,.9486,,74595,3016,2024,382.8509132420091,2606.91598173516,1383.652853881279,513.8885844748859,3370.542123287671,,1000000
3019,.0338,.039425947,.5253,.44580001,31357000,.0001,0,.0197449657378077,.003842240310026,.0221807473581712,.0225662833670631,.0684775891419664,,.0052241126505113,.0024676024956679,.057557629667183,.0293487213041907,.1025020045535932,,.0125,.0045,.0093,.01,.0071,,.3126,.2897,.2677,.2851,.2804,,.040667677820897,.0091850759604108,.0263483653876938,.0342835884384199,.1017058981885932,,.0081844431524678,.0037325054870763,.0718292433009622,.042272644798858,.1783031318534839,,.0232,.0328,.0226,.0231,.0191,,.2816,.1785,.2391,.1822,.2262,,254680,3019,2024,1101.714269406393,4257.825570776256,9088.839840182649,1035.796917808219,12051.89817351598,,1000000
3028,.038,.035012607,.5343,.42899999,2514194944,.0754,.0564058456414959,.3474520826043641,.1548669771874174,.1784289789018088,.2037816196253187,.3431565995552368,.055684684454707,1.307757311358764,.4416448361966286,.5879018735051489,.5949778322917906,1.000570842918111,.1612884890146364,.3404,.1404,.1145,.1474,.2413,.0253,1.4987,.5457,.6488,.6741,1.1283,.2977,.8506900625472468,.5340035441175383,.4079534207145247,.2727159706527583,.680441890709102,.062115237768708,1.917647658999162,.5949075589091859,.6623155120460291,.6582884856054156,1.238116222108576,.0389784227509529,.7927999999999999,.5591,.2521,.2712,.4526,.7578,2.4557,.8364,.8483000000000001,.8741,1.7084,.2551,17112350,3028,2024,39415.11210045662,401577.2904109589,475174.8964611872,152535.9628995434,777519.7914383562,30721.60616438356,1000000
3030,.038,.045151867,.5262,.44279999,1818567040,.0946,.0796919123722988,.491684894322054,.175206174609997,.3336858614065806,.3225274640934522,.5015920865565553,.1030782990782047,1.524940683082334,.6290195124116275,.6483702043456406,.6633983355485533,1.235506982156693,.9416549983339594,.2058,.0789,.1008,.1115,.1936,.081,1.698,.5667,.6556,.695,1.193,.4681,.6069621571513768,.1692452512963331,.2670189212509446,.3055079246260893,.5296079780759408,.0867575683908223,2.229879025765834,.5045719366935407,.7239316690624678,.6847479857350298,1.488235684845333,.2951053482025204,.481,.2208,.201,.2266,.4069,.0575,2.6867,1.0957,.9695,1.0629,2.5468,.4029,14210863,3030,2024,29290.46484018265,271182.9493150685,439894.5843607306,135931.0541095891,685018.3849315068,9438.476027397261,1000000
3035,.0312,.032627076,.5414,.46290001,1519741056,.0721,.0684521858147426,.1508138674614868,.0509003508725169,.072264206113309,.0807707247323292,.2004558344581037,0,2.548709869164746,.6025939235312079,.500368899020541,.7552060438720949,1.273257138093561,.013156715799339,.1689,.0495,.0534,.0741,.1497,.0019,1.8955,.6719000000000001,.5326,.7195,1.1273,.0889,.335823806341928,.0665261269695604,.1086875220437064,.1395765566125022,.4286003016910138,0,3.533963740643984,.7332315994850708,.5105691608739971,.790890667325485,1.358342697551687,.0063162215944842,.291,.1138,.0876,.1216,.2677,.001,2.4376,.7373,.6375,.8501,1.4183,.0271,16276543,3035,2024,10098.25547945205,167922.1229452055,607373.9252283105,106356.5052511416,584203.3617579909,40622.28219178083,1000000
3038,.0298,.02853298,.609,.5517,30770000,.027,.0477008286462582,.0678222192285376,.0063070405773394,.0075083230047686,.0066166408804178,.0628873358615382,,1.90510670062562,.0671913335040728,.0990577596692412,.1640310531456275,.8046380362499554,,.4099,.2055,.2161,.2285,.3214,,.9122,.1486,.3087,.2613,.5951,,.1010435379379735,.0060438770671128,.0058469070858255,.0047653539615379,.0675010504314708,,2.720464807870297,.0708462749336412,.1399690722635484,.2241536969018959,1.204127973558305,,.6597,.0793,.1174,.18,.3421,,1.0144,.129,.2934,.2373,.5825,,442155,3038,2024,2620.093721461187,18577.52089041096,11223.60262557078,2873.48002283105,13625.06358447489,,1000000
3041,.0335,.022290004,.5022,.43900001,8855000,0,0,0,.0028125234389772,.0961339213959509,.2132974105432855,.1545287363444393,,0,0,0,0,.0004394734387449,,.412,.1389,.3004,.2527,.4135,,.0515,.1818,.1343,.0126,.0159,,0,.0112500937559088,.2895245210562029,.1142506536388107,.488151846793912,,0,0,0,0,.0011175113753339,,.4264,.0161,.0586,.0825,.2297,,.03,.1643,.1251,.0108,.0134,,51144,3041,2024,7.925684931506849,1855.286415525114,948.8630136986301,455.7381278538813,2439.095776255708,,1000000
3042,.0273,.01955351,.825,.43000001,18685000,.0002,0,.1230749035400678,.006521341517121,.0272584998074636,.0701302926611826,.1108123626690342,,.3301633216284343,.1052802550840021,.2029079119816756,.2027888213356773,.2441461317701357,,.1583,.0752,.0461,.0523,.0947,,.4206,.3781,.2733,.1366,.3984,,.2461498070801356,.0501953180194309,.1263324396390558,.3585407402557692,.2996043414311598,,.6047825607943703,.2416983666550744,.3525864689314409,.369516400028396,.4051262406032335,,.2826,.1853,.0975,.1083,.2006,,.7076,.4583,.3535,.1584,.4938,,146879,3042,2024,146.0965753424657,7057.071803652968,4431.352054794521,910.1568493150685,3894.524086757991,,1000000
3043,.0398,.010783721,.5044999999999999,.43000001,11911000,.0198,0,.6988987821866406,.1179700854199835,.1103495092626749,.1712644477961117,.3530237838296238,,.4305068328529792,1.015173204277173,.5021691457210586,.3668047662212127,.633365441645883,,.4359,.3053,.2611,.3571,.4123,,1.1044,.155,.131,.179,.2959,,3.667233218332062,.6443712680700375,.5802334364060145,.8256953528841685,1.784377452691851,,.8701880956801523,.8055547576823142,.9118058153243668,.4778946964254596,1.004128635148803,,1.3422,.4777,.4312,.7472,.8665,,1.4759,.1046,.1294,.1863,.3745,,64449,3043,2024,303.1202054794521,584.2205479452055,2832.007305936073,607.0114155251141,2495.714497716895,,1000000
3044,.0336,.028300855,.5258,.4526,20411000,.0137,0,1.037983306317501,1.000926150230498,1.013444742178423,1.01615639584827,1.030764222245136,,.1538337453870285,.0020497481367047,.0052440856837396,.0070339067392205,.0277996867478905,,.1382,.0035,.0188,.0264,.0464,,1.0502,.0352,.079,.1789,.3335,,.3310858342920343,.3002679168070466,.3256224995852073,.3065129993631097,.3325894521594185,,.166563497081944,.0024989166728297,.0053251701669116,.007192269644667,.0331598303404162,,.1441,.0033,.0156,.0231,.0441,,1.1475,.0428,.0945,.2692,.416,,182892,3044,2024,901.5796803652968,6945.947488584475,5029.23595890411,1226.170890410959,6092.879337899543,,1000000
3046,.0391,.038973641,.4365,.39050001,31972000,.0566,.0538245995566894,1.023468382362503,.1550212171156422,.244233742284389,.2949006106669419,.9185570653762087,,1.753945090131048,.6782192859227431,.4825410823986403,.6235353051275005,1.286598073584121,,.4771,.0497,.1103,.1078,.3124,,1.352,.528,.6133999999999999,.5172,.9535,,3.366292381831683,.6078815076127208,.9183281027976534,1.130713865077235,3.511731386963722,,2.303971861201222,.4939801752952717,.6804376224733847,.7418959288208146,1.74526938600815,,1.4756,.2342,.2935,.3899,.8885,,1.8044,.5481,.6878,.5516,1.3448,,486380,3046,2024,570.611301369863,9620.09794520548,11552.0703196347,4250.947716894977,26164.80319634703,,1000000
3047,.0349,.033533446,.5758,.51700002,16211000,0,0,,.3501400251267896,.4153790425609794,.3594073560535894,.1992837240582635,,,1.032508965599829,1.101258231708394,1.016868042929777,1.171966468638626,,.2296,.0429,.0332,.0116,.0332,,1.0253,.1977,.0833,.0227,.0584,,,.095930942121547,.1353847830003097,.1189696106828155,.6022006888905753,,,1.433234892938027,1.945949968817143,1.591610007033305,2.253167187833057,,.2569,.155,.0331,.0373,.0241,,1.093,.3683,.158,.0404,.1096,,96113,3047,2024,,869.3808219178082,4686.171803652968,1805.337557077626,3230.847146118721,,1000000
3048,.0401,.04338222,.458,.36399999,28441000,.0232,0,.2233872956988725,.0253090110629964,.2372805508279759,.1166584585077566,.2006528960102509,,.1698645275946122,.0191242923687717,.201405259621609,.1954123023285144,.2229172001953089,,.0471,.0051,.0145,.0161,.0325,,1.0334,.4988,.9106,.8216,.8856000000000001,,.0986504018852839,.0131111419922794,.1005375831986001,.0281898488347417,.096996460165941,,.1683039340409624,.016905904679666,.219419342629485,.3000065877982712,.2016835554366847,,.0372,.0029,.0168,.0103,.0332,,.8328,.2293,.5939,.5678,.5514,,205983,3048,2024,1175.490867579909,3134.714726027397,4264.16598173516,608.2228310502284,13207.29600456621,,1000000
3049,.0355,.033670243,.5476,.458,18492000,.0051,.1095235016486714,1.031037261385424,.7207355646828196,.5956041921734343,.6435416579271529,.4509184100849779,,3.286402027859766,.5353706309785494,.6469829216894805,.4489687055476533,1.340242444494503,,.0853,.0109,.0101,.0056,.0374,,.7285,.374,.4424,.4862,.6122,,.2422408639198896,.1755783456451026,.1457595147253971,.1403001737097619,.1166587325099293,,3.023352266836611,.3247355361007496,.3764298282918687,.2226168774955288,1.594903576859019,,.0998,.0164,.019,.0054,.0631,,1.0915,.4301,.454,.4032,.7271,,210839,3049,2024,127.3583333333333,1789.287899543379,9754.140867579908,1197.34703196347,9666.459589041096,,1000000
3054,.0394,.031906951,.4885,.3845,7519000,.0181,.0127304653204565,0,.0018516245477851,.0464875993005828,.0095719155350068,.1649634485930397,,0,.0000222009671476,.0125905721505163,.0063050467059889,.1825985034764327,,.3558,.0179,.0375,.0146,.1451,,1.1754,.1007,.075,.1168,.3302,,0,.0022820770767002,.0534672842444811,.0186655055336792,.2102705901647392,,0,.0000222009671476,.0046645707546474,.0019965981235632,.2795033282880424,,.4647,.0239,.033,.0124,.0987,,2.2581,.1194,.0535,.0784,.4035,,60269,3054,2024,9.363470319634704,1429.449429223744,1118.870091324201,337.9368721461187,3762.418493150685,,1000000
3056,.0324,.024817891,.5386,.47589999,37657000,.0478,.0061492210986608,.2028400118507609,.0286978776323137,.1100764588099404,.0819328955809614,.2609117104205117,,.3770008945598679,.8944834509780163,.7750054846562264,.5603806387796098,.4875806971086297,,.299,.0337,.0865,.0618,.1061,,.8902,.6868,.7722,.769,.8944,,.5749610008331967,.0578083074547883,.3232661695630706,.2264348095386749,.7724932922972488,,.3561500151969709,.2401012785617969,.2922924367129309,.2456622042279052,.2750754323987835,,.2995,.021,.0924,.046,.1076,,.4824,.3924,.4502,.4243,.5607,,199332,3056,2024,158.7474885844749,5003.910045662101,6463.652739726027,3399.404566210046,7832.027511415525,,1000000
3057,.0349,.033360172,.5839,.50040001,55127000,.0163,.0301464766429137,.1021791662041534,.1822684326869457,.0495089547165452,.0283860960704786,.161483438400998,,.4628750295542294,1.152847950774888,.4188384066201344,.4380993363722972,1.041537321384699,,.0306,.0905,.0818,.1001,.1519,,.1759,.4226,.3987,.4072,.6186,,.0144286250513672,.2955349398413554,.0642556337274626,.0368455195781505,.213550438446355,,.2763858345020074,.8745137108260089,.3422529836790305,.3769908035585334,.7523118168775302,,.0365,.1674,.0823,.1702,.2064,,.0923,.2508,.2819,.2379,.5063,,683060,3057,2024,387.7053652968037,11062.14166666667,28597.35650684932,4867.100799086758,28960.100456621,,1000000
3059,.095,.09013807,.415,.31200001,1066000,1,1,0,0,0,0,0,,9.999999999999995,10,10,10,9.999999999999993,,1.2687,1.2413,1.2231,1.2475,1.2996,,7.0662,5.7921,5.8713,6.203,6.5029,,0,0,0,0,0,,32.42140514598817,33.36666666666667,31.65,31.33021009581219,32.36974630798367,,4.9914,4.9051,4.1476,4.0805,4.2743,,9.8142,5.9157,6.0695,7.8297,8.1867,,5070,3059,2024,73.01575342465753,46.02511415525114,5.560958904109589,102.7544520547945,315.4869863013699,,1000000
3060,.037,.029347029,.545,.4815,12497000,0,.0214265576543558,.2244855845591482,.0017834513909404,.0232855180653225,.0075147429780429,.080156972180688,,2.377018772604962,.0353312639635448,.0785986910170601,.0048468555273215,.1594879188581549,,.6177,.1312,.2272,.2308,.3327,,.8260999999999999,.3189,.4923,.4814,.5834,,.1799372960426105,.004310007528106,.0191084938677573,.0021291771771122,.1289021377953085,,3.299911358245388,.0325575852256892,.1447264756499781,.0175515643357837,.2076989857708103,,.6812,.0269,.0507,.0402,.1845,,1.7357,.2946,.7179,.6655,.9833,,62698,3060,2024,195.2775114155251,2822.755136986301,1074.36404109589,590.4831050228311,2255.118493150685,,1000000
1,.0393,.038985491,.5014999999999999,.4041,19612000,.0852,.1390776876415991,.8795419653826737,.0859091002368499,.1027819478789311,.0569072998216132,.3314046865490004,,3.276144422162119,.767851814598567,1.088770822616555,1.296064795590828,1.798478038324679,,.6898,.2025,.2269,.2207,.333,,2.1085,.4953,.6213,.6106,.9601,,1.461828758642918,.1425633087764532,.1433755929496867,.1281811500150762,.5566721480997605,,4.958271757121317,.7673627520735214,.9108315962122761,1.146403565849163,2.28374417326663,,1.0535,.3188,.1731,.1571,.3728,,3.2346,.4716,.5999,.5599,1.2045,,196509,1,2025,558.4212328767123,3727.09703196347,4405.272945205479,1758.082305936073,11072.10810502283,,1000000
1,.0393,.038985491,.5014999999999999,.4041,19612000,.0852,.1390776876415991,.8795419653826737,.0859091002368499,.1027819478789311,.0569072998216132,.3314046865490004,,3.276144422162119,.767851814598567,1.088770822616555,1.296064795590828,1.798478038324679,,.471,.1436,.1588,.1556,.245,,1.6198,.426,.5359,.5284,.8333,,1.461828758642918,.1425633087764532,.1433755929496867,.1281811500150762,.5566721480997605,,4.958271757121317,.7673627520735214,.9108315962122761,1.146403565849163,2.28374417326663,,.6919,.2196,.1393,.1305,.2897,,2.2403,.41,.4934,.4616,.9537,,196509,1,2026,558.4212328767123,3727.09703196347,4405.272945205479,1758.082305936073,11072.10810502283,,1000000
1,.0393,.038985491,.5014999999999999,.4041,19612000,.0852,.1390776876415991,.8795419653826737,.0859091002368499,.1027819478789311,.0569072998216132,.3314046865490004,,3.276144422162119,.767851814598567,1.088770822616555,1.296064795590828,1.798478038324679,,.2522,.0847,.0907,.0906,.1569,,1.131,.3567,.4504,.4461,.7065,,1.461828758642918,.1425633087764532,.1433755929496867,.1281811500150762,.5566721480997605,,4.958271757121317,.7673627520735214,.9108315962122761,1.146403565849163,2.28374417326663,,.3302,.1205,.1055,.1039,.2066,,1.2461,.3483,.387,.3633,.7029,,196509,1,2027,558.4212328767123,3727.09703196347,4405.272945205479,1758.082305936073,11072.10810502283,,1000000
4,.03,.026225694,.8561,.59210002,21705000,.0062,0,0,.0016240628039531,0,0,.0021531323667276,,.1534589338809094,.3098800636884979,.257725813126109,.2598399759204088,.1736505520210436,,.0887,.0392,.0457,.0596,.1416,,.5041,.2295,.3311,.4108,.4815,,0,.0003924818442887,0,0,.0005203403219592,,.3529555479260915,.1202547285125791,.1197824141354477,.1003485379587189,.1390272586410148,,.0506,.0251,.0257,.03,.0939,,.5434,.0843,.2365,.4006,.5798,,120340,4,2025,191.8514840182648,6347.461301369863,2345.621347031964,781.2751141552511,3612.131506849315,,1000000
4,.03,.026225694,.8561,.59210002,21705000,.0062,0,0,.0016240628039531,0,0,.0021531323667276,,.1534589338809094,.3098800636884979,.257725813126109,.2598399759204088,.1736505520210436,,.0887,.0392,.0457,.0596,.1416,,.5041,.2295,.3311,.4108,.4815,,0,.0003924818442887,0,0,.0005203403219592,,.3529555479260915,.1202547285125791,.1197824141354477,.1003485379587189,.1390272586410148,,.0506,.0251,.0257,.03,.0939,,.5434,.0843,.2365,.4006,.5798,,120340,4,2026,191.8514840182648,6347.461301369863,2345.621347031964,781.2751141552511,3612.131506849315,,1000000
4,.03,.026225694,.8561,.59210002,21705000,.0062,0,0,.0016240628039531,0,0,.0021531323667276,,.1534589338809094,.3098800636884979,.257725813126109,.2598399759204088,.1736505520210436,,.0887,.0392,.0457,.0596,.1416,,.5041,.2295,.3311,.4108,.4815,,0,.0003924818442887,0,0,.0005203403219592,,.3529555479260915,.1202547285125791,.1197824141354477,.1003485379587189,.1390272586410148,,.0506,.0251,.0257,.03,.0939,,.5434,.0843,.2365,.4006,.5798,,120340,4,2027,191.8514840182648,6347.461301369863,2345.621347031964,781.2751141552511,3612.131506849315,,1000000
5,.0348,.029664073,.5064,.45930001,12321000,.0001,0,0,.0027086782261111,.0034403460591392,.0002082999519308,.0293335351125247,,.7840887066336159,.046338590927037,.0476469012512333,.163612546949497,.1147588548619798,,0,.0039,.0283,.0437,.0602,,.595,.2779,.1267,.2077,.2342,,0,.0014153407847844,.0044490213704143,.0001440741334188,.0581813148403829,,.7710205615230555,.0860460221493941,.0818556030352444,.2445787109290394,.1710515873214091,,0,.0075,.0465,.0617,.1104,,.3011,.0738,.0751,.1617,.1947,,142799,5,2025,11.19075342465753,3973.024086757991,3943.63401826484,1809.60502283105,6627.495662100457,,1000000
5,.0348,.029664073,.5064,.45930001,12321000,.0001,0,0,.0027086782261111,.0034403460591392,.0002082999519308,.0293335351125247,,.7840887066336159,.046338590927037,.0476469012512333,.163612546949497,.1147588548619798,,0,.0039,.0283,.0437,.0602,,.595,.2779,.1267,.2077,.2342,,0,.0014153407847844,.0044490213704143,.0001440741334188,.0581813148403829,,.7710205615230555,.0860460221493941,.0818556030352444,.2445787109290394,.1710515873214091,,0,.0075,.0465,.0617,.1104,,.3011,.0738,.0751,.1617,.1947,,142799,5,2026,11.19075342465753,3973.024086757991,3943.63401826484,1809.60502283105,6627.495662100457,,1000000
5,.0348,.029664073,.5064,.45930001,12321000,.0001,0,0,.0027086782261111,.0034403460591392,.0002082999519308,.0293335351125247,,.7840887066336159,.046338590927037,.0476469012512333,.163612546949497,.1147588548619798,,0,.0039,.0283,.0437,.0602,,.595,.2779,.1267,.2077,.2342,,0,.0014153407847844,.0044490213704143,.0001440741334188,.0581813148403829,,.7710205615230555,.0860460221493941,.0818556030352444,.2445787109290394,.1710515873214091,,0,.0075,.0465,.0617,.1104,,.3011,.0738,.0751,.1617,.1947,,142799,5,2027,11.19075342465753,3973.024086757991,3943.63401826484,1809.60502283105,6627.495662100457,,1000000
7,.0418,.028790787,.4885,.38690001,5047000,.0001,0,0,.1386869311102933,.034334193104989,.0113722638278558,.0804815646806608,,2,.0869320343109809,.6033312346082207,.3269625136679664,.9877501701315174,,.3698,.0725,.0452,.0268,.1628,,.2626,.0041,.033,.0475,.1455,,0,.0336256052958247,.0220633348107399,.0073810113263601,.0548808942359218,,1.391270480795058,.0495964828949273,.392098697152812,.5702210686114721,.7137258294078263,,.7121,.0837,.0618,.0564,.2188,,.2349,.0026,.0262,.004,.0958,,28655,7,2025,1.558333333333333,518.8775114155251,857.409703196347,221.3287671232877,1583.015182648402,,1000000
7,.0418,.028790787,.4885,.38690001,5047000,.0001,0,0,.1386869311102933,.034334193104989,.0113722638278558,.0804815646806608,,2,.0869320343109809,.6033312346082207,.3269625136679664,.9877501701315174,,.3092,.0725,.0452,.0268,.1566,,.2626,.0041,.033,.0475,.1455,,0,.0336256052958247,.0220633348107399,.0073810113263601,.0548808942359218,,1.391270480795058,.0495964828949273,.392098697152812,.5702210686114721,.7137258294078263,,.5155,.0837,.0618,.0564,.2074,,.2349,.0026,.0262,.004,.0958,,28655,7,2026,1.558333333333333,518.8775114155251,857.409703196347,221.3287671232877,1583.015182648402,,1000000
7,.0418,.028790787,.4885,.38690001,5047000,.0001,0,0,.1386869311102933,.034334193104989,.0113722638278558,.0804815646806608,,2,.0869320343109809,.6033312346082207,.3269625136679664,.9877501701315174,,.2487,.0725,.0452,.0268,.1504,,.2626,.0041,.033,.0475,.1455,,0,.0336256052958247,.0220633348107399,.0073810113263601,.0548808942359218,,1.391270480795058,.0495964828949273,.392098697152812,.5702210686114721,.7137258294078263,,.3189,.0837,.0618,.0564,.1959,,.2349,.0026,.0262,.004,.0958,,28655,7,2027,1.558333333333333,518.8775114155251,857.409703196347,221.3287671232877,1583.015182648402,,1000000
8,.0318,.033969928,.322,.23549999,19859000,.1964,.2282814765250362,.1939366333677001,.4489801443077763,.035031818467728,.0149277147210249,.0979554927205166,,3.611720379402206,2.738774589097344,2.400132074116092,2.490092998132456,2.725563368175703,,.1201,.0408,.043,.0512,.1214,.3333,2.2493,.9271,1.0197,1.089,1.5375,.3333,.4506799890882962,3.333303804379405,.0485673294752787,.0451046119310107,.2046627147090283,,1.395281129147133,1.198583011154958,.635449874403647,.6703296680316125,.8926448588888339,,.3451,.0491,.0733,.1041,.212,2.2111,.9787,.5747,.8552,.9167999999999999,1.2643,.1611,261967,8,2025,241.5961187214612,1931.326826484018,4235.894748858447,1301.003196347032,9594.998059360731,,1000000
8,.0318,.033969928,.322,.23549999,19859000,.1964,.2282814765250362,.1939366333677001,.4489801443077763,.035031818467728,.0149277147210249,.0979554927205166,,3.611720379402206,2.738774589097344,2.400132074116092,2.490092998132456,2.725563368175703,,.1201,.0408,.043,.0512,.1214,.3333,1.9129,.8421999999999999,.9447,.9867,1.3626,.3333,.4506799890882962,3.333303804379405,.0485673294752787,.0451046119310107,.2046627147090283,,1.395281129147133,1.198583011154958,.635449874403647,.6703296680316125,.8926448588888339,,.3451,.0491,.0733,.1041,.212,2.2111,.9787,.5747,.8552,.9076,1.2643,.1611,261967,8,2026,241.5961187214612,1931.326826484018,4235.894748858447,1301.003196347032,9594.998059360731,,1000000
8,.0318,.033969928,.322,.23549999,19859000,.1964,.2282814765250362,.1939366333677001,.4489801443077763,.035031818467728,.0149277147210249,.0979554927205166,,3.611720379402206,2.738774589097344,2.400132074116092,2.490092998132456,2.725563368175703,,.1201,.0408,.043,.0512,.1214,.3333,1.5765,.7573,.8697,.8844,1.1877,.3333,.4506799890882962,3.333303804379405,.0485673294752787,.0451046119310107,.2046627147090283,,1.395281129147133,1.198583011154958,.635449874403647,.6703296680316125,.8926448588888339,,.3451,.0491,.0733,.1041,.212,2.2111,.9787,.5747,.8552,.8984,1.2643,.1611,261967,8,2027,241.5961187214612,1931.326826484018,4235.894748858447,1301.003196347032,9594.998059360731,,1000000
11,.0578,.046554986,.4593,.38240001,13471000,.0274,.1438519697572622,.4004261339552652,.1998693608083599,.1389202882424975,.3010803722106408,.3649883921983406,,1.299969669510699,1.342005857062113,.5168950568178816,.6711883676337668,1.005272604294548,,.2745,.179,.1389,.0762,.2082,,.5647,.8046,.625,.6004,.6048,,.7003163162333427,.6365905543159192,.1510574449013309,.276708917415982,.5636702963366336,,.982209836749124,1.194726578219646,.5724450581096999,.976769113413481,1.136967635095971,,.4073,.2368,.2051,.0837,.4043,,.6589,.6756,.5991,.5556,.6524,,72409,11,2025,302.9788812785388,1167.774200913242,799.7293378995433,546.2243150684932,5065.578310502283,,1000000
11,.0578,.046554986,.4593,.38240001,13471000,.0274,.1438519697572622,.4004261339552652,.1998693608083599,.1389202882424975,.3010803722106408,.3649883921983406,,1.299969669510699,1.342005857062113,.5168950568178816,.6711883676337668,1.005272604294548,,.2745,.179,.1389,.0762,.2082,,.5647,.8046,.625,.6004,.6048,,.7003163162333427,.6365905543159192,.1510574449013309,.276708917415982,.5636702963366336,,.982209836749124,1.194726578219646,.5724450581096999,.976769113413481,1.136967635095971,,.4073,.2368,.2051,.0837,.4043,,.6589,.6756,.5991,.5556,.6524,,72409,11,2026,302.9788812785388,1167.774200913242,799.7293378995433,546.2243150684932,5065.578310502283,,1000000
11,.0578,.046554986,.4593,.38240001,13471000,.0274,.1438519697572622,.4004261339552652,.1998693608083599,.1389202882424975,.3010803722106408,.3649883921983406,,1.299969669510699,1.342005857062113,.5168950568178816,.6711883676337668,1.005272604294548,,.2745,.179,.1389,.0762,.2082,,.5647,.8046,.625,.6004,.6048,,.7003163162333427,.6365905543159192,.1510574449013309,.276708917415982,.5636702963366336,,.982209836749124,1.194726578219646,.5724450581096999,.976769113413481,1.136967635095971,,.4073,.2368,.2051,.0837,.4043,,.6589,.6756,.5991,.5556,.6524,,72409,11,2027,302.9788812785388,1167.774200913242,799.7293378995433,546.2243150684932,5065.578310502283,,1000000
12,.0488,.04052439,.4675,.39019999,25279000,.122,.1479487925516439,.1076179378535773,.029710886017703,.0832225511825387,.124215072591029,.119625543853378,,1.790979476405552,.7193373415104695,1.400076189078211,1.263026542463263,1.671745575309633,,.2766,.1928,.1643,.1243,.1938,,1.3256,.3825,.8802,.8625,1.1006,,.2742690286143403,.0343804979976709,.1128762879501998,.3209365212774067,.2562183894199252,,1.095862387961988,.4105030912403191,.8028617449791691,.5892150993091773,.9137739761517749,,.3963,.472,.2725,.2194,.3554,,2.0558,.4001,.9139,.8952,1.3809,,214192,12,2025,514.6154109589041,2097.804337899543,2793.458789954338,1046.780479452055,16984.96164383562,,1000000
12,.0488,.04052439,.4675,.39019999,25279000,.122,.1479487925516439,.1076179378535773,.029710886017703,.0832225511825387,.124215072591029,.119625543853378,,1.790979476405552,.7193373415104695,1.400076189078211,1.263026542463263,1.671745575309633,,.2766,.1845,.1584,.1243,.1938,,1.3256,.3825,.8134,.8091,1.0737,,.2742690286143403,.0343804979976709,.1128762879501998,.3209365212774067,.2562183894199252,,1.095862387961988,.4105030912403191,.8028617449791691,.5892150993091773,.9137739761517749,,.3963,.4028,.2569,.2104,.3554,,1.8787,.4001,.8159,.8182,1.276,,214192,12,2026,514.6154109589041,2097.804337899543,2793.458789954338,1046.780479452055,16984.96164383562,,1000000
12,.0488,.04052439,.4675,.39019999,25279000,.122,.1479487925516439,.1076179378535773,.029710886017703,.0832225511825387,.124215072591029,.119625543853378,,1.790979476405552,.7193373415104695,1.400076189078211,1.263026542463263,1.671745575309633,,.2766,.1761,.1525,.1243,.1938,,1.3256,.3825,.7465000000000001,.7557,1.0469,,.2742690286143403,.0343804979976709,.1128762879501998,.3209365212774067,.2562183894199252,,1.095862387961988,.4105030912403191,.8028617449791691,.5892150993091773,.9137739761517749,,.3963,.3336,.2413,.2013,.3554,,1.7015,.4001,.718,.7412,1.1711,,214192,12,2027,514.6154109589041,2097.804337899543,2793.458789954338,1046.780479452055,16984.96164383562,,1000000
14,.0629,.047548417,,0,274000,.4499,.4265873015873016,2.067144947373389,.5200018202324598,.5182035819425961,.7912090869939704,1.163087006294314,,5.595063010336526,1.772798699570633,2.339545218868365,2.856624345723182,3.981956836882819,,.952,1.0185,1.1763,1.0764,1.2775,,3.1749,2.2489,2.5666,2.6495,2.8912,,1.545213152719435,.2706079782823994,.6158814238251885,.536050687588801,.9461415643881995,,4.781320935793961,2.400265124154062,3.373980221358006,2.568074822673498,7.165936556438109,,1.4906,.4471,.6349,.5425,.9268,,3.6147,2.1503,2.4436,2.4134,3.519,,23597,14,2025,12.09303652968037,198.1783105022831,392.3408675799087,165.4027397260274,1161.427283105023,,1000000
14,.0629,.047548417,,0,274000,.4499,.4265873015873016,2.067144947373389,.5200018202324598,.5182035819425961,.7912090869939704,1.163087006294314,,5.595063010336526,1.772798699570633,2.339545218868365,2.856624345723182,3.981956836882819,,.7695,.7687,.7949000000000001,.7965,.9748,,2.9743,2.0415,2.2814,2.3559,2.6746,,1.545213152719435,.2706079782823994,.6158814238251885,.536050687588801,.9461415643881995,,4.781320935793961,2.400265124154062,3.373980221358006,2.568074822673498,7.165936556438109,,1.4795,.4471,.5745,.4497,.7956,,3.6147,2.0248,2.2793,2.3748,3.2983,,23597,14,2026,12.09303652968037,198.1783105022831,392.3408675799087,165.4027397260274,1161.427283105023,,1000000
14,.0629,.047548417,,0,274000,.4499,.4265873015873016,2.067144947373389,.5200018202324598,.5182035819425961,.7912090869939704,1.163087006294314,,5.595063010336526,1.772798699570633,2.339545218868365,2.856624345723182,3.981956836882819,,.587,.5189,.4136,.5165999999999999,.6722,,2.7737,1.834,1.9962,2.0623,2.4581,,1.545213152719435,.2706079782823994,.6158814238251885,.536050687588801,.9461415643881995,,4.781320935793961,2.400265124154062,3.373980221358006,2.568074822673498,7.165936556438109,,1.4683,.4471,.5142,.3569,.6644,,3.6147,1.8994,2.1151,2.3363,3.0775,,23597,14,2027,12.09303652968037,198.1783105022831,392.3408675799087,165.4027397260274,1161.427283105023,,1000000
15,.0404,.019906284,.6016,.63569999,23667000,.2212,.2882603868404137,.6317560144942813,1.819288837694039,.2059290854206342,.4806943505888201,.6243136659106646,,2.763592604824712,2.852076611907393,1.387143734618106,1.590374552943031,2.515363826841865,,.2902,.0566,.0322,.2009,.273,,1.9591,.8068,.7276,1.248,2.2841,,.5312221956759197,1.861749192353419,.358153275045629,.3433794924940728,.4134548381830811,,2.39006027962626,3.308798109805673,1.282416119425853,1.684246564884137,2.48504068875461,,.3138,.0964,.5065,.2733,.4267,,1.1803,.5747,.6914,.9084,1.3911,,892482,15,2025,487.3595890410959,4864.969748858448,79084.82534246576,854.7785388127854,13362.51164383562,,1000000
15,.0404,.019906284,.6016,.63569999,23667000,.2212,.2882603868404137,.6317560144942813,1.819288837694039,.2059290854206342,.4806943505888201,.6243136659106646,,2.763592604824712,2.852076611907393,1.387143734618106,1.590374552943031,2.515363826841865,,.2878,.0566,.0322,.1679,.2453,,1.6232,.652,.6626,.924,1.58,,.5312221956759197,1.861749192353419,.358153275045629,.3433794924940728,.4134548381830811,,2.39006027962626,3.308798109805673,1.282416119425853,1.684246564884137,2.48504068875461,,.3138,.0964,.3429,.2162,.3616,,1.1803,.5354,.6214,.7298,1.1638,,892482,15,2026,487.3595890410959,4864.969748858448,79084.82534246576,854.7785388127854,13362.51164383562,,1000000
15,.0404,.019906284,.6016,.63569999,23667000,.2212,.2882603868404137,.6317560144942813,1.819288837694039,.2059290854206342,.4806943505888201,.6243136659106646,,2.763592604824712,2.852076611907393,1.387143734618106,1.590374552943031,2.515363826841865,,.2853,.0566,.0322,.1348,.2177,,1.2874,.4973,.5976,.5999,.876,,.5312221956759197,1.861749192353419,.358153275045629,.3433794924940728,.4134548381830811,,2.39006027962626,3.308798109805673,1.282416119425853,1.684246564884137,2.48504068875461,,.3138,.0964,.1794,.159,.2965,,1.1803,.496,.5515,.5511,.9364,,892482,15,2027,487.3595890410959,4864.969748858448,79084.82534246576,854.7785388127854,13362.51164383562,,1000000
16,.0415,.03503548,.5016,.4332,21756000,0,0,0,0,0,0,0,,.6968101579436358,.0288185628320316,.0395216673804668,.0363150553501173,.2031688356155029,,.2406,.0041,.0011,.007,.0093,,1.0769,.0974,.093,.1178,.1245,,0,0,0,0,0,,.6387426447816661,.0241378161240422,.0231878726828411,.0255456519440674,.1588568038811081,,.2927,.004,.0022,.0096,.0126,,1.1677,.0272,.0546,.1244,.0901,,240128,16,2025,2.211643835616438,1755.056164383562,6877.887214611872,1158.874429223744,16398.11232876712,,1000000
16,.0415,.03503548,.5016,.4332,21756000,0,0,0,0,0,0,0,,.6968101579436358,.0288185628320316,.0395216673804668,.0363150553501173,.2031688356155029,,.2406,.0041,.0011,.007,.0093,,1.0769,.0974,.093,.1178,.1245,,0,0,0,0,0,,.6387426447816661,.0241378161240422,.0231878726828411,.0255456519440674,.1588568038811081,,.2927,.004,.0022,.0096,.0126,,1.1677,.0272,.0546,.1244,.0901,,240128,16,2026,2.211643835616438,1755.056164383562,6877.887214611872,1158.874429223744,16398.11232876712,,1000000
16,.0415,.03503548,.5016,.4332,21756000,0,0,0,0,0,0,0,,.6968101579436358,.0288185628320316,.0395216673804668,.0363150553501173,.2031688356155029,,.2406,.0041,.0011,.007,.0093,,1.0769,.0974,.093,.1178,.1245,,0,0,0,0,0,,.6387426447816661,.0241378161240422,.0231878726828411,.0255456519440674,.1588568038811081,,.2927,.004,.0022,.0096,.0126,,1.1677,.0272,.0546,.1244,.0901,,240128,16,2027,2.211643835616438,1755.056164383562,6877.887214611872,1158.874429223744,16398.11232876712,,1000000
17,.0409,.035485338,.4128,.55449998,10276000,.0067,0,.9720241985242845,.0177835497139273,.2146269032362311,.0054675785354776,.2877485685012685,,0,0,.0002155971476795,0,.0027945962633846,,.285,.1754,.1821,.1758,.2198,,.6819,.3658,.4653,.4304,.5569,,2.392011712261,.0355670994278546,.4186769449151004,.0106070229883929,.5545722124112372,,0,0,.000431194295359,0,.0043975536252693,,.2414,.0681,.0872,.0576,.087,,1.0062,.5432,.5931,.5856,.7845,,57094,17,2025,156.3361872146119,198.7432648401827,1992.97796803653,546.5384703196347,3006.536187214612,,1000000
17,.0409,.035485338,.4128,.55449998,10276000,.0067,0,.9720241985242845,.0177835497139273,.2146269032362311,.0054675785354776,.2877485685012685,,0,0,.0002155971476795,0,.0027945962633846,,.2669,.1278,.1349,.131,.1852,,.6819,.3543,.4506,.4304,.5569,,2.392011712261,.0355670994278546,.4186769449151004,.0106070229883929,.5545722124112372,,0,0,.000431194295359,0,.0043975536252693,,.2414,.0681,.0872,.0576,.087,,1.0062,.4384,.4819,.4651,.7321,,57094,17,2026,156.3361872146119,198.7432648401827,1992.97796803653,546.5384703196347,3006.536187214612,,1000000
17,.0409,.035485338,.4128,.55449998,10276000,.0067,0,.9720241985242845,.0177835497139273,.2146269032362311,.0054675785354776,.2877485685012685,,0,0,.0002155971476795,0,.0027945962633846,,.2489,.0801,.0876,.0861,.1507,,.6819,.3427,.4358,.4304,.5569,,2.392011712261,.0355670994278546,.4186769449151004,.0106070229883929,.5545722124112372,,0,0,.000431194295359,0,.0043975536252693,,.2414,.0681,.0872,.0576,.087,,1.0062,.3337,.3706,.3447,.6796,,57094,17,2027,156.3361872146119,198.7432648401827,1992.97796803653,546.5384703196347,3006.536187214612,,1000000
18,.0312,.029925445,.7819,.83130002,26913000,.0395,.1018699321529042,.1885412788151392,.1348077225967081,.1852394742521662,.1865206972963254,.2487128698606703,,1.595651069863918,.5128130979115108,.4734596229080433,.5961155857862727,1.239373931638494,,.1907,.0686,.0972,.1275,.1621,,1.1308,.3846,.4501,.5545,.7546,,.1449453691062615,.7382770820657015,.4749599994967454,.1506723470358087,.2115402186309372,,.9572509868369428,.2962732549834382,.3326563782252507,.3578283626306151,.7198241237736857,,.3041,.0312,.1154,.184,.1782,,.8108,.324,.3685,.3362,.6486,,462750,18,2025,800.2020547945206,7634.128652968036,21292.08847031964,4609.66997716895,15276.45479452055,,1000000
18,.0312,.029925445,.7819,.83130002,26913000,.0395,.1018699321529042,.1885412788151392,.1348077225967081,.1852394742521662,.1865206972963254,.2487128698606703,,1.595651069863918,.5128130979115108,.4734596229080433,.5961155857862727,1.239373931638494,,.1907,.0686,.0902,.1035,.1517,,1.1116,.3533,.4321,.4813,.7096,,.1449453691062615,.7382770820657015,.4749599994967454,.1506723470358087,.2115402186309372,,.9572509868369428,.2962732549834382,.3326563782252507,.3578283626306151,.7198241237736857,,.3037,.0312,.1001,.1358,.1782,,.8108,.3179,.3574,.3265,.6468,,462750,18,2026,800.2020547945206,7634.128652968036,21292.08847031964,4609.66997716895,15276.45479452055,,1000000
18,.0312,.029925445,.7819,.83130002,26913000,.0395,.1018699321529042,.1885412788151392,.1348077225967081,.1852394742521662,.1865206972963254,.2487128698606703,,1.595651069863918,.5128130979115108,.4734596229080433,.5961155857862727,1.239373931638494,,.1907,.0686,.0831,.0795,.1414,,1.0924,.3219,.4141,.408,.6645,,.1449453691062615,.7382770820657015,.4749599994967454,.1506723470358087,.2115402186309372,,.9572509868369428,.2962732549834382,.3326563782252507,.3578283626306151,.7198241237736857,,.3034,.0312,.0847,.0876,.1782,,.8108,.3118,.3463,.3169,.6449,,462750,18,2027,800.2020547945206,7634.128652968036,21292.08847031964,4609.66997716895,15276.45479452055,,1000000
19,.0336,.029302683,.585,.46849999,37128000,.0088,0,.0743411690732794,.0362717348105698,.036675367943992,.033968902954863,.0413792005495813,,.1050075562860578,.0305511708064269,.049533511256684,.0734498231439276,.1873414760512143,,.1888,.0519,.0775,.0608,.204,,.6966,.3019,.4618,.5293,.7314000000000001,,.0673176379527797,.2087997904140634,.0949464274733511,.1255393779557591,.0239673521070198,,.1056120591706838,.0139028292405832,.0357592523413115,.0556122990970944,.1490800050206098,,.1045,.1156,.0417,.019,.0676,,.249,.1506,.2722,.2921,.4581,,555171,19,2025,41.39406392694064,13891.56381278539,24413.69897260274,7025.74497716895,18951.4095890411,,1000000
19,.0336,.029302683,.585,.46849999,37128000,.0088,0,.0743411690732794,.0362717348105698,.036675367943992,.033968902954863,.0413792005495813,,.1050075562860578,.0305511708064269,.049533511256684,.0734498231439276,.1873414760512143,,.1888,.0514,.073,.0594,.1575,,.6966,.2785,.4029,.4321,.6576,,.0673176379527797,.2087997904140634,.0949464274733511,.1255393779557591,.0239673521070198,,.1056120591706838,.0139028292405832,.0357592523413115,.0556122990970944,.1490800050206098,,.1045,.0798,.0417,.019,.0676,,.249,.1506,.2701,.2599,.4581,,555171,19,2026,41.39406392694064,13891.56381278539,24413.69897260274,7025.74497716895,18951.4095890411,,1000000
19,.0336,.029302683,.585,.46849999,37128000,.0088,0,.0743411690732794,.0362717348105698,.036675367943992,.033968902954863,.0413792005495813,,.1050075562860578,.0305511708064269,.049533511256684,.0734498231439276,.1873414760512143,,.1888,.0508,.0684,.0581,.111,,.6966,.255,.3441,.3349,.5837,,.0673176379527797,.2087997904140634,.0949464274733511,.1255393779557591,.0239673521070198,,.1056120591706838,.0139028292405832,.0357592523413115,.0556122990970944,.1490800050206098,,.1045,.0439,.0416,.019,.0676,,.249,.1506,.2681,.2276,.4581,,555171,19,2027,41.39406392694064,13891.56381278539,24413.69897260274,7025.74497716895,18951.4095890411,,1000000
21,.0308,.030970732,.5673,.4664,8556000,0,0,0,0,0,0,.0008328443275115,,0,.0295094286716591,.2641701143773522,.0443788976727306,.129296046016334,,.0024,.0152,.0585,.009,.0989,,.2615,.2583,.4295,.3449,.4625,,0,0,0,0,.0013325509240183,,0,.0412287787748136,.3754370170741828,.0650758041594559,.2192359323820112,,.0047,.0255,.1439,.0114,.1849,,.7118,.2673,.6247,.4432,.7092000000000001,,63447,21,2025,153.0904109589041,2252.147602739726,1216.533105022831,530.0222602739726,3168.023401826484,,1000000
21,.0308,.030970732,.5673,.4664,8556000,0,0,0,0,0,0,.0008328443275115,,0,.0295094286716591,.2641701143773522,.0443788976727306,.129296046016334,,.0024,.0152,.0585,.009,.0989,,.2615,.2583,.4223,.3449,.4625,,0,0,0,0,.0013325509240183,,0,.0412287787748136,.3754370170741828,.0650758041594559,.2192359323820112,,.0047,.0255,.1146,.0114,.1833,,.7118,.2673,.4861,.3807,.6778999999999999,,63447,21,2026,153.0904109589041,2252.147602739726,1216.533105022831,530.0222602739726,3168.023401826484,,1000000
21,.0308,.030970732,.5673,.4664,8556000,0,0,0,0,0,0,.0008328443275115,,0,.0295094286716591,.2641701143773522,.0443788976727306,.129296046016334,,.0024,.0152,.0585,.009,.0989,,.2615,.2583,.4151,.3449,.4625,,0,0,0,0,.0013325509240183,,0,.0412287787748136,.3754370170741828,.0650758041594559,.2192359323820112,,.0047,.0255,.0854,.0114,.1816,,.7118,.2673,.3475,.3183,.6466,,63447,21,2027,153.0904109589041,2252.147602739726,1216.533105022831,530.0222602739726,3168.023401826484,,1000000
23,.0296,.027118733,.6827,.50160003,69131000,0,.0510872229419798,.2384192437839824,.4307551567824518,.2237446464032116,.0831561954571496,.0715632788161909,,.325844764653986,.1641860823819892,.5033891762567185,.5712130048970078,.4080483729112053,,.025,.0062,.0373,.022,.1496,,.0742,.0311,.0482,.1055,.0689,,.2837372526993296,.1443734705718708,.2050674978369753,.0714395418866426,.316954070699528,,.4343255017099532,.2115090101202615,.7101373798423132,.7543056167588693,.7027469565801017,,.0061,.0069,.0131,.0336,.0514,,.1725,.1461,.1101,.2749,.2665,,460641,23,2025,504.2439497716895,9886.2850456621,16715.09394977169,7496.213812785388,16419.82808219178,,1000000
23,.0296,.027118733,.6827,.50160003,69131000,0,.0510872229419798,.2384192437839824,.4307551567824518,.2237446464032116,.0831561954571496,.0715632788161909,,.325844764653986,.1641860823819892,.5033891762567185,.5712130048970078,.4080483729112053,,.025,.0062,.0373,.022,.1369,,.0742,.0311,.0482,.1055,.0689,,.2837372526993296,.1443734705718708,.2050674978369753,.0714395418866426,.316954070699528,,.4343255017099532,.2115090101202615,.7101373798423132,.7543056167588693,.7027469565801017,,.0061,.0069,.0131,.0336,.0514,,.1725,.1461,.1101,.2704,.2665,,460641,23,2026,504.2439497716895,9886.2850456621,16715.09394977169,7496.213812785388,16419.82808219178,,1000000
23,.0296,.027118733,.6827,.50160003,69131000,0,.0510872229419798,.2384192437839824,.4307551567824518,.2237446464032116,.0831561954571496,.0715632788161909,,.325844764653986,.1641860823819892,.5033891762567185,.5712130048970078,.4080483729112053,,.025,.0062,.0373,.022,.1241,,.0742,.0311,.0482,.1055,.0689,,.2837372526993296,.1443734705718708,.2050674978369753,.0714395418866426,.316954070699528,,.4343255017099532,.2115090101202615,.7101373798423132,.7543056167588693,.7027469565801017,,.0061,.0069,.0131,.0336,.0514,,.1725,.1461,.1101,.2659,.2665,,460641,23,2027,504.2439497716895,9886.2850456621,16715.09394977169,7496.213812785388,16419.82808219178,,1000000
24,.0485,.00085194426,.5596,.54000002,12000,0,0,,0,,,0,,,0,,,0,,.3121,.2086,.1464,.1701,.2385,,1.4144,0,.7171,.7249,0,,,0,,,0,,,0,,,0,,.5265,.1875,.2299,.1938,.1779,,1.6563,0,.6851,.7037,0,,16433,24,2025,,1708.469520547945,,,23.10616438356164,,1000000
24,.0485,.00085194426,.5596,.54000002,12000,0,0,,0,,,0,,,0,,,0,,.3121,.1879,.1464,.1701,.2385,,1.4144,0,.7171,.7249,0,,,0,,,0,,,0,,,0,,.5265,.1875,.2299,.1938,.1779,,1.6563,0,.6851,.7037,0,,16433,24,2026,,1708.469520547945,,,23.10616438356164,,1000000
24,.0485,.00085194426,.5596,.54000002,12000,0,0,,0,,,0,,,0,,,0,,.3121,.1672,.1464,.1701,.2385,,1.4144,0,.7171,.7249,0,,,0,,,0,,,0,,,0,,.5265,.1875,.2299,.1938,.1779,,1.6563,0,.6851,.7037,0,,16433,24,2027,,1708.469520547945,,,23.10616438356164,,1000000
29,.0491,.058466185,.442,.36000001,9378000,.2241,.0097601784718349,.1281591074460344,.1202590735544414,.2314180294224874,.1384688761053419,.2728455062515105,,.9461816809864346,.6460718524311149,.7121738137553861,.4406303133196114,1.013306010068969,,.3021,.1239,.2168,.1907,.2869,,1.7782,1.5651,1.5888,1.756,1.7235,,.1281591074460344,.1381663063311714,.2885156590177289,.1491838338057086,.3327759949668586,,1.544452872160851,1.056687342257388,1.298100836132892,.9538204621445923,1.960461083931953,,.4548,.1623,.3923,.2273,.4121,,2.2533,1.8873,1.8938,2.0866,2.1495,,59590,29,2025,232.9777397260274,620.4052511415525,880.7989726027397,632.591095890411,3858.866666666667,,1000000
29,.0491,.058466185,.442,.36000001,9378000,.2241,.0097601784718349,.1281591074460344,.1202590735544414,.2314180294224874,.1384688761053419,.2728455062515105,,.9461816809864346,.6460718524311149,.7121738137553861,.4406303133196114,1.013306010068969,,.3021,.1239,.1862,.1868,.2843,,1.6198,1.1095,1.1751,1.2636,1.3937,,.1281591074460344,.1381663063311714,.2885156590177289,.1491838338057086,.3327759949668586,,1.544452872160851,1.056687342257388,1.298100836132892,.9538204621445923,1.960461083931953,,.4548,.1623,.3196,.2162,.3938,,1.9888,1.2738,1.3142,1.4234,1.672,,59590,29,2026,232.9777397260274,620.4052511415525,880.7989726027397,632.591095890411,3858.866666666667,,1000000
29,.0491,.058466185,.442,.36000001,9378000,.2241,.0097601784718349,.1281591074460344,.1202590735544414,.2314180294224874,.1384688761053419,.2728455062515105,,.9461816809864346,.6460718524311149,.7121738137553861,.4406303133196114,1.013306010068969,,.3021,.1239,.1556,.183,.2818,,1.4614,.6538,.7614,.7712,1.0639,,.1281591074460344,.1381663063311714,.2885156590177289,.1491838338057086,.3327759949668586,,1.544452872160851,1.056687342257388,1.298100836132892,.9538204621445923,1.960461083931953,,.4548,.1623,.2468,.205,.3754,,1.7243,.6603,.7346,.7602,1.1944,,59590,29,2027,232.9777397260274,620.4052511415525,880.7989726027397,632.591095890411,3858.866666666667,,1000000
30,.0296,.025819136,.4789,.58209997,17015000,0,.0001523229246002,0,0,0,0,.0028541865162274,,.8147413897238034,.0453116797635341,.0800451682895049,.0823530645117525,.1016087632958061,,.2466,.1546,.1502,.1574,.2027,,.341,.1967,.0876,.0859,.2268,,0,0,0,0,.0028541865162274,,1.833612822389442,.0929666022196274,.1584192838341879,.178018731751517,.2168116337876351,,.0663,.065,.0629,.0627,.1671,,.4654,.216,.0811,.0915,.2637,,92567,30,2025,32.13082191780822,2587.106506849315,2484.771461187215,1851.13698630137,3218.175799086758,,1000000
30,.0296,.025819136,.4789,.58209997,17015000,0,.0001523229246002,0,0,0,0,.0028541865162274,,.8147413897238034,.0453116797635341,.0800451682895049,.0823530645117525,.1016087632958061,,.2411,.1081,.1128,.1129,.1642,,.341,.1967,.0876,.0859,.2268,,0,0,0,0,.0028541865162274,,1.833612822389442,.0929666022196274,.1584192838341879,.178018731751517,.2168116337876351,,.0663,.065,.0628,.0627,.1601,,.4654,.216,.0811,.0915,.2637,,92567,30,2026,32.13082191780822,2587.106506849315,2484.771461187215,1851.13698630137,3218.175799086758,,1000000
30,.0296,.025819136,.4789,.58209997,17015000,0,.0001523229246002,0,0,0,0,.0028541865162274,,.8147413897238034,.0453116797635341,.0800451682895049,.0823530645117525,.1016087632958061,,.2357,.0616,.0754,.0683,.1256,,.341,.1967,.0876,.0859,.2268,,0,0,0,0,.0028541865162274,,1.833612822389442,.0929666022196274,.1584192838341879,.178018731751517,.2168116337876351,,.0663,.065,.0628,.0627,.1532,,.4654,.216,.0811,.0915,.2637,,92567,30,2027,32.13082191780822,2587.106506849315,2484.771461187215,1851.13698630137,3218.175799086758,,1000000
31,.0273,.02369239,.6511,.60869998,13627000,.0055,.0003229974160207,0,.0027914174824011,.0574023882795631,.0028893504590072,.0677316180597176,,1.794789709327951,.2153101098741166,.6126263486573027,.4924121747580006,.8170682184464267,,.0716,.0019,.0366,.0803,.0784,,.9681999999999999,.1612,.2507,.0871,.2583,,0,.0055259554852161,.0797298815949757,.0052697883881679,.1393711575237882,,1.747288143456979,.226288643420348,.574677039069733,.3229166334550371,.7627147189296376,,.0303,.0019,.0808,.0798,.1204,,.5859,.188,.2098,.0848,.2378,,97162,31,2025,4.920890410958904,7490.670662100457,1063.536643835616,465.4551369863014,2156.114155251142,,1000000
31,.0273,.02369239,.6511,.60869998,13627000,.0055,.0003229974160207,0,.0027914174824011,.0574023882795631,.0028893504590072,.0677316180597176,,1.794789709327951,.2153101098741166,.6126263486573027,.4924121747580006,.8170682184464267,,.0716,.0019,.0366,.0803,.0784,,.9681999999999999,.1612,.2507,.0871,.2583,,0,.0055259554852161,.0797298815949757,.0052697883881679,.1393711575237882,,1.747288143456979,.226288643420348,.574677039069733,.3229166334550371,.7627147189296376,,.0303,.0019,.0808,.0798,.1204,,.5859,.188,.2098,.0848,.2378,,97162,31,2026,4.920890410958904,7490.670662100457,1063.536643835616,465.4551369863014,2156.114155251142,,1000000
31,.0273,.02369239,.6511,.60869998,13627000,.0055,.0003229974160207,0,.0027914174824011,.0574023882795631,.0028893504590072,.0677316180597176,,1.794789709327951,.2153101098741166,.6126263486573027,.4924121747580006,.8170682184464267,,.0716,.0019,.0366,.0803,.0784,,.9681999999999999,.1612,.2507,.0871,.2583,,0,.0055259554852161,.0797298815949757,.0052697883881679,.1393711575237882,,1.747288143456979,.226288643420348,.574677039069733,.3229166334550371,.7627147189296376,,.0303,.0019,.0808,.0798,.1204,,.5859,.188,.2098,.0848,.2378,,97162,31,2027,4.920890410958904,7490.670662100457,1063.536643835616,465.4551369863014,2156.114155251142,,1000000
33,.0266,.021097891,.553,.4844,92642000,.0036,0,.109546967899624,.0065042247598299,.018613251795479,.0242376505011508,.0729581343276993,,.012041374136446,.0416838738540552,.1340574930015849,.0675587002525836,.1004972274810171,,.0289,.0813,.0162,.0241,.0843,0,1.017,.3432,.3903,.3219,.6049,.0801,.2185415778175184,.0323957667406533,.0147221788250933,.0260757620537874,.1374782388029853,,.0189316031790972,.042320700040397,.1254809797574783,.0572490847946855,.1054108217797598,,.0441,.0555,.0187,.0289,.1246,0,.3281,.3213,.2142,.1686,.3024,.0093,744719,33,2025,382.2342465753425,33165.55285388128,23058.34349315069,6125.10296803653,20562.42123287671,,1000000
33,.0266,.021097891,.553,.4844,92642000,.0036,0,.109546967899624,.0065042247598299,.018613251795479,.0242376505011508,.0729581343276993,,.012041374136446,.0416838738540552,.1340574930015849,.0675587002525836,.1004972274810171,,.0289,.068,.0162,.0241,.0843,0,1.017,.3049,.3732,.3219,.6012,.0801,.2185415778175184,.0323957667406533,.0147221788250933,.0260757620537874,.1374782388029853,,.0189316031790972,.042320700040397,.1254809797574783,.0572490847946855,.1054108217797598,,.0441,.054,.0187,.0289,.1246,0,.3281,.2874,.2142,.1686,.3024,.0093,744719,33,2026,382.2342465753425,33165.55285388128,23058.34349315069,6125.10296803653,20562.42123287671,,1000000
33,.0266,.021097891,.553,.4844,92642000,.0036,0,.109546967899624,.0065042247598299,.018613251795479,.0242376505011508,.0729581343276993,,.012041374136446,.0416838738540552,.1340574930015849,.0675587002525836,.1004972274810171,,.0289,.0547,.0162,.0241,.0843,0,1.017,.2665,.3561,.3219,.5975,.0801,.2185415778175184,.0323957667406533,.0147221788250933,.0260757620537874,.1374782388029853,,.0189316031790972,.042320700040397,.1254809797574783,.0572490847946855,.1054108217797598,,.0441,.0525,.0187,.0289,.1246,0,.3281,.2536,.2142,.1686,.3024,.0093,744719,33,2027,382.2342465753425,33165.55285388128,23058.34349315069,6125.10296803653,20562.42123287671,,1000000
35,.0302,.02793281,.52,.47850001,51161000,.0066,.0001006988500191,.0666074493501004,.0073162703696903,.0208654037338171,.0460518889974804,.0403073606175931,,.1544334780809615,.1232445556211933,.1485291483579687,.074462291713108,.2120780279020164,,.0908,.0108,.0182,.0177,.0512,,.3281,.1186,.2823,.2724,.4116,,.1406620002078535,.0244272316884836,.0482034330920642,.0778143768722546,.0755519194511362,,.2530339066218249,.1548255353925244,.1389339877848404,.0659795478644943,.1775474905132561,,.1839,.0125,.0287,.0314,.0957,,.6718,.1355,.2675,.2451,.4385,,594677,35,2025,436.4390410958904,14715.91860730594,22755.64440639269,7916.970319634704,20221.49840182648,,1000000
35,.0302,.02793281,.52,.47850001,51161000,.0066,.0001006988500191,.0666074493501004,.0073162703696903,.0208654037338171,.0460518889974804,.0403073606175931,,.1544334780809615,.1232445556211933,.1485291483579687,.074462291713108,.2120780279020164,,.0908,.0108,.0182,.0177,.0512,,.3281,.1186,.2823,.2724,.4116,,.1406620002078535,.0244272316884836,.0482034330920642,.0778143768722546,.0755519194511362,,.2530339066218249,.1548255353925244,.1389339877848404,.0659795478644943,.1775474905132561,,.1839,.0125,.0287,.0314,.0957,,.6718,.1355,.2675,.2409,.4385,,594677,35,2026,436.4390410958904,14715.91860730594,22755.64440639269,7916.970319634704,20221.49840182648,,1000000
35,.0302,.02793281,.52,.47850001,51161000,.0066,.0001006988500191,.0666074493501004,.0073162703696903,.0208654037338171,.0460518889974804,.0403073606175931,,.1544334780809615,.1232445556211933,.1485291483579687,.074462291713108,.2120780279020164,,.0908,.0108,.0182,.0177,.0512,,.3281,.1186,.2823,.2724,.4116,,.1406620002078535,.0244272316884836,.0482034330920642,.0778143768722546,.0755519194511362,,.2530339066218249,.1548255353925244,.1389339877848404,.0659795478644943,.1775474905132561,,.1839,.0125,.0287,.0314,.0957,,.6718,.1355,.2675,.2368,.4385,,594677,35,2027,436.4390410958904,14715.91860730594,22755.64440639269,7916.970319634704,20221.49840182648,,1000000
37,.0372,.035547286,.3939,.29100001,33697000,.0621,.0281714583212819,.0691009436979354,.0024403810939982,.0065833967046668,.0047195661380308,.0371977299639367,,1.080129427232717,.0966750603805978,.1852364101391508,.2073406408500476,.4809793243423067,,.1007,.0029,.0146,.0136,.0306,,1.5776,.3832,.6076,.6524,.9349,,.1075253840699997,.0025479649428799,.0079265156342914,.0096845228231244,.0618862785513979,,.8298205312256228,.0373807521683507,.092139506641262,.0954962553580036,.3675312329240577,,.2312,.0039,.0297,.0353,.0685,,1.649,.1854,.3808,.5354,.8298,,345596,37,2025,2810.944634703196,11003.87682648402,6375.350456621005,2014.928652968036,11712.52488584475,,1000000
37,.0372,.035547286,.3939,.29100001,33697000,.0621,.0281714583212819,.0691009436979354,.0024403810939982,.0065833967046668,.0047195661380308,.0371977299639367,,1.080129427232717,.0966750603805978,.1852364101391508,.2073406408500476,.4809793243423067,,.1007,.0029,.0146,.0136,.0306,,1.4397,.3832,.6076,.6333,.9133,,.1075253840699997,.0025479649428799,.0079265156342914,.0096845228231244,.0618862785513979,,.8298205312256228,.0373807521683507,.092139506641262,.0954962553580036,.3675312329240577,,.2312,.0039,.0297,.0353,.0685,,1.5711,.1854,.3808,.5354,.8298,,345596,37,2026,2810.944634703196,11003.87682648402,6375.350456621005,2014.928652968036,11712.52488584475,,1000000
37,.0372,.035547286,.3939,.29100001,33697000,.0621,.0281714583212819,.0691009436979354,.0024403810939982,.0065833967046668,.0047195661380308,.0371977299639367,,1.080129427232717,.0966750603805978,.1852364101391508,.2073406408500476,.4809793243423067,,.1007,.0029,.0146,.0136,.0306,,1.3018,.3832,.6076,.6141,.8915999999999999,,.1075253840699997,.0025479649428799,.0079265156342914,.0096845228231244,.0618862785513979,,.8298205312256228,.0373807521683507,.092139506641262,.0954962553580036,.3675312329240577,,.2312,.0039,.0297,.0353,.0685,,1.4933,.1854,.3808,.5354,.8298,,345596,37,2027,2810.944634703196,11003.87682648402,6375.350456621005,2014.928652968036,11712.52488584475,,1000000
38,.0264,.019581994,.5394,.46090001,40207000,.0016,0,0,.0012313073374143,.0022275154457293,.0069112496575482,.0452320247155033,,.2940560928058068,.3050343067816118,.2103170408628696,.2026679670977457,.2247136854070523,,.1083,.12,.0639,.042,.0703,,.6415999999999999,.0226,.0989,.1617,.1443,,0,.0009830821401309,.0040209774712588,.0199218871998591,.1082991915432151,,.2946322406661461,.3195297018889623,.1624822534545515,.1675579115688101,.2159531868686599,,.2037,.3952,.069,.0687,.3025,,.6016,.032,.1087,.1271,.1276,,326933,38,2025,429.6003424657534,14517.46130136986,10559.91529680365,1987.164497716895,9042.445205479453,,1000000
38,.0264,.019581994,.5394,.46090001,40207000,.0016,0,0,.0012313073374143,.0022275154457293,.0069112496575482,.0452320247155033,,.2940560928058068,.3050343067816118,.2103170408628696,.2026679670977457,.2247136854070523,,.1083,.0917,.0639,.042,.0703,,.6415999999999999,.0226,.0989,.1617,.1443,,0,.0009830821401309,.0040209774712588,.0199218871998591,.1082991915432151,,.2946322406661461,.3195297018889623,.1624822534545515,.1675579115688101,.2159531868686599,,.2037,.2337,.0677,.0687,.2302,,.6016,.032,.1087,.1271,.1276,,326933,38,2026,429.6003424657534,14517.46130136986,10559.91529680365,1987.164497716895,9042.445205479453,,1000000
38,.0264,.019581994,.5394,.46090001,40207000,.0016,0,0,.0012313073374143,.0022275154457293,.0069112496575482,.0452320247155033,,.2940560928058068,.3050343067816118,.2103170408628696,.2026679670977457,.2247136854070523,,.1083,.0635,.0639,.042,.0703,,.6415999999999999,.0226,.0989,.1617,.1443,,0,.0009830821401309,.0040209774712588,.0199218871998591,.1082991915432151,,.2946322406661461,.3195297018889623,.1624822534545515,.1675579115688101,.2159531868686599,,.2037,.0723,.0665,.0687,.1579,,.6016,.032,.1087,.1271,.1276,,326933,38,2027,429.6003424657534,14517.46130136986,10559.91529680365,1987.164497716895,9042.445205479453,,1000000
40,.0338,.028287612,.5311,.4377,6378000,0,0,0,.0001132364746026,.0018713976132239,.0379245515010567,.050388756283295,,0,0,.0019745448093676,.004311853235151,.0068013239977197,,0,.005,.0232,.0096,.0256,,0,0,.0118,.0021,.0175,,0,.0000197967139508,.0041734049762414,.0051739226234451,.0186093214987564,,0,0,.0019745448093676,.004311853235151,.0128547355124031,,0,.004,.0224,.0053,.0246,,0,0,.0214,.0042,.0238,,56173,40,2025,.6268264840182648,1982.959817351598,1277.15696347032,543.1295662100457,2426.820662100457,,1000000
40,.0338,.028287612,.5311,.4377,6378000,0,0,0,.0001132364746026,.0018713976132239,.0379245515010567,.050388756283295,,0,0,.0019745448093676,.004311853235151,.0068013239977197,,0,.005,.0232,.0096,.0256,,0,0,.0118,.0021,.0175,,0,.0000197967139508,.0041734049762414,.0051739226234451,.0186093214987564,,0,0,.0019745448093676,.004311853235151,.0128547355124031,,0,.004,.0224,.0053,.0246,,0,0,.0214,.0042,.0238,,56173,40,2026,.6268264840182648,1982.959817351598,1277.15696347032,543.1295662100457,2426.820662100457,,1000000
40,.0338,.028287612,.5311,.4377,6378000,0,0,0,.0001132364746026,.0018713976132239,.0379245515010567,.050388756283295,,0,0,.0019745448093676,.004311853235151,.0068013239977197,,0,.005,.0232,.0096,.0256,,0,0,.0118,.0021,.0175,,0,.0000197967139508,.0041734049762414,.0051739226234451,.0186093214987564,,0,0,.0019745448093676,.004311853235151,.0128547355124031,,0,.004,.0224,.0053,.0246,,0,0,.0214,.0042,.0238,,56173,40,2027,.6268264840182648,1982.959817351598,1277.15696347032,543.1295662100457,2426.820662100457,,1000000
43,.0292,.031572059,.57,.46250001,17645000,0,.0015411712901805,.0049145148411805,.0001602977004865,0,0,.0026812065143238,,2.600758800273586,2.480365034770404,2.214451241294788,2.768778827868409,2.653057604178551,,0,.0636,.1392,.0585,.119,,.1515,.0541,.1168,.1434,.1565,,.0057336006480439,.0001870139839009,0,0,.0031280742667111,,1.976151329297713,1.310162937931155,1.105986421152345,1.345388962391302,1.49664480278379,,0,.0282,.0841,.0248,.1044,,.1957,.0784,.1688,.1283,.151,,139047,43,2025,111.6578767123288,7404.886643835616,2997.404109589041,903.548401826484,4070.187671232877,,1000000
43,.0292,.031572059,.57,.46250001,17645000,0,.0015411712901805,.0049145148411805,.0001602977004865,0,0,.0026812065143238,,2.600758800273586,2.480365034770404,2.214451241294788,2.768778827868409,2.653057604178551,,0,.0636,.121,.0585,.119,,.1515,.0541,.1168,.1434,.1565,,.0057336006480439,.0001870139839009,0,0,.0031280742667111,,1.976151329297713,1.310162937931155,1.105986421152345,1.345388962391302,1.49664480278379,,0,.0282,.0841,.0248,.1044,,.1957,.0784,.1688,.1283,.151,,139047,43,2026,111.6578767123288,7404.886643835616,2997.404109589041,903.548401826484,4070.187671232877,,1000000
43,.0292,.031572059,.57,.46250001,17645000,0,.0015411712901805,.0049145148411805,.0001602977004865,0,0,.0026812065143238,,2.600758800273586,2.480365034770404,2.214451241294788,2.768778827868409,2.653057604178551,,0,.0636,.1029,.0585,.119,,.1515,.0541,.1168,.1434,.1565,,.0057336006480439,.0001870139839009,0,0,.0031280742667111,,1.976151329297713,1.310162937931155,1.105986421152345,1.345388962391302,1.49664480278379,,0,.0282,.0841,.0248,.1044,,.1957,.0784,.1688,.1283,.151,,139047,43,2027,111.6578767123288,7404.886643835616,2997.404109589041,903.548401826484,4070.187671232877,,1000000
49,.0422,.028430436,.4408,.43970001,5605000,.0645,.0298578199052133,.8936491392455088,.2987729012285024,.68073087713257,.6987952042730501,.6922844204130046,,1.248840958524973,.2699751287904985,.5053345736949325,.2735689862198203,.6328654693065093,,.3707,.1051,.0997,.027,.2238,,1.2561,.4312,.5256,.2704,.8129,,2.177863776889169,.7613624728881697,1.438065587010804,2.160064690880121,1.621460618804601,,3.080103896375851,.6610764986424409,.9951001665157516,.3091205885777435,1.542862232818232,,.8178,.2054,.2171,.0444,.4748,,1.5773,.5397,.6446,.317,1.1863,,121384,49,2025,1115.731621004566,357.8251141552511,967.337100456621,584.0149543378996,2979.016666666667,,1000000
49,.0422,.028430436,.4408,.43970001,5605000,.0645,.0298578199052133,.8936491392455088,.2987729012285024,.68073087713257,.6987952042730501,.6922844204130046,,1.248840958524973,.2699751287904985,.5053345736949325,.2735689862198203,.6328654693065093,,.3707,.1051,.0997,.027,.2238,,1.2561,.4312,.5256,.2704,.8129,,2.177863776889169,.7613624728881697,1.438065587010804,2.160064690880121,1.621460618804601,,3.080103896375851,.6610764986424409,.9951001665157516,.3091205885777435,1.542862232818232,,.8178,.2054,.2171,.0444,.4748,,1.5773,.5397,.6446,.317,1.1863,,121384,49,2026,1115.731621004566,357.8251141552511,967.337100456621,584.0149543378996,2979.016666666667,,1000000
49,.0422,.028430436,.4408,.43970001,5605000,.0645,.0298578199052133,.8936491392455088,.2987729012285024,.68073087713257,.6987952042730501,.6922844204130046,,1.248840958524973,.2699751287904985,.5053345736949325,.2735689862198203,.6328654693065093,,.3707,.1051,.0997,.027,.2238,,1.2561,.4312,.5256,.2704,.8129,,2.177863776889169,.7613624728881697,1.438065587010804,2.160064690880121,1.621460618804601,,3.080103896375851,.6610764986424409,.9951001665157516,.3091205885777435,1.542862232818232,,.8178,.2054,.2171,.0444,.4748,,1.5773,.5397,.6446,.317,1.1863,,121384,49,2027,1115.731621004566,357.8251141552511,967.337100456621,584.0149543378996,2979.016666666667,,1000000
62,.0265,.022568164,.6403,.60549998,287368992,.0073,.0009914565196559,.3312575404511863,.0526244675711011,.2001807840927682,.1861768490954433,.3670317141931527,,.7208821193947901,.1183257263842805,.3159195719087521,.2791715844493018,.4230073828063637,,.0954,.0202,.0413,.062,.0637,,.9469,.302,.4375,.4096,.5803,,.1533791411788261,.0224523064495382,.0561774617854797,.0557803041764362,.1426181819867682,,.3627321379974002,.084731495567783,.1932371908465783,.181294688452164,.2792222634435062,,.1281,.0314,.0563,.0961,.087,,.9577,.2003,.2471,.2319,.3578,,4410638,62,2025,285.6549086757991,160497.8005707762,190468.5045662101,33188.0401826484,100846.9113013699,,1000000
62,.0265,.022568164,.6403,.60549998,287368992,.0073,.0009914565196559,.3312575404511863,.0526244675711011,.2001807840927682,.1861768490954433,.3670317141931527,,.7208821193947901,.1183257263842805,.3159195719087521,.2791715844493018,.4230073828063637,,.0954,.0202,.0413,.0575,.0637,,.9469,.2706,.3825,.3635,.5723,,.1533791411788261,.0224523064495382,.0561774617854797,.0557803041764362,.1426181819867682,,.3627321379974002,.084731495567783,.1932371908465783,.181294688452164,.2792222634435062,,.1281,.0314,.0435,.0694,.087,,.9577,.2003,.2471,.2191,.3578,,4410638,62,2026,285.6549086757991,160497.8005707762,190468.5045662101,33188.0401826484,100846.9113013699,,1000000
62,.0265,.022568164,.6403,.60549998,287368992,.0073,.0009914565196559,.3312575404511863,.0526244675711011,.2001807840927682,.1861768490954433,.3670317141931527,,.7208821193947901,.1183257263842805,.3159195719087521,.2791715844493018,.4230073828063637,,.0954,.0202,.0413,.0529,.0637,,.9469,.2391,.3274,.3174,.5644,,.1533791411788261,.0224523064495382,.0561774617854797,.0557803041764362,.1426181819867682,,.3627321379974002,.084731495567783,.1932371908465783,.181294688452164,.2792222634435062,,.1281,.0314,.0306,.0427,.087,,.9577,.2003,.2471,.2063,.3578,,4410638,62,2027,285.6549086757991,160497.8005707762,190468.5045662101,33188.0401826484,100846.9113013699,,1000000
64,.0404,.03254668,.4829,.39700001,11863000,.01,.091812865497076,.753692534793438,.1071423068055116,.4117083722539665,.1642613850458583,1.022419959905114,0,2.374486652244549,1.389579522204454,.7063664593489305,.4139215958106777,1.354738356137543,3,.0763,.1172,.0405,.007,.0484,,.4482,.3719,.1597,.0767,.3069,,.1563153710395885,.0318640600493766,.1444293682396878,.1013032724996946,.2677883940746318,0,1.794625611853419,1.884534414614255,1.26204041231667,.4960591039660314,1.342553580757823,8.300000000000001,.1295,.2924,.0764,.0142,.094,,.6257,.4236,.1441,.0834,.3192,,93773,64,2025,239.8860730593607,3178.089840182648,1273.422374429224,508.05399543379,5237.632534246575,89.84474885844749,1000000
64,.0404,.03254668,.4829,.39700001,11863000,.01,.091812865497076,.753692534793438,.1071423068055116,.4117083722539665,.1642613850458583,1.022419959905114,0,2.374486652244549,1.389579522204454,.7063664593489305,.4139215958106777,1.354738356137543,3,.0763,.1172,.0405,.007,.0484,,.4482,.3719,.1597,.0767,.3069,,.1563153710395885,.0318640600493766,.1444293682396878,.1013032724996946,.2677883940746318,0,1.794625611853419,1.884534414614255,1.26204041231667,.4960591039660314,1.342553580757823,8.300000000000001,.1295,.2552,.0764,.0142,.094,,.6257,.4236,.1441,.0834,.3192,,93773,64,2026,239.8860730593607,3178.089840182648,1273.422374429224,508.05399543379,5237.632534246575,89.84474885844749,1000000
64,.0404,.03254668,.4829,.39700001,11863000,.01,.091812865497076,.753692534793438,.1071423068055116,.4117083722539665,.1642613850458583,1.022419959905114,0,2.374486652244549,1.389579522204454,.7063664593489305,.4139215958106777,1.354738356137543,3,.0763,.1172,.0405,.007,.0484,,.4482,.3719,.1597,.0767,.3069,,.1563153710395885,.0318640600493766,.1444293682396878,.1013032724996946,.2677883940746318,0,1.794625611853419,1.884534414614255,1.26204041231667,.4960591039660314,1.342553580757823,8.300000000000001,.1295,.218,.0764,.0142,.094,,.6257,.4236,.1441,.0834,.3192,,93773,64,2027,239.8860730593607,3178.089840182648,1273.422374429224,508.05399543379,5237.632534246575,89.84474885844749,1000000
67,.0405,.036224402,.5135,.44,4276000,0,0,0,.3659337364496229,.0054893782744911,.142217095907482,.0428654453951173,,.7431308512954495,.1069169387613406,.1389778901777241,.4387660716473779,.2717333988289359,,.1757,.1128,.1118,.0734,.156,,0,.2834,.0764,.1244,.1008,,0,1.105643420487693,.0145468524274015,.6177293612468383,.1930927299703528,,1.312864503955294,.1888865918117016,.2455276059806458,.7751533932437008,.4745121267826798,,.3614,.2522,.2356,.1531,.3801,,0,.4335,.1357,.1808,.1338,,23244,67,2025,5.243150684931507,366.6450913242009,822.1980593607306,295.3295662100456,1072.259931506849,,1000000
67,.0405,.036224402,.5135,.44,4276000,0,0,0,.3659337364496229,.0054893782744911,.142217095907482,.0428654453951173,,.7431308512954495,.1069169387613406,.1389778901777241,.4387660716473779,.2717333988289359,,.1757,.0855,.0925,.0693,.1385,,0,.2802,.0764,.1244,.1008,,0,1.105643420487693,.0145468524274015,.6177293612468383,.1930927299703528,,1.312864503955294,.1888865918117016,.2455276059806458,.7751533932437008,.4745121267826798,,.3151,.1563,.1459,.1087,.2625,,0,.3491,.1357,.1808,.1338,,23244,67,2026,5.243150684931507,366.6450913242009,822.1980593607306,295.3295662100456,1072.259931506849,,1000000
67,.0405,.036224402,.5135,.44,4276000,0,0,0,.3659337364496229,.0054893782744911,.142217095907482,.0428654453951173,,.7431308512954495,.1069169387613406,.1389778901777241,.4387660716473779,.2717333988289359,,.1757,.0582,.0733,.0651,.1211,,0,.277,.0764,.1244,.1008,,0,1.105643420487693,.0145468524274015,.6177293612468383,.1930927299703528,,1.312864503955294,.1888865918117016,.2455276059806458,.7751533932437008,.4745121267826798,,.2688,.0604,.0563,.0644,.145,,0,.2647,.1357,.1808,.1338,,23244,67,2027,5.243150684931507,366.6450913242009,822.1980593607306,295.3295662100456,1072.259931506849,,1000000
72,.043,.031001627,.4985,.42699999,17871000,.0007,0,.4383929584746726,.0343527408427318,.3654317620832637,.1701779780500819,.5850109006423093,,.9122461236396298,.2030902524440356,.2643234426609319,.2206240865395505,.5887482025251775,,.1637,.1059,.1918,.2002,.2687,,.5072,.2993,.4089,.4037,.4644,,.4295520261267902,.0105099023114453,.1015384249330687,.0815395456341119,.2732707437719444,,1.225946869353062,.1858810531446601,.230396529440332,.2008964460641206,.5480278757299097,,.3325,.3994,.5576,.5803,.5760999999999999,,.4642,.171,.2859,.1872,.4002,,103801,72,2025,606.5259132420091,4741.215410958904,1229.822831050228,650.0788812785388,4263.813926940639,,1000000
72,.043,.031001627,.4985,.42699999,17871000,.0007,0,.4383929584746726,.0343527408427318,.3654317620832637,.1701779780500819,.5850109006423093,,.9122461236396298,.2030902524440356,.2643234426609319,.2206240865395505,.5887482025251775,,.1637,.1059,.172,.1892,.2687,,.5072,.2993,.4089,.4037,.4644,,.4295520261267902,.0105099023114453,.1015384249330687,.0815395456341119,.2732707437719444,,1.225946869353062,.1858810531446601,.230396529440332,.2008964460641206,.5480278757299097,,.3325,.3659,.3991,.3906,.4722,,.4642,.171,.2859,.1872,.4002,,103801,72,2026,606.5259132420091,4741.215410958904,1229.822831050228,650.0788812785388,4263.813926940639,,1000000
72,.043,.031001627,.4985,.42699999,17871000,.0007,0,.4383929584746726,.0343527408427318,.3654317620832637,.1701779780500819,.5850109006423093,,.9122461236396298,.2030902524440356,.2643234426609319,.2206240865395505,.5887482025251775,,.1637,.1059,.1522,.1782,.2687,,.5072,.2993,.4089,.4037,.4644,,.4295520261267902,.0105099023114453,.1015384249330687,.0815395456341119,.2732707437719444,,1.225946869353062,.1858810531446601,.230396529440332,.2008964460641206,.5480278757299097,,.3325,.3324,.2406,.2009,.3683,,.4642,.171,.2859,.1872,.4002,,103801,72,2027,606.5259132420091,4741.215410958904,1229.822831050228,650.0788812785388,4263.813926940639,,1000000
74,.0439,.038056526,.245,.1004,4041000,.0394,0,.4365769311823228,.3055148306305499,.058251928900142,.0111828126166465,.285314699744423,,.6602784306635328,.5896223999180522,.6235079986224535,.5712385540930733,.6536785611933954,,.1377,.0699,.027,.0421,.09,,1.1979,.6571,.3173,.2251,.8515,,.8404083949144392,.7432198068251419,.0937949342181766,.0014910416822195,.453931593757757,,.66537765714266,.617871475337768,.4102069865619772,.4404275814348133,1.124707150208499,,.2811,.1218,.0347,.0115,.1344,,1.1877,.7042,.2275,.1532,.8314,,52895,74,2025,99.12865296803653,71.32283105022832,306.9449771689498,142.2090182648402,2235.027054794521,,1000000
74,.0439,.038056526,.245,.1004,4041000,.0394,0,.4365769311823228,.3055148306305499,.058251928900142,.0111828126166465,.285314699744423,,.6602784306635328,.5896223999180522,.6235079986224535,.5712385540930733,.6536785611933954,,.1377,.0699,.027,.0421,.09,,1.1979,.6165,.3173,.2251,.8515,,.8404083949144392,.7432198068251419,.0937949342181766,.0014910416822195,.453931593757757,,.66537765714266,.617871475337768,.4102069865619772,.4404275814348133,1.124707150208499,,.2811,.1218,.0347,.0115,.1344,,1.1877,.6414,.2275,.1532,.8314,,52895,74,2026,99.12865296803653,71.32283105022832,306.9449771689498,142.2090182648402,2235.027054794521,,1000000
74,.0439,.038056526,.245,.1004,4041000,.0394,0,.4365769311823228,.3055148306305499,.058251928900142,.0111828126166465,.285314699744423,,.6602784306635328,.5896223999180522,.6235079986224535,.5712385540930733,.6536785611933954,,.1377,.0699,.027,.0421,.09,,1.1979,.5759,.3173,.2251,.8515,,.8404083949144392,.7432198068251419,.0937949342181766,.0014910416822195,.453931593757757,,.66537765714266,.617871475337768,.4102069865619772,.4404275814348133,1.124707150208499,,.2811,.1218,.0347,.0115,.1344,,1.1877,.5785,.2275,.1532,.8314,,52895,74,2027,99.12865296803653,71.32283105022832,306.9449771689498,142.2090182648402,2235.027054794521,,1000000
75,.0405,.02965229,.3688,.28400001,6680000,.2028,.1402597402597403,.2144218914448954,.1734539134041439,.1527371538060502,.0694702854389149,.2848508736768182,,4.700801383250639,1.359045187917434,.4095283398954485,.2037763308055562,1.435439821646758,,.4272,.1781,.1254,.1511,.2456,,3.2742,1.0897,.7355,.6157,1.4496,,.3039134340700645,.2234202493801408,.1038670500433184,.0110238793630639,.1395842761414544,,4.495429734876961,1.703542636122579,.2778158932854025,.0831214731904132,1.206770043470083,,.404,.5214,.1519,.3425,.2342,,2.6958,.9308,.6322,.4928,1.2578,,83029,75,2025,151.8493150684932,959.9966894977169,1707.688698630137,616.3783105022831,5378.224315068494,,1000000
75,.0405,.02965229,.3688,.28400001,6680000,.2028,.1402597402597403,.2144218914448954,.1734539134041439,.1527371538060502,.0694702854389149,.2848508736768182,,4.700801383250639,1.359045187917434,.4095283398954485,.2037763308055562,1.435439821646758,,.3456,.1397,.1136,.1289,.2124,,2.2307,.7485000000000001,.6195000000000001,.5586,1.1086,,.3039134340700645,.2234202493801408,.1038670500433184,.0110238793630639,.1395842761414544,,4.495429734876961,1.703542636122579,.2778158932854025,.0831214731904132,1.206770043470083,,.3866,.34,.1428,.234,.2342,,2.0116,.6661,.5392,.4619,1.0224,,83029,75,2026,151.8493150684932,959.9966894977169,1707.688698630137,616.3783105022831,5378.224315068494,,1000000
75,.0405,.02965229,.3688,.28400001,6680000,.2028,.1402597402597403,.2144218914448954,.1734539134041439,.1527371538060502,.0694702854389149,.2848508736768182,,4.700801383250639,1.359045187917434,.4095283398954485,.2037763308055562,1.435439821646758,,.2641,.1014,.1017,.1066,.1791,,1.1873,.4073,.5034,.5014999999999999,.7675999999999999,,.3039134340700645,.2234202493801408,.1038670500433184,.0110238793630639,.1395842761414544,,4.495429734876961,1.703542636122579,.2778158932854025,.0831214731904132,1.206770043470083,,.3692,.1586,.1338,.1256,.2342,,1.3275,.4015,.4462,.4309,.7871,,83029,75,2027,151.8493150684932,959.9966894977169,1707.688698630137,616.3783105022831,5378.224315068494,,1000000
77,.0322,.031081872,.5543,.33070001,16554000,.05,.0442522522522523,.0422582336305454,.0003582056732476,.0024007718958808,.0175847353005676,.0620584506517745,,.2796691504769526,.5103687694313626,.1307095473607325,.158687280023577,.448565300318804,,.2334,.1507,.0522,.0331,.1749,,1.1497,.4017,.317,.2918,.7683,,.0371336949792642,.0002465576408875,.0010082381283836,.0112048035399576,.0384231992015228,,.3800016117993118,.1097556733239397,.1309710289543261,.1852124047980465,.5475332171863198,,.4749,.1188,.0752,.0437,.2478,,.8642,.1934,.2724,.3707,.6375,,334568,77,2025,1699.085273972603,7778.814611872146,6777.595662100457,2679.270890410959,11240.80570776256,,1000000
77,.0322,.031081872,.5543,.33070001,16554000,.05,.0442522522522523,.0422582336305454,.0003582056732476,.0024007718958808,.0175847353005676,.0620584506517745,,.2796691504769526,.5103687694313626,.1307095473607325,.158687280023577,.448565300318804,,.2334,.1345,.0522,.0331,.1749,,1.1497,.4017,.317,.2918,.7683,,.0371336949792642,.0002465576408875,.0010082381283836,.0112048035399576,.0384231992015228,,.3800016117993118,.1097556733239397,.1309710289543261,.1852124047980465,.5475332171863198,,.442,.1188,.0752,.0437,.2478,,.8642,.1934,.2724,.3707,.6375,,334568,77,2026,1699.085273972603,7778.814611872146,6777.595662100457,2679.270890410959,11240.80570776256,,1000000
77,.0322,.031081872,.5543,.33070001,16554000,.05,.0442522522522523,.0422582336305454,.0003582056732476,.0024007718958808,.0175847353005676,.0620584506517745,,.2796691504769526,.5103687694313626,.1307095473607325,.158687280023577,.448565300318804,,.2334,.1183,.0522,.0331,.1749,,1.1497,.4017,.317,.2918,.7683,,.0371336949792642,.0002465576408875,.0010082381283836,.0112048035399576,.0384231992015228,,.3800016117993118,.1097556733239397,.1309710289543261,.1852124047980465,.5475332171863198,,.4091,.1188,.0752,.0437,.2478,,.8642,.1934,.2724,.3707,.6375,,334568,77,2027,1699.085273972603,7778.814611872146,6777.595662100457,2679.270890410959,11240.80570776256,,1000000
78,.0356,.033702984,.5127,.51190001,28338000,.0228,.0249112703408558,.0043311313715856,.0428253248643979,.1000854609794031,.123293774438789,.2622707075394946,,1.142745354952594,.3589911519523069,.2013008648886405,.391293741586094,.5635898470544052,,.4183,.0854,.06,.1034,.1794,,.6287,.2427,.2071,.3098,.597,,.0000721855228598,.2432526198295122,.1480244059816227,.3000931469931736,.5873257498021166,,.5738010530593923,.2926444660713394,.1790360804764228,.2816455261207941,.6724183732223539,,.8464,.377,.1115,.18,.3332,,.9167,.1405,.1854,.1902,.4674,,308489,78,2025,12.5458904109589,5633.804794520548,11255.77111872146,1862.471689497717,15167.62066210046,,1000000
78,.0356,.033702984,.5127,.51190001,28338000,.0228,.0249112703408558,.0043311313715856,.0428253248643979,.1000854609794031,.123293774438789,.2622707075394946,,1.142745354952594,.3589911519523069,.2013008648886405,.391293741586094,.5635898470544052,,.3347,.0843,.06,.0962,.1672,,.6287,.2427,.2071,.3098,.597,,.0000721855228598,.2432526198295122,.1480244059816227,.3000931469931736,.5873257498021166,,.5738010530593923,.2926444660713394,.1790360804764228,.2816455261207941,.6724183732223539,,.5866,.247,.1072,.1409,.2683,,.9167,.1405,.1854,.1902,.4674,,308489,78,2026,12.5458904109589,5633.804794520548,11255.77111872146,1862.471689497717,15167.62066210046,,1000000
78,.0356,.033702984,.5127,.51190001,28338000,.0228,.0249112703408558,.0043311313715856,.0428253248643979,.1000854609794031,.123293774438789,.2622707075394946,,1.142745354952594,.3589911519523069,.2013008648886405,.391293741586094,.5635898470544052,,.2511,.0832,.06,.0891,.1549,,.6287,.2427,.2071,.3098,.597,,.0000721855228598,.2432526198295122,.1480244059816227,.3000931469931736,.5873257498021166,,.5738010530593923,.2926444660713394,.1790360804764228,.2816455261207941,.6724183732223539,,.3267,.117,.1028,.1019,.2033,,.9167,.1405,.1854,.1902,.4674,,308489,78,2027,12.5458904109589,5633.804794520548,11255.77111872146,1862.471689497717,15167.62066210046,,1000000
80,.0372,.054562308,.3898,.32570001,35740000,.0038,0,.1629471617853682,.0123832312854377,.0680370033389981,.0842866628634876,.1310425853309913,,.0719740665752843,.0029605283210124,.0075385407041728,.0016528723830641,.0183354957733366,,.1177,.0137,.0206,.0231,.0669,,.2607,.2824,.4634,.4402,.4159,,.258926190649702,.0133015244629024,.0766796201428649,.1945991512027157,.2005898828249638,,.1086627494992552,.0036889503290468,.0115051092402779,.0029063006068878,.0280485119883806,,.1702,.0206,.0276,.024,.0833,,.4648,.3215,.514,.4756,.5974,,259978,80,2025,2417.042579908676,4194.765296803653,4841.498173515982,1103.378767123288,14549.80936073059,,1000000
80,.0372,.054562308,.3898,.32570001,35740000,.0038,0,.1629471617853682,.0123832312854377,.0680370033389981,.0842866628634876,.1310425853309913,,.0719740665752843,.0029605283210124,.0075385407041728,.0016528723830641,.0183354957733366,,.1177,.0137,.0206,.0231,.0669,,.2607,.2824,.4595,.4402,.4159,,.258926190649702,.0133015244629024,.0766796201428649,.1945991512027157,.2005898828249638,,.1086627494992552,.0036889503290468,.0115051092402779,.0029063006068878,.0280485119883806,,.1702,.0206,.0276,.024,.0833,,.4648,.3215,.4533,.4227,.5974,,259978,80,2026,2417.042579908676,4194.765296803653,4841.498173515982,1103.378767123288,14549.80936073059,,1000000
80,.0372,.054562308,.3898,.32570001,35740000,.0038,0,.1629471617853682,.0123832312854377,.0680370033389981,.0842866628634876,.1310425853309913,,.0719740665752843,.0029605283210124,.0075385407041728,.0016528723830641,.0183354957733366,,.1177,.0137,.0206,.0231,.0669,,.2607,.2824,.4555,.4402,.4159,,.258926190649702,.0133015244629024,.0766796201428649,.1945991512027157,.2005898828249638,,.1086627494992552,.0036889503290468,.0115051092402779,.0029063006068878,.0280485119883806,,.1702,.0206,.0276,.024,.0833,,.4648,.3215,.3926,.3698,.5974,,259978,80,2027,2417.042579908676,4194.765296803653,4841.498173515982,1103.378767123288,14549.80936073059,,1000000
83,.0494,.046448711,.4899,.41499999,8602000,.0341,0,0,0,0,0,0,0,0,0,0,0,0,0,.0053,.3188,.25,.3465,.5057,0,1.2396,.537,.4971,.4984,.8344,0,0,0,0,0,0,0,0,0,0,0,0,0,.0079,.5503,.5382,.5085,.8367,0,1.1939,1.0424,.8433,.7423,1.2597,0,65793,83,2025,.2699771689497717,712.8889269406393,2390.454566210046,406.922602739726,3100.208219178082,322.1732876712329,1000000
83,.0494,.046448711,.4899,.41499999,8602000,.0341,0,0,0,0,0,0,0,0,0,0,0,0,0,.0053,.297,.2365,.3109,.4521,0,1.2396,.537,.4971,.4984,.8344,0,0,0,0,0,0,0,0,0,0,0,0,0,.0079,.5503,.4431,.3881,.6629,0,1.1939,1.0132,.8433,.7423,1.2597,0,65793,83,2026,.2699771689497717,712.8889269406393,2390.454566210046,406.922602739726,3100.208219178082,322.1732876712329,1000000
83,.0494,.046448711,.4899,.41499999,8602000,.0341,0,0,0,0,0,0,0,0,0,0,0,0,0,.0053,.2752,.223,.2752,.3985,0,1.2396,.537,.4971,.4984,.8344,0,0,0,0,0,0,0,0,0,0,0,0,0,.0079,.5503,.348,.2677,.4891,0,1.1939,.9841,.8433,.7423,1.2597,0,65793,83,2027,.2699771689497717,712.8889269406393,2390.454566210046,406.922602739726,3100.208219178082,322.1732876712329,1000000
85,.0314,.038049281,.2963,.257,26306000,.0532,.0803267211201867,.3379526149473952,.2008927183270274,.219385810669816,.1569727452408507,.3611341226367191,0,1.776759849196733,.8747467746078776,.7162973015916178,.6190792496018435,1.19705384144555,.184889310354252,.3045,.0937,.143,.1208,.2522,.1852,1.2117,.5401,.6463,.631,.9445,0,.5916889586651607,2.579157494251323,.2900430118424071,.3711798568165236,.4928130803514874,0,1.803073656534018,1.146146713056202,.9843794759875838,.7006158064392878,1.283248595465457,.3666971322025999,.4846,.2736,.2259,.1744,.3641,.4413,.8742,.4458,.4876,.4547,.7742,0,1653093,85,2025,3462.341666666667,24233.63801369863,33309.74646118721,9635.219748858448,47113.82363013698,2217.866552511416,1000000
85,.0314,.038049281,.2963,.257,26306000,.0532,.0803267211201867,.3379526149473952,.2008927183270274,.219385810669816,.1569727452408507,.3611341226367191,0,1.776759849196733,.8747467746078776,.7162973015916178,.6190792496018435,1.19705384144555,.184889310354252,.2961,.0937,.1333,.1208,.2371,.1852,1.2117,.5238,.6273,.621,.9164,0,.5916889586651607,2.579157494251323,.2900430118424071,.3711798568165236,.4928130803514874,0,1.803073656534018,1.146146713056202,.9843794759875838,.7006158064392878,1.283248595465457,.3666971322025999,.4655,.2538,.2051,.1684,.3332,.4413,.8742,.4458,.4876,.4547,.7742,0,1653093,85,2026,3462.341666666667,24233.63801369863,33309.74646118721,9635.219748858448,47113.82363013698,2217.866552511416,1000000
85,.0314,.038049281,.2963,.257,26306000,.0532,.0803267211201867,.3379526149473952,.2008927183270274,.219385810669816,.1569727452408507,.3611341226367191,0,1.776759849196733,.8747467746078776,.7162973015916178,.6190792496018435,1.19705384144555,.184889310354252,.2877,.0937,.1236,.1208,.222,.1852,1.2117,.5075,.6083,.6111,.8882,0,.5916889586651607,2.579157494251323,.2900430118424071,.3711798568165236,.4928130803514874,0,1.803073656534018,1.146146713056202,.9843794759875838,.7006158064392878,1.283248595465457,.3666971322025999,.4464,.2341,.1842,.1624,.3022,.4413,.8742,.4458,.4876,.4547,.7742,0,1653093,85,2027,3462.341666666667,24233.63801369863,33309.74646118721,9635.219748858448,47113.82363013698,2217.866552511416,1000000
86,.0304,.029108426,.5643,.57309997,67786000,.0133,.0401104752964962,.0969228135973154,.0004980015910374,.0026548367796604,.0031793405978886,.0246924111390782,0,2.763544764454563,.1588837391270184,.486812934994297,.4267737879928916,1.148249347817137,0,.1874,.016,.0641,.0627,.0939,0,1.0792,.0839,.207,.1655,.4791,0,.0497244673121146,.0010633039976851,.0086712155821876,.0022591141260008,.0376646292482415,0,2.562735549760053,.0878951697492469,.2536609602116447,.2564322145050534,.8240234959634987,0,.3041,.0111,.0244,.0232,.1083,0,1.1093,.0728,.149,.1665,.4985,0,1094872,86,2025,484.2011415525114,34464.4605022831,39004.1950913242,11097.61723744292,32249.00570776256,3101.744520547945,1000000
86,.0304,.029108426,.5643,.57309997,67786000,.0133,.0401104752964962,.0969228135973154,.0004980015910374,.0026548367796604,.0031793405978886,.0246924111390782,0,2.763544764454563,.1588837391270184,.486812934994297,.4267737879928916,1.148249347817137,0,.1874,.016,.0641,.0627,.0939,0,1.0706,.0839,.207,.1655,.4791,0,.0497244673121146,.0010633039976851,.0086712155821876,.0022591141260008,.0376646292482415,0,2.562735549760053,.0878951697492469,.2536609602116447,.2564322145050534,.8240234959634987,0,.2933,.0111,.0244,.0232,.1083,0,1.1093,.0728,.149,.1665,.4985,0,1094872,86,2026,484.2011415525114,34464.4605022831,39004.1950913242,11097.61723744292,32249.00570776256,3101.744520547945,1000000
86,.0304,.029108426,.5643,.57309997,67786000,.0133,.0401104752964962,.0969228135973154,.0004980015910374,.0026548367796604,.0031793405978886,.0246924111390782,0,2.763544764454563,.1588837391270184,.486812934994297,.4267737879928916,1.148249347817137,0,.1874,.016,.0641,.0627,.0939,0,1.0621,.0839,.207,.1655,.4791,0,.0497244673121146,.0010633039976851,.0086712155821876,.0022591141260008,.0376646292482415,0,2.562735549760053,.0878951697492469,.2536609602116447,.2564322145050534,.8240234959634987,0,.2824,.0111,.0244,.0232,.1083,0,1.1093,.0728,.149,.1665,.4985,0,1094872,86,2027,484.2011415525114,34464.4605022831,39004.1950913242,11097.61723744292,32249.00570776256,3101.744520547945,1000000
87,.0294,.026162185,.6424,.59539998,40301000,.0011,0,0,.0020024791785986,.0187768662050141,.0033714946733405,.0044156489193475,,.892148797511472,.4543757199917424,.560563281056245,.31749289612073,.6386638509001265,,.1173,.1211,.0798,.1082,.1423,,.3025,.2461,.2551,.1688,.3023,,0,.0004004958357197,.0037553732410028,.0006742989346681,.0008831297838695,,.9129208602731042,.491714992024154,.4714338780835698,.2650779112890639,.6857999185226047,,.0359,.0398,.0298,.0363,.0731,,.1929,.1427,.1603,.1067,.2033,,354978,87,2025,35.52374429223745,11628.90684931507,14836.11780821918,7112.206735159817,7596.115867579909,,1000000
87,.0294,.026162185,.6424,.59539998,40301000,.0011,0,0,.0020024791785986,.0187768662050141,.0033714946733405,.0044156489193475,,.892148797511472,.4543757199917424,.560563281056245,.31749289612073,.6386638509001265,,.1173,.085,.0735,.0821,.1253,,.3025,.2461,.2551,.1688,.3023,,0,.0004004958357197,.0037553732410028,.0006742989346681,.0008831297838695,,.9129208602731042,.491714992024154,.4714338780835698,.2650779112890639,.6857999185226047,,.0359,.0396,.0298,.0363,.0731,,.1929,.1427,.1603,.1067,.2033,,354978,87,2026,35.52374429223745,11628.90684931507,14836.11780821918,7112.206735159817,7596.115867579909,,1000000
87,.0294,.026162185,.6424,.59539998,40301000,.0011,0,0,.0020024791785986,.0187768662050141,.0033714946733405,.0044156489193475,,.892148797511472,.4543757199917424,.560563281056245,.31749289612073,.6386638509001265,,.1173,.0488,.0671,.0561,.1082,,.3025,.2461,.2551,.1688,.3023,,0,.0004004958357197,.0037553732410028,.0006742989346681,.0008831297838695,,.9129208602731042,.491714992024154,.4714338780835698,.2650779112890639,.6857999185226047,,.0359,.0393,.0298,.0363,.0731,,.1929,.1427,.1603,.1067,.2033,,354978,87,2027,35.52374429223745,11628.90684931507,14836.11780821918,7112.206735159817,7596.115867579909,,1000000
90,.0308,.033879463,.55,.4901,35474000,.1246,.125358485756166,.0498337154387325,.0019004146079891,.0008084098545654,.0001323334118196,.0078294381887975,,3.311664608447009,.3230755283660958,.4165737256167341,.4448477095859797,1.158396513552741,,.1377,.1348,.135,.1625,.1676,,3.0431,.5014999999999999,.6103,.6021,1.2054,,.0953613249627135,.0038134152629562,.0007006218739567,.0001146889569103,.0104925321770048,,4.592329407867737,.4456886695090236,.4705500569844439,.4216761696879607,1.510591490563831,,.1174,.0417,.039,.0446,.0588,,2.6746,.4319,.4717,.4497,1.0639,,374209,90,2025,481.789497716895,16314.33230593607,8322.75399543379,2864.806278538813,12248.7605022831,,1000000
90,.0308,.033879463,.55,.4901,35474000,.1246,.125358485756166,.0498337154387325,.0019004146079891,.0008084098545654,.0001323334118196,.0078294381887975,,3.311664608447009,.3230755283660958,.4165737256167341,.4448477095859797,1.158396513552741,,.1377,.1227,.1214,.1389,.1676,,2.1307,.4683,.5714,.5669999999999999,1.0033,,.0953613249627135,.0038134152629562,.0007006218739567,.0001146889569103,.0104925321770048,,4.592329407867737,.4456886695090236,.4705500569844439,.4216761696879607,1.510591490563831,,.1174,.0417,.039,.0446,.0588,,2.0235,.4313,.4717,.4497,.9486,,374209,90,2026,481.789497716895,16314.33230593607,8322.75399543379,2864.806278538813,12248.7605022831,,1000000
90,.0308,.033879463,.55,.4901,35474000,.1246,.125358485756166,.0498337154387325,.0019004146079891,.0008084098545654,.0001323334118196,.0078294381887975,,3.311664608447009,.3230755283660958,.4165737256167341,.4448477095859797,1.158396513552741,,.1377,.1105,.1078,.1153,.1676,,1.2182,.4351,.5325,.5319,.8011,,.0953613249627135,.0038134152629562,.0007006218739567,.0001146889569103,.0104925321770048,,4.592329407867737,.4456886695090236,.4705500569844439,.4216761696879607,1.510591490563831,,.1174,.0417,.039,.0446,.0588,,1.3723,.4307,.4717,.4497,.8333,,374209,90,2027,481.789497716895,16314.33230593607,8322.75399543379,2864.806278538813,12248.7605022831,,1000000
91,.0298,.027446765,.625,.65710002,46478000,.0026,.0044947224887632,0,.0159053614591728,.036198021225374,.0193318211340042,.0758394942640859,,.5121741579581212,.0485844400624953,.1314417475508703,.2157809015908789,.5165041850479539,,.1289,.1105,.0797,.0405,.1385,,.3869,.0838,.3226,.3174,.4178,,0,.0354668339807361,.0971196912490834,.021490832823703,.1193473619829134,,.3439584061743262,.1161819643465326,.1207718234480087,.1396369977082962,.3591173707689385,,.0215,.0259,.0536,.0079,.0617,,.3042,.1128,.1884,.1407,.3278,,333154,91,2025,23.50776255707763,6319.743721461187,15201.35,6158.588698630137,8813.161757990867,,1000000
91,.0298,.027446765,.625,.65710002,46478000,.0026,.0044947224887632,0,.0159053614591728,.036198021225374,.0193318211340042,.0758394942640859,,.5121741579581212,.0485844400624953,.1314417475508703,.2157809015908789,.5165041850479539,,.1289,.0884,.0791,.0405,.1352,,.3869,.0838,.3226,.3174,.4178,,0,.0354668339807361,.0971196912490834,.021490832823703,.1193473619829134,,.3439584061743262,.1161819643465326,.1207718234480087,.1396369977082962,.3591173707689385,,.0215,.0259,.0536,.0079,.0617,,.3042,.1128,.1884,.1407,.3278,,333154,91,2026,23.50776255707763,6319.743721461187,15201.35,6158.588698630137,8813.161757990867,,1000000
91,.0298,.027446765,.625,.65710002,46478000,.0026,.0044947224887632,0,.0159053614591728,.036198021225374,.0193318211340042,.0758394942640859,,.5121741579581212,.0485844400624953,.1314417475508703,.2157809015908789,.5165041850479539,,.1289,.0662,.0785,.0405,.132,,.3869,.0838,.3226,.3174,.4178,,0,.0354668339807361,.0971196912490834,.021490832823703,.1193473619829134,,.3439584061743262,.1161819643465326,.1207718234480087,.1396369977082962,.3591173707689385,,.0215,.0259,.0536,.0079,.0617,,.3042,.1128,.1884,.1407,.3278,,333154,91,2027,23.50776255707763,6319.743721461187,15201.35,6158.588698630137,8813.161757990867,,1000000
92,.0296,.023742998,.615,.6261,36105000,.0005,0,0,.0115776461386674,.0303283591944991,.0283836782730551,.1098921372690573,,0,.0584188701828832,.0272975663750573,.0437679001276876,.0906999018212357,,0,.0153,.0152,.019,.0389,,.5728,.1701,.3805,.4149,.4762,,0,.017101021630194,.0304723579152784,.0314617512215793,.1930527920921523,,0,.0565098835594004,.0267084548995915,.0467476027415188,.0874296268558671,,0,.002,.019,.0264,.045,,1.5803,.2666,.3656,.3876,.5847,,506423,92,2025,9.209817351598174,8334.692351598174,30523.72054794521,4681.447945205479,12906.63573059361,,1000000
92,.0296,.023742998,.615,.6261,36105000,.0005,0,0,.0115776461386674,.0303283591944991,.0283836782730551,.1098921372690573,,0,.0584188701828832,.0272975663750573,.0437679001276876,.0906999018212357,,0,.0153,.0152,.019,.0389,,.5728,.1701,.3652,.3779,.4762,,0,.017101021630194,.0304723579152784,.0314617512215793,.1930527920921523,,0,.0565098835594004,.0267084548995915,.0467476027415188,.0874296268558671,,0,.002,.019,.0264,.045,,1.3358,.257,.3201,.3112,.5635,,506423,92,2026,9.209817351598174,8334.692351598174,30523.72054794521,4681.447945205479,12906.63573059361,,1000000
92,.0296,.023742998,.615,.6261,36105000,.0005,0,0,.0115776461386674,.0303283591944991,.0283836782730551,.1098921372690573,,0,.0584188701828832,.0272975663750573,.0437679001276876,.0906999018212357,,0,.0153,.0152,.019,.0389,,.5728,.1701,.3498,.3409,.4762,,0,.017101021630194,.0304723579152784,.0314617512215793,.1930527920921523,,0,.0565098835594004,.0267084548995915,.0467476027415188,.0874296268558671,,0,.002,.019,.0264,.045,,1.0913,.2474,.2745,.2349,.5423,,506423,92,2027,9.209817351598174,8334.692351598174,30523.72054794521,4681.447945205479,12906.63573059361,,1000000
93,.0322,.021332938,.5765,.54839998,39229000,.117,.1290428501067148,.0583589832220356,.0174433780041929,.0163185593836739,.0229353052381122,.1522929799779521,,4.316520818649945,1.714158154656722,1.92552521809768,1.264788415633118,1.870115014914041,,.1795,.0286,.0499,.0473,.1977,,2.2172,.8923,.5991,.6543,1.2778,,.1647087466716507,.0227442620682517,.0298734756102304,.0526706354044677,.3608811263675674,,5.413724985666904,1.957382410502214,1.064507431181291,.8831404105823003,2.260526768791165,,.4084,.1032,.1174,.1141,.4169,,2.4068,.4847,.6168,.8364,1.5248,,417664,93,2025,973.5875570776255,11481.27077625571,19444.87385844749,2361.267579908676,12681.65890410959,,1000000
93,.0322,.021332938,.5765,.54839998,39229000,.117,.1290428501067148,.0583589832220356,.0174433780041929,.0163185593836739,.0229353052381122,.1522929799779521,,4.316520818649945,1.714158154656722,1.92552521809768,1.264788415633118,1.870115014914041,,.1795,.0286,.0499,.0473,.1912,,1.7095,.6563,.5581,.585,1.0305,,.1647087466716507,.0227442620682517,.0298734756102304,.0526706354044677,.3608811263675674,,5.413724985666904,1.957382410502214,1.064507431181291,.8831404105823003,2.260526768791165,,.3938,.1032,.1174,.1141,.3334,,1.8776,.4499,.5391,.6423,1.1667,,417664,93,2026,973.5875570776255,11481.27077625571,19444.87385844749,2361.267579908676,12681.65890410959,,1000000
93,.0322,.021332938,.5765,.54839998,39229000,.117,.1290428501067148,.0583589832220356,.0174433780041929,.0163185593836739,.0229353052381122,.1522929799779521,,4.316520818649945,1.714158154656722,1.92552521809768,1.264788415633118,1.870115014914041,,.1795,.0286,.0499,.0473,.1848,,1.2017,.4203,.517,.5157,.7832,,.1647087466716507,.0227442620682517,.0298734756102304,.0526706354044677,.3608811263675674,,5.413724985666904,1.957382410502214,1.064507431181291,.8831404105823003,2.260526768791165,,.3792,.1032,.1174,.1141,.2499,,1.3484,.4151,.4614,.4482,.8087,,417664,93,2027,973.5875570776255,11481.27077625571,19444.87385844749,2361.267579908676,12681.65890410959,,1000000
98,.0224,.020439899,.3562,.28639999,23952000,.016,0,.0146753684773334,.0029776044493277,.0118111956427274,.0193043345270692,.1031787089753965,,.8468629495905287,.6135294433913271,.4543055073715437,.3127123550696932,.545630829557615,,.3255,.1241,.1045,.111,.1805,,1.3418,.4275,.508,.5222,.718,,.0249481264114667,.0028225238511512,.0163508125414116,.0174847816350176,.1573880331294258,,.675874520055974,.4946585736026219,.1050791419587248,.229966114652192,.2873834710611233,,.3766,.0375,.0438,.0759,.1392,,2.4478,.6776,.718,.7798,1.0703,,355628,98,2025,73.44646118721461,5530.977739726028,5008.453310502283,1776.4600456621,7614.823630136986,,1000000
98,.0224,.020439899,.3562,.28639999,23952000,.016,0,.0146753684773334,.0029776044493277,.0118111956427274,.0193043345270692,.1031787089753965,,.8468629495905287,.6135294433913271,.4543055073715437,.3127123550696932,.545630829557615,,.292,.1088,.1005,.105,.1745,,1.2511,.4053,.4931,.4986,.718,,.0249481264114667,.0028225238511512,.0163508125414116,.0174847816350176,.1573880331294258,,.675874520055974,.4946585736026219,.1050791419587248,.229966114652192,.2873834710611233,,.3636,.0375,.0438,.0759,.1392,,1.8683,.5269,.5679999999999999,.5893,.9086,,355628,98,2026,73.44646118721461,5530.977739726028,5008.453310502283,1776.4600456621,7614.823630136986,,1000000
98,.0224,.020439899,.3562,.28639999,23952000,.016,0,.0146753684773334,.0029776044493277,.0118111956427274,.0193043345270692,.1031787089753965,,.8468629495905287,.6135294433913271,.4543055073715437,.3127123550696932,.545630829557615,,.2584,.0935,.0965,.099,.1686,,1.1605,.3832,.4782,.4751,.718,,.0249481264114667,.0028225238511512,.0163508125414116,.0174847816350176,.1573880331294258,,.675874520055974,.4946585736026219,.1050791419587248,.229966114652192,.2873834710611233,,.3506,.0375,.0438,.0759,.1392,,1.2887,.3761,.418,.3987,.747,,355628,98,2027,73.44646118721461,5530.977739726028,5008.453310502283,1776.4600456621,7614.823630136986,,1000000
100,.0376,.04547568,.5125,.41479999,27798000,.1541,.1701807228915663,.5211716224941947,.0614352295666808,.1295317839844395,.1832809431097922,.344568242950213,,3.397004359496831,.70685116082467,.7392591825036526,1.060981423780648,2.055837177861358,,.3471,.0864,.0869,.144,.2407,,1.8788,.3157,.6119,.6213,1.2359,,.8169185710819282,.0952106474832672,.2214550529972357,.5007002738055416,.5688583647120881,,6.708766518191105,.7669207402371144,.9084936676278426,1.16530089101159,3.530446621739561,,.5911,.2093,.122,.2764,.4295,,1.967,.2807,.5011,.543,1.1453,,369890,100,2025,1349.09897260274,4238.666095890411,10241.13607305936,3726.716894977169,20671.1200913242,,1000000
100,.0376,.04547568,.5125,.41479999,27798000,.1541,.1701807228915663,.5211716224941947,.0614352295666808,.1295317839844395,.1832809431097922,.344568242950213,,3.397004359496831,.70685116082467,.7392591825036526,1.060981423780648,2.055837177861358,,.3017,.0864,.0869,.12,.2026,,1.5145,.3157,.5402,.5431,.9816,,.8169185710819282,.0952106474832672,.2214550529972357,.5007002738055416,.5688583647120881,,6.708766518191105,.7669207402371144,.9084936676278426,1.16530089101159,3.530446621739561,,.4673,.1714,.1187,.194,.3242,,1.6204,.2807,.4541,.4647,.9385,,369890,100,2026,1349.09897260274,4238.666095890411,10241.13607305936,3726.716894977169,20671.1200913242,,1000000
100,.0376,.04547568,.5125,.41479999,27798000,.1541,.1701807228915663,.5211716224941947,.0614352295666808,.1295317839844395,.1832809431097922,.344568242950213,,3.397004359496831,.70685116082467,.7392591825036526,1.060981423780648,2.055837177861358,,.2563,.0864,.0869,.096,.1645,,1.1502,.3157,.4685,.465,.7272999999999999,,.8169185710819282,.0952106474832672,.2214550529972357,.5007002738055416,.5688583647120881,,6.708766518191105,.7669207402371144,.9084936676278426,1.16530089101159,3.530446621739561,,.3435,.1334,.1154,.1116,.2188,,1.2738,.2807,.4072,.3864,.7316,,369890,100,2027,1349.09897260274,4238.666095890411,10241.13607305936,3726.716894977169,20671.1200913242,,1000000
103,.02,.02696068,.5767,.514,40565000,0,.0056491424499975,0,.0024923106240705,.0178101916785851,.0361290079117658,.025225087154363,,.7765764443092801,.3154414542699344,.9883220943918087,.9273438707142259,.5685681012062279,,.0229,.0036,.0177,.0051,.0405,,.2807,.0403,.2464,.1296,.1487,,0,.005521006503918,.0320116082207728,.1165807466910085,.0611705797184019,,1.1380960204518,.3115076443609029,.8391687211895589,.7329205241242115,.5360556238938173,,.0057,.0014,.0262,.0061,.0625,,.2271,.0347,.182,.1121,.1525,,353181,103,2025,32.65650684931507,23538.56312785388,7402.321118721461,2432.132876712329,5708.557420091324,,1000000
103,.02,.02696068,.5767,.514,40565000,0,.0056491424499975,0,.0024923106240705,.0178101916785851,.0361290079117658,.025225087154363,,.7765764443092801,.3154414542699344,.9883220943918087,.9273438707142259,.5685681012062279,,.0229,.0036,.0177,.0051,.0405,,.2807,.0403,.2464,.1296,.1487,,0,.005521006503918,.0320116082207728,.1165807466910085,.0611705797184019,,1.1380960204518,.3115076443609029,.8391687211895589,.7329205241242115,.5360556238938173,,.0057,.0014,.0262,.0061,.0625,,.2271,.0347,.182,.1121,.1525,,353181,103,2026,32.65650684931507,23538.56312785388,7402.321118721461,2432.132876712329,5708.557420091324,,1000000
103,.02,.02696068,.5767,.514,40565000,0,.0056491424499975,0,.0024923106240705,.0178101916785851,.0361290079117658,.025225087154363,,.7765764443092801,.3154414542699344,.9883220943918087,.9273438707142259,.5685681012062279,,.0229,.0036,.0177,.0051,.0405,,.2807,.0403,.2464,.1296,.1487,,0,.005521006503918,.0320116082207728,.1165807466910085,.0611705797184019,,1.1380960204518,.3115076443609029,.8391687211895589,.7329205241242115,.5360556238938173,,.0057,.0014,.0262,.0061,.0625,,.2271,.0347,.182,.1121,.1525,,353181,103,2027,32.65650684931507,23538.56312785388,7402.321118721461,2432.132876712329,5708.557420091324,,1000000
106,.0412,.033977762,.4605,.37909999,27889000,.0168,.0037634995091088,0,.010878603563722,.0114037606079231,.0048827158926003,.0600337272190187,,.1812207172425004,.0508621670065463,.0839465985897174,.1075819572448641,.3535997470054368,,.2543,.0489,.0621,.0588,.1515,,1.0884,.5037,.5394,.5847,.8177,,0,.0048818699574622,.0114575476343816,.0029798544866891,.070387851048138,,.6990348906293241,.0393187873860493,.0549723428403671,.034203130733104,.1604011086176569,,.3512,.1422,.0659,.0908,.209,,.4994,.3348,.3657,.336,.5678,,275386,106,2025,117.9746575342466,2306.641324200913,4444.250114155251,2651.768264840183,20757.39006849315,,1000000
106,.0412,.033977762,.4605,.37909999,27889000,.0168,.0037634995091088,0,.010878603563722,.0114037606079231,.0048827158926003,.0600337272190187,,.1812207172425004,.0508621670065463,.0839465985897174,.1075819572448641,.3535997470054368,,.2509,.0489,.0621,.0588,.1499,,1.0884,.4204,.4847,.5047,.7503,,0,.0048818699574622,.0114575476343816,.0029798544866891,.070387851048138,,.6990348906293241,.0393187873860493,.0549723428403671,.034203130733104,.1604011086176569,,.3331,.124,.0659,.0908,.2007,,.4994,.3313,.3649,.336,.5678,,275386,106,2026,117.9746575342466,2306.641324200913,4444.250114155251,2651.768264840183,20757.39006849315,,1000000
106,.0412,.033977762,.4605,.37909999,27889000,.0168,.0037634995091088,0,.010878603563722,.0114037606079231,.0048827158926003,.0600337272190187,,.1812207172425004,.0508621670065463,.0839465985897174,.1075819572448641,.3535997470054368,,.2475,.0489,.0621,.0588,.1482,,1.0884,.3371,.43,.4247,.6829,,0,.0048818699574622,.0114575476343816,.0029798544866891,.070387851048138,,.6990348906293241,.0393187873860493,.0549723428403671,.034203130733104,.1604011086176569,,.3151,.1057,.0659,.0908,.1923,,.4994,.3278,.3641,.336,.5678,,275386,106,2027,117.9746575342466,2306.641324200913,4444.250114155251,2651.768264840183,20757.39006849315,,1000000
111,.0254,.02254256,.6488,.45809999,74493000,.0124,.0012093283772086,.2927040577996423,.0893188555463744,.0168336551682632,.0125342845542964,.1542047088804512,0,.7327220777152772,.5288447937907593,.5074902209018749,.2733015149448629,.5231224810911148,.7612613235064081,.2371,.0286,.017,.0296,.115,,1.0782,.3367,.3546,.2531,.5715,,.8565888797256779,.0463579938674395,.035150719787609,.0199527647633758,.4590431582592885,0,1.187004459218843,.4544470707574303,.4048964097898376,.1618206895098634,.4949160475109413,4.381481839736883,.3556,.042,.024,.0292,.1899,,1.1262,.2033,.2433,.1478,.3951,,1378193,111,2025,1585.764497716895,21769.64315068493,63231.58641552511,8986.575684931508,34088.74337899543,206.5272831050228,1000000
111,.0254,.02254256,.6488,.45809999,74493000,.0124,.0012093283772086,.2927040577996423,.0893188555463744,.0168336551682632,.0125342845542964,.1542047088804512,0,.7327220777152772,.5288447937907593,.5074902209018749,.2733015149448629,.5231224810911148,.7612613235064081,.2363,.0286,.017,.0296,.115,,1.0654,.3114,.3546,.2531,.5715,,.8565888797256779,.0463579938674395,.035150719787609,.0199527647633758,.4590431582592885,0,1.187004459218843,.4544470707574303,.4048964097898376,.1618206895098634,.4949160475109413,4.381481839736883,.3157,.042,.024,.0292,.1712,,1.1262,.2033,.2433,.1478,.3951,,1378193,111,2026,1585.764497716895,21769.64315068493,63231.58641552511,8986.575684931508,34088.74337899543,206.5272831050228,1000000
111,.0254,.02254256,.6488,.45809999,74493000,.0124,.0012093283772086,.2927040577996423,.0893188555463744,.0168336551682632,.0125342845542964,.1542047088804512,0,.7327220777152772,.5288447937907593,.5074902209018749,.2733015149448629,.5231224810911148,.7612613235064081,.2354,.0286,.017,.0296,.115,,1.0526,.2861,.3546,.2531,.5715,,.8565888797256779,.0463579938674395,.035150719787609,.0199527647633758,.4590431582592885,0,1.187004459218843,.4544470707574303,.4048964097898376,.1618206895098634,.4949160475109413,4.381481839736883,.2758,.042,.024,.0292,.1525,,1.1262,.2033,.2433,.1478,.3951,,1378193,111,2027,1585.764497716895,21769.64315068493,63231.58641552511,8986.575684931508,34088.74337899543,206.5272831050228,1000000
112,.0249,.025633438,.5610000000000001,.50459999,25596000,0,0,.4308820627878527,.0027809930446579,.0673496619548256,.0337264785710867,.0675103048990999,,.0944196717984565,.014116567182371,.0034126620484678,.0041111938500796,.0172231044157923,,.2581,.0476,.0321,.0189,.027,,.6037,.2632,.4064,.4007,.4722,,.7780350938510595,.0020274509855318,.1139514794491321,.0112736195125166,.0957135676200709,,.1347112311222102,.0182356376063863,.0049199211198745,.0052075122101008,.0168310519666948,,.3117,.1022,.0743,.0229,.0372,,.5078,.1953,.2457,.1883,.2429,,172353,112,2025,101.2505707762557,9581.183789954337,3781.512100456621,1454.820776255708,4003.615068493151,,1000000
112,.0249,.025633438,.5610000000000001,.50459999,25596000,0,0,.4308820627878527,.0027809930446579,.0673496619548256,.0337264785710867,.0675103048990999,,.0944196717984565,.014116567182371,.0034126620484678,.0041111938500796,.0172231044157923,,.2489,.0476,.0321,.0189,.027,,.6037,.2632,.4008,.3944,.4722,,.7780350938510595,.0020274509855318,.1139514794491321,.0112736195125166,.0957135676200709,,.1347112311222102,.0182356376063863,.0049199211198745,.0052075122101008,.0168310519666948,,.3006,.0914,.0739,.0229,.0372,,.5078,.1953,.2457,.1883,.2429,,172353,112,2026,101.2505707762557,9581.183789954337,3781.512100456621,1454.820776255708,4003.615068493151,,1000000
112,.0249,.025633438,.5610000000000001,.50459999,25596000,0,0,.4308820627878527,.0027809930446579,.0673496619548256,.0337264785710867,.0675103048990999,,.0944196717984565,.014116567182371,.0034126620484678,.0041111938500796,.0172231044157923,,.2396,.0476,.0321,.0189,.027,,.6037,.2632,.3951,.3882,.4722,,.7780350938510595,.0020274509855318,.1139514794491321,.0112736195125166,.0957135676200709,,.1347112311222102,.0182356376063863,.0049199211198745,.0052075122101008,.0168310519666948,,.2895,.0806,.0735,.0229,.0372,,.5078,.1953,.2457,.1883,.2429,,172353,112,2027,101.2505707762557,9581.183789954337,3781.512100456621,1454.820776255708,4003.615068493151,,1000000
113,.0444,.040605657,.5123,.42879999,5217000,.0326,.0588318085855032,.8178903081183382,.0695742419640447,.068878227806848,.0222976569340795,.3188993230215956,,1.683815391108266,.7184335640828206,.3584568802352924,.2708358798220308,1.143392508548518,,.653,.1254,.0834,.0952,.3556,,1.3319,.5195,.4158,.3307,.8761,,2.017974269020907,.2249523618293184,.1521519334556891,.0185910134506459,.833495056383082,,1.159649677936984,.3570204215759052,.2065670448239102,.1428798833319258,.7206015885297506,,.9245,.1859,.1048,.1358,.5189,,1.1865,.3179,.2237,.1297,.6703,,91933,113,2025,549.6279680365296,1189.921689497717,2507.282077625571,821.8557077625571,5004.13904109589,,1000000
113,.0444,.040605657,.5123,.42879999,5217000,.0326,.0588318085855032,.8178903081183382,.0695742419640447,.068878227806848,.0222976569340795,.3188993230215956,,1.683815391108266,.7184335640828206,.3584568802352924,.2708358798220308,1.143392508548518,,.4625,.1188,.0834,.0952,.2746,,1.2781,.48,.4158,.3307,.8419,,2.017974269020907,.2249523618293184,.1521519334556891,.0185910134506459,.833495056383082,,1.159649677936984,.3570204215759052,.2065670448239102,.1428798833319258,.7206015885297506,,.6596,.1848,.1048,.1358,.3908,,1.1865,.3179,.2237,.1297,.6703,,91933,113,2026,549.6279680365296,1189.921689497717,2507.282077625571,821.8557077625571,5004.13904109589,,1000000
113,.0444,.040605657,.5123,.42879999,5217000,.0326,.0588318085855032,.8178903081183382,.0695742419640447,.068878227806848,.0222976569340795,.3188993230215956,,1.683815391108266,.7184335640828206,.3584568802352924,.2708358798220308,1.143392508548518,,.272,.1123,.0834,.0952,.1935,,1.2243,.4405,.4158,.3307,.8076,,2.017974269020907,.2249523618293184,.1521519334556891,.0185910134506459,.833495056383082,,1.159649677936984,.3570204215759052,.2065670448239102,.1428798833319258,.7206015885297506,,.3948,.1836,.1048,.1358,.2627,,1.1865,.3179,.2237,.1297,.6703,,91933,113,2027,549.6279680365296,1189.921689497717,2507.282077625571,821.8557077625571,5004.13904109589,,1000000
118,.0324,.030512063,.515,.48649999,23818000,.1195,.1172826419805432,2.197982366047861,.1832414730888037,.3963936034703003,.4298302618168599,1.311749457769348,,4.66268044919962,.465554091647828,.5652416784267218,.7003999649227096,2.046044624244283,,1.0009,.2296,.1918,.1792,.5353,,2.3528,.4764,.5278,.5901,1.4167,,4.159812299306715,.2174161550674032,.7604254434672694,.4572125697733767,1.669033798764555,,3.034162808778832,1.387044780744006,.5163776558932842,.6352048875622368,1.85384337001192,,1.5087,7.5413,.2997,.2054,.7438,,2.3466,.4969,.4883,.5024999999999999,1.4421,,843568,118,2025,273.5357305936073,25633.87077625571,29864.90239726027,7218.241438356165,29879.21621004566,,1000000
118,.0324,.030512063,.515,.48649999,23818000,.1195,.1172826419805432,2.197982366047861,.1832414730888037,.3963936034703003,.4298302618168599,1.311749457769348,,4.66268044919962,.465554091647828,.5652416784267218,.7003999649227096,2.046044624244283,,.6271,.158,.1418,.1357,.3472,,1.7446,.419,.4917,.5208,1.0646,,4.159812299306715,.2174161550674032,.7604254434672694,.4572125697733767,1.669033798764555,,3.034162808778832,1.387044780744006,.5163776558932842,.6352048875622368,1.85384337001192,,.9213,3.8327,.204,.1558,.477,,1.8003,.4252,.4405,.4362,1.0766,,843568,118,2026,273.5357305936073,25633.87077625571,29864.90239726027,7218.241438356165,29879.21621004566,,1000000
118,.0324,.030512063,.515,.48649999,23818000,.1195,.1172826419805432,2.197982366047861,.1832414730888037,.3963936034703003,.4298302618168599,1.311749457769348,,4.66268044919962,.465554091647828,.5652416784267218,.7003999649227096,2.046044624244283,,.2533,.0863,.0917,.0921,.1591,,1.1365,.3616,.4556,.4514,.7124,,4.159812299306715,.2174161550674032,.7604254434672694,.4572125697733767,1.669033798764555,,3.034162808778832,1.387044780744006,.5163776558932842,.6352048875622368,1.85384337001192,,.3339,.1241,.1083,.1061,.2101,,1.2539,.3535,.3927,.3698,.711,,843568,118,2027,273.5357305936073,25633.87077625571,29864.90239726027,7218.241438356165,29879.21621004566,,1000000
121,.0386,.030863846,.455,.382,23126000,.0297,.0456984096570224,1.074993565244099,.0726228322860813,.1998294103161248,.1270611016968021,.2769341238193171,,.4616931951645243,.6105206015670194,.2752517874747187,.1907658832980346,.6159756827334016,,.36,.1378,.1325,.1431,.2571,,.9526,.2981,.294,.1794,.5758,,.7263521458919581,.0997801502684516,.6173285813028123,.1951695820839095,.4807852522128759,,.35059596293869,.6425276379756238,.1749222969821744,.2368942722135251,.5942136481595536,,.4346,.2664,.2105,.2239,.4403,,.7174,.2991,.2725,.1725,.6561,,140002,121,2025,52.7777397260274,3363.771917808219,3536.483904109589,1210.146575342466,8014.336529680365,,1000000
121,.0386,.030863846,.455,.382,23126000,.0297,.0456984096570224,1.074993565244099,.0726228322860813,.1998294103161248,.1270611016968021,.2769341238193171,,.4616931951645243,.6105206015670194,.2752517874747187,.1907658832980346,.6159756827334016,,.3084,.1145,.1138,.1199,.2113,,.9526,.2981,.294,.1794,.5758,,.7263521458919581,.0997801502684516,.6173285813028123,.1951695820839095,.4807852522128759,,.35059596293869,.6425276379756238,.1749222969821744,.2368942722135251,.5942136481595536,,.39,.2008,.1636,.1683,.3304,,.7174,.2991,.2725,.1725,.6561,,140002,121,2026,52.7777397260274,3363.771917808219,3536.483904109589,1210.146575342466,8014.336529680365,,1000000
121,.0386,.030863846,.455,.382,23126000,.0297,.0456984096570224,1.074993565244099,.0726228322860813,.1998294103161248,.1270611016968021,.2769341238193171,,.4616931951645243,.6105206015670194,.2752517874747187,.1907658832980346,.6159756827334016,,.2568,.0912,.095,.0968,.1656,,.9526,.2981,.294,.1794,.5758,,.7263521458919581,.0997801502684516,.6173285813028123,.1951695820839095,.4807852522128759,,.35059596293869,.6425276379756238,.1749222969821744,.2368942722135251,.5942136481595536,,.3453,.1353,.1167,.1127,.2205,,.7174,.2991,.2725,.1725,.6561,,140002,121,2027,52.7777397260274,3363.771917808219,3536.483904109589,1210.146575342466,8014.336529680365,,1000000
123,.0315,.027288796,.3645,.36899999,45127000,.1411,0,.1948349449012563,.0430568318340048,.0698823369694258,.0687192068863688,.2147876093590113,,.5028212485833473,.1476640805685595,.3427896128499524,.3245550719729595,.5591970525149306,,.2904,.1464,.1677,.1422,.2585,,1.59,.5325,.7855,.7123,1.1714,,.3839857973041402,.1109635281661363,.1523045310611248,.4042782863779673,.5234325730189625,,.2782639274030849,.1036700285371499,.2585871874494713,.2131470269009347,.5594619004846518,,.3001,.2261,.1895,.1978,.2836,,1.0431,.4794,.6234,.6251,1.0317,,465026,123,2025,9.468264840182648,7402.844634703197,5620.31803652968,2232.827397260274,18567.73710045662,,1000000
123,.0315,.027288796,.3645,.36899999,45127000,.1411,0,.1948349449012563,.0430568318340048,.0698823369694258,.0687192068863688,.2147876093590113,,.5028212485833473,.1476640805685595,.3427896128499524,.3245550719729595,.5591970525149306,,.2872,.1376,.1439,.1376,.2369,,1.4355,.512,.6885,.6529,1.0202,,.3839857973041402,.1109635281661363,.1523045310611248,.4042782863779673,.5234325730189625,,.2782639274030849,.1036700285371499,.2585871874494713,.2131470269009347,.5594619004846518,,.3001,.2241,.1831,.1774,.2836,,1.0431,.4794,.584,.5842000000000001,.9792999999999999,,465026,123,2026,9.468264840182648,7402.844634703197,5620.31803652968,2232.827397260274,18567.73710045662,,1000000
123,.0315,.027288796,.3645,.36899999,45127000,.1411,0,.1948349449012563,.0430568318340048,.0698823369694258,.0687192068863688,.2147876093590113,,.5028212485833473,.1476640805685595,.3427896128499524,.3245550719729595,.5591970525149306,,.284,.1288,.1201,.133,.2152,,1.2809,.4915,.5915,.5936,.869,,.3839857973041402,.1109635281661363,.1523045310611248,.4042782863779673,.5234325730189625,,.2782639274030849,.1036700285371499,.2585871874494713,.2131470269009347,.5594619004846518,,.3001,.222,.1767,.157,.2836,,1.0431,.4794,.5447,.5434,.9268,,465026,123,2027,9.468264840182648,7402.844634703197,5620.31803652968,2232.827397260274,18567.73710045662,,1000000
126,.06,.094822697,.4763,.35510001,4280000,.4658,.0057923045097228,.1005782515434994,.0910877817004221,.074760447902087,.0074286096669912,.1554345397785361,,.8934505604445498,.6288150664932446,.8105983575822479,.3695934459348577,.7987335572919468,,.5281,.4515,.5366,.4343,.614,,2.3384,2.0707,2.2406,2.0391,2.2988,,.2068744239913222,.1514483184243357,.2142739419790162,.0142381685283997,.3200170652859923,,.8583400438061115,.6744730753236183,1.381581660031261,1.246150108103199,1.506125557611665,,.907,.8637,.8568,.5326,.8038,,3.6115,3.0768,3.5663,2.6361,3.4368,,28200,126,2025,209.9503424657534,86.01141552511416,304.1373287671233,143.2970319634703,2167.073858447488,,1000000
126,.06,.094822697,.4763,.35510001,4280000,.4658,.0057923045097228,.1005782515434994,.0910877817004221,.074760447902087,.0074286096669912,.1554345397785361,,.8934505604445498,.6288150664932446,.8105983575822479,.3695934459348577,.7987335572919468,,.474,.3808,.3927,.3719,.5271,,2.137,1.5755,1.7241,1.6385,1.9356,,.2068744239913222,.1514483184243357,.2142739419790162,.0142381685283997,.3200170652859923,,.8583400438061115,.6744730753236183,1.381581660031261,1.246150108103199,1.506125557611665,,.8974,.7647,.6178,.409,.6632,,3.0112,2.0925,2.3999,1.9829,2.6622,,28200,126,2026,209.9503424657534,86.01141552511416,304.1373287671233,143.2970319634703,2167.073858447488,,1000000
126,.06,.094822697,.4763,.35510001,4280000,.4658,.0057923045097228,.1005782515434994,.0910877817004221,.074760447902087,.0074286096669912,.1554345397785361,,.8934505604445498,.6288150664932446,.8105983575822479,.3695934459348577,.7987335572919468,,.4199,.3102,.2488,.3095,.4401,,1.9357,1.0803,1.2076,1.2378,1.5723,,.2068744239913222,.1514483184243357,.2142739419790162,.0142381685283997,.3200170652859923,,.8583400438061115,.6744730753236183,1.381581660031261,1.246150108103199,1.506125557611665,,.8877,.6656,.3787,.2854,.5226,,2.4109,1.1081,1.2335,1.3298,1.8875,,28200,126,2027,209.9503424657534,86.01141552511416,304.1373287671233,143.2970319634703,2167.073858447488,,1000000
127,.0303,.02584628,.42,.29820001,17780000,.0034,.0509190457567462,.2690650792298093,.0433886728574265,.029723329107666,.0520127498265395,.1151714639103415,,.9184927532522443,.7617022241042795,.9671085981299027,1.717065796833318,1.39988587434386,,.3369,.0315,.0358,.1232,.1868,,.6835,.1625,.2396,.383,.3678,,.6633538038093781,.0897290974227714,.0456586831803983,.0920989147909676,.2912136404315521,,.5833090131755431,.4399060905477645,.6777949785924384,.9802115446592486,.938063114808997,,.4812,.018,.0244,.093,.217,,.7556,.0966,.1575,.3063,.2811,,306311,127,2025,1962.421803652968,5338.945776255708,6251.658105022831,2868.514269406392,8017.878652968036,,1000000
127,.0303,.02584628,.42,.29820001,17780000,.0034,.0509190457567462,.2690650792298093,.0433886728574265,.029723329107666,.0520127498265395,.1151714639103415,,.9184927532522443,.7617022241042795,.9671085981299027,1.717065796833318,1.39988587434386,,.3043,.0315,.0358,.1198,.1868,,.6835,.1625,.2396,.383,.3678,,.6633538038093781,.0897290974227714,.0456586831803983,.0920989147909676,.2912136404315521,,.5833090131755431,.4399060905477645,.6777949785924384,.9802115446592486,.938063114808997,,.4373,.018,.0244,.093,.217,,.7556,.0966,.1575,.3063,.2811,,306311,127,2026,1962.421803652968,5338.945776255708,6251.658105022831,2868.514269406392,8017.878652968036,,1000000
127,.0303,.02584628,.42,.29820001,17780000,.0034,.0509190457567462,.2690650792298093,.0433886728574265,.029723329107666,.0520127498265395,.1151714639103415,,.9184927532522443,.7617022241042795,.9671085981299027,1.717065796833318,1.39988587434386,,.2716,.0315,.0358,.1165,.1868,,.6835,.1625,.2396,.383,.3678,,.6633538038093781,.0897290974227714,.0456586831803983,.0920989147909676,.2912136404315521,,.5833090131755431,.4399060905477645,.6777949785924384,.9802115446592486,.938063114808997,,.3935,.018,.0244,.093,.217,,.7556,.0966,.1575,.3063,.2811,,306311,127,2027,1962.421803652968,5338.945776255708,6251.658105022831,2868.514269406392,8017.878652968036,,1000000
128,.0279,.023154275,.5952,.53280002,33013000,.0018,0,,.0126607419123001,.0580587186872675,.0194412065135764,.0910413986406545,,,1.068450993026882,.8544231631687829,.57343612444173,.6653563553659004,,.0011,.0537,.0149,.008,.0195,,.3333,.2603,.2732,.2503,.3182,,,.0210039993152143,.2467921919024101,.0355943795057492,.1123755634292383,,,1.562235140551573,.9653710861205838,.7154120199106077,.9180845452136578,,.0004,.1361,.0429,.0196,.0432,,.0333,.0582,.2116,.1791,.3567,,429208,128,2025,,14231.25102739726,15930.60479452055,5025.590296803653,12764.20045662101,,1000000
128,.0279,.023154275,.5952,.53280002,33013000,.0018,0,,.0126607419123001,.0580587186872675,.0194412065135764,.0910413986406545,,,1.068450993026882,.8544231631687829,.57343612444173,.6653563553659004,,.0011,.0525,.0149,.008,.0195,,.3333,.2584,.2732,.2503,.3182,,,.0210039993152143,.2467921919024101,.0355943795057492,.1123755634292383,,,1.562235140551573,.9653710861205838,.7154120199106077,.9180845452136578,,.0004,.0906,.0428,.0196,.0432,,.0333,.0582,.2116,.1791,.3567,,429208,128,2026,,14231.25102739726,15930.60479452055,5025.590296803653,12764.20045662101,,1000000
128,.0279,.023154275,.5952,.53280002,33013000,.0018,0,,.0126607419123001,.0580587186872675,.0194412065135764,.0910413986406545,,,1.068450993026882,.8544231631687829,.57343612444173,.6653563553659004,,.0011,.0514,.0149,.008,.0195,,.3333,.2566,.2732,.2503,.3182,,,.0210039993152143,.2467921919024101,.0355943795057492,.1123755634292383,,,1.562235140551573,.9653710861205838,.7154120199106077,.9180845452136578,,.0004,.0451,.0427,.0196,.0432,,.0333,.0582,.2116,.1791,.3567,,429208,128,2027,,14231.25102739726,15930.60479452055,5025.590296803653,12764.20045662101,,1000000
130,.0357,.030399609,.5541,.49700001,32491000,.0006,0,,.000702306269588,.0148855991745396,.0526396371012388,.0470400782888425,,,.5706713586323978,.1289597294336227,.1119761299808049,.2632375431354332,,0,.0608,.1552,.108,.2269,,.3333,.0992,.2504,.2995,.2388,,,.0010786786638004,.0364012249037189,.1265832048390441,.0589212292713154,,,.4324622024050956,.1189164155360718,.0962056692189882,.2013641721986294,,0,.0132,.0561,.0636,.0997,,.1722,.1059,.2408,.2608,.2825,,500763,130,2025,,6073.596803652968,23285.63721461187,3786.909703196347,21758.08812785388,,1000000
130,.0357,.030399609,.5541,.49700001,32491000,.0006,0,,.000702306269588,.0148855991745396,.0526396371012388,.0470400782888425,,,.5706713586323978,.1289597294336227,.1119761299808049,.2632375431354332,,0,.0591,.1139,.0862,.1734,,.3333,.0992,.2504,.2995,.2388,,,.0010786786638004,.0364012249037189,.1265832048390441,.0589212292713154,,,.4324622024050956,.1189164155360718,.0962056692189882,.2013641721986294,,0,.0132,.0553,.0633,.0997,,.1722,.1059,.2408,.2571,.2825,,500763,130,2026,,6073.596803652968,23285.63721461187,3786.909703196347,21758.08812785388,,1000000
130,.0357,.030399609,.5541,.49700001,32491000,.0006,0,,.000702306269588,.0148855991745396,.0526396371012388,.0470400782888425,,,.5706713586323978,.1289597294336227,.1119761299808049,.2632375431354332,,0,.0573,.0727,.0643,.1198,,.3333,.0992,.2504,.2995,.2388,,,.0010786786638004,.0364012249037189,.1265832048390441,.0589212292713154,,,.4324622024050956,.1189164155360718,.0962056692189882,.2013641721986294,,0,.0132,.0545,.063,.0997,,.1722,.1059,.2408,.2534,.2825,,500763,130,2027,,6073.596803652968,23285.63721461187,3786.909703196347,21758.08812785388,,1000000
133,.0408,.04033624,.5753,.43799999,34084000,.0275,.060241634652859,.2852117928916624,.031069554374517,.0401831565373501,.0246998821916812,.0741532678984502,,2.096673554909726,1.061223211452895,.9034038169699087,.6311455104952735,1.050487618833858,,.1941,.0482,.0332,.0317,.1099,,1.3174,.413,.4395,.4396,.7812,,.4059947984983081,.0756269555772091,.0405841626391623,.0009879554893553,.1370823298301935,,3.45522013287997,.8165944699389496,.7454800400885341,.434470078765311,1.206898762239037,,.3742,.1007,.0801,.0621,.2261,,2.4191,.5863,.3791,.4043,1.1321,,273972,133,2025,693.2819634703196,2265.288584474886,10458.05525114155,2863.563470319635,13170.6801369863,,1000000
133,.0408,.04033624,.5753,.43799999,34084000,.0275,.060241634652859,.2852117928916624,.031069554374517,.0401831565373501,.0246998821916812,.0741532678984502,,2.096673554909726,1.061223211452895,.9034038169699087,.6311455104952735,1.050487618833858,,.1941,.0482,.0332,.0317,.1099,,1.2156,.3771,.4369,.4344,.7345,,.4059947984983081,.0756269555772091,.0405841626391623,.0009879554893553,.1370823298301935,,3.45522013287997,.8165944699389496,.7454800400885341,.434470078765311,1.206898762239037,,.3463,.1007,.0801,.0621,.2107,,1.8201,.4592,.374,.3735,.9046,,273972,133,2026,693.2819634703196,2265.288584474886,10458.05525114155,2863.563470319635,13170.6801369863,,1000000
133,.0408,.04033624,.5753,.43799999,34084000,.0275,.060241634652859,.2852117928916624,.031069554374517,.0401831565373501,.0246998821916812,.0741532678984502,,2.096673554909726,1.061223211452895,.9034038169699087,.6311455104952735,1.050487618833858,,.1941,.0482,.0332,.0317,.1099,,1.1138,.3412,.4342,.4291,.6878,,.4059947984983081,.0756269555772091,.0405841626391623,.0009879554893553,.1370823298301935,,3.45522013287997,.8165944699389496,.7454800400885341,.434470078765311,1.206898762239037,,.3183,.1007,.0801,.0621,.1953,,1.2211,.3321,.3689,.3426,.6771,,273972,133,2027,693.2819634703196,2265.288584474886,10458.05525114155,2863.563470319635,13170.6801369863,,1000000
135,.0453,.024182757,.597,.5438,13024000,.0564,.1477814448111478,.0110986313061245,0,.0703726702368039,0,.0200207255795892,,2.223114651434736,1.021421899995927,1.543484859703043,1.459000836948432,2.044853703146313,,.0926,.0324,.0261,.0207,.0598,,1.2152,.8338,1.0544,1.0567,1.1927,,.0314461220340194,0,.1559149111870247,0,.0456937488264488,,3.610825656098039,1.095468695243159,2.10447020474996,1.855927543364172,3.046672891019763,,.1696,.0689,.0251,.0452,.1126,,1.4169,.8677,.7445000000000001,.6293,1.1182,,81463,135,2025,617.9440639269407,5283.038242009133,633.6811643835616,413.8212328767123,2130.691552511415,,1000000
135,.0453,.024182757,.597,.5438,13024000,.0564,.1477814448111478,.0110986313061245,0,.0703726702368039,0,.0200207255795892,,2.223114651434736,1.021421899995927,1.543484859703043,1.459000836948432,2.044853703146313,,.0926,.0324,.0261,.0207,.0598,,1.2152,.8306,.9986,1.0088,1.1927,,.0314461220340194,0,.1559149111870247,0,.0456937488264488,,3.610825656098039,1.095468695243159,2.10447020474996,1.855927543364172,3.046672891019763,,.1696,.0689,.0251,.0452,.1126,,1.4169,.8551,.7445000000000001,.6293,1.1182,,81463,135,2026,617.9440639269407,5283.038242009133,633.6811643835616,413.8212328767123,2130.691552511415,,1000000
135,.0453,.024182757,.597,.5438,13024000,.0564,.1477814448111478,.0110986313061245,0,.0703726702368039,0,.0200207255795892,,2.223114651434736,1.021421899995927,1.543484859703043,1.459000836948432,2.044853703146313,,.0926,.0324,.0261,.0207,.0598,,1.2152,.8273,.9429,.961,1.1927,,.0314461220340194,0,.1559149111870247,0,.0456937488264488,,3.610825656098039,1.095468695243159,2.10447020474996,1.855927543364172,3.046672891019763,,.1696,.0689,.0251,.0452,.1126,,1.4169,.8425,.7445000000000001,.6293,1.1182,,81463,135,2027,617.9440639269407,5283.038242009133,633.6811643835616,413.8212328767123,2130.691552511415,,1000000
137,.027,.031572893,.501,.50660002,18543000,.0029,.0057239057239057,.1384680829403616,.0125657908011109,.1062478322572598,.1820640563858199,.2674071300170521,,1.21985013143495,.1845115437190297,1.03909820752588,1.111250191897857,.8858374634478874,,.0638,.005,.0619,.0616,.0785,,.5826,.0957,.2436,.2244,.244,,.3823735370362963,.0031414477002777,.0337508898290177,.045516014096455,.1122792069195083,,2.344369772749034,.2058800181475846,1.143898899988451,1.369123173972115,1.133782338712903,,.016,.0013,.0155,.0154,.0198,,.8263,.079,.1662,.1314,.2071,,135591,137,2025,156.9868721461187,6291.38904109589,2780.823858447488,939.1590182648401,4821.336301369863,,1000000
137,.027,.031572893,.501,.50660002,18543000,.0029,.0057239057239057,.1384680829403616,.0125657908011109,.1062478322572598,.1820640563858199,.2674071300170521,,1.21985013143495,.1845115437190297,1.03909820752588,1.111250191897857,.8858374634478874,,.0638,.005,.0619,.0616,.0785,,.5826,.0957,.2436,.2244,.244,,.3823735370362963,.0031414477002777,.0337508898290177,.045516014096455,.1122792069195083,,2.344369772749034,.2058800181475846,1.143898899988451,1.369123173972115,1.133782338712903,,.016,.0013,.0155,.0154,.0198,,.8263,.079,.1662,.1314,.2071,,135591,137,2026,156.9868721461187,6291.38904109589,2780.823858447488,939.1590182648401,4821.336301369863,,1000000
137,.027,.031572893,.501,.50660002,18543000,.0029,.0057239057239057,.1384680829403616,.0125657908011109,.1062478322572598,.1820640563858199,.2674071300170521,,1.21985013143495,.1845115437190297,1.03909820752588,1.111250191897857,.8858374634478874,,.0638,.005,.0619,.0616,.0785,,.5826,.0957,.2436,.2244,.244,,.3823735370362963,.0031414477002777,.0337508898290177,.045516014096455,.1122792069195083,,2.344369772749034,.2058800181475846,1.143898899988451,1.369123173972115,1.133782338712903,,.016,.0013,.0155,.0154,.0198,,.8263,.079,.1662,.1314,.2071,,135591,137,2027,156.9868721461187,6291.38904109589,2780.823858447488,939.1590182648401,4821.336301369863,,1000000
139,.039,,.82,,,.3338,.0030757400999615,0,0,.0099267871082697,0,.0031275239533148,,1.485223985614886,.2916780144500976,.9918230135151297,.2137400938253209,.8960202217890194,,.02,.4808,.1235,.1996,.166,,2.2386,1.3699,1.8645,1.6548,2.0383,,0,0,.0198535742165394,0,.0062550479066296,,3.140508951606599,.3095438229709711,1.297661569240053,.1871681514981968,.9590537726019374,,.0107,.4553,.0708,.0614,.1074,,1.7594,.5916,1.0458,.9937,1.2292,,,139,2024,2.920319634703196,886.0915525114156,392.3473744292237,1062.379337899543,2581.148173515982,,1000000
139,.039,,.82,,,.3338,.0030757400999615,0,0,.0099267871082697,0,.0031275239533148,,1.485223985614886,.2916780144500976,.9918230135151297,.2137400938253209,.8960202217890194,,.02,.3691,.1235,.1829,.166,,1.9391,1.0949,1.4587,1.3205,1.6698,,0,0,.0198535742165394,0,.0062550479066296,,3.140508951606599,.3095438229709711,1.297661569240053,.1871681514981968,.9590537726019374,,.0107,.3909,.0708,.0614,.1074,,1.6892,.5763,.8995,.8673,1.1577,,,139,2025,2.920319634703196,886.0915525114156,392.3473744292237,1062.379337899543,2581.148173515982,,1000000
139,.039,,.82,,,.3338,.0030757400999615,0,0,.0099267871082697,0,.0031275239533148,,1.485223985614886,.2916780144500976,.9918230135151297,.2137400938253209,.8960202217890194,,.02,.2575,.1235,.1662,.166,,1.6396,.8198,1.0529,.9861,1.3014,,0,0,.0198535742165394,0,.0062550479066296,,3.140508951606599,.3095438229709711,1.297661569240053,.1871681514981968,.9590537726019374,,.0107,.3265,.0708,.0614,.1074,,1.619,.5610000000000001,.7532,.7409,1.0863,,,139,2026,2.920319634703196,886.0915525114156,392.3473744292237,1062.379337899543,2581.148173515982,,1000000
139,.039,,.82,,,.3338,.0030757400999615,0,0,.0099267871082697,0,.0031275239533148,,1.485223985614886,.2916780144500976,.9918230135151297,.2137400938253209,.8960202217890194,,.02,.1459,.1235,.1495,.166,,1.3401,.5447,.6472,.6518,.9329,,0,0,.0198535742165394,0,.0062550479066296,,3.140508951606599,.3095438229709711,1.297661569240053,.1871681514981968,.9590537726019374,,.0107,.2621,.0708,.0614,.1074,,1.5487,.5457,.6069,.6143999999999999,1.0148,,,139,2027,2.920319634703196,886.0915525114156,392.3473744292237,1062.379337899543,2581.148173515982,,1000000
141,.029,.02549758,.676,.63010001,22221000,0,0,0,.0013200976754566,.0473703846769513,.0207026524284184,.1032116987904522,,0,.2138749423418434,.1980877981833979,.1693683986794386,.1172191685577497,,.2408,.0242,.0721,.0627,.1523,,.25,.1034,.0721,.0618,.0806,,0,.0003300244188642,.0511810647390205,.057598256994274,.1368394636389625,,0,.035988855145465,.0576516691396552,.0282280664465731,.0333117435654062,,.5066000000000001,.0083,.0517,.0422,.1573,,.375,.1711,.1226,.1234,.1481,,154799,141,2025,.9584474885844749,6012.596461187215,4933.517579908676,1363.125799086758,5049.181392694064,,1000000
141,.029,.02549758,.676,.63010001,22221000,0,0,0,.0013200976754566,.0473703846769513,.0207026524284184,.1032116987904522,,0,.2138749423418434,.1980877981833979,.1693683986794386,.1172191685577497,,.2362,.0242,.0719,.0627,.135,,.25,.1034,.0721,.0618,.0806,,0,.0003300244188642,.0511810647390205,.057598256994274,.1368394636389625,,0,.035988855145465,.0576516691396552,.0282280664465731,.0333117435654062,,.385,.0083,.0516,.0422,.1481,,.375,.1711,.1226,.1234,.1481,,154799,141,2026,.9584474885844749,6012.596461187215,4933.517579908676,1363.125799086758,5049.181392694064,,1000000
141,.029,.02549758,.676,.63010001,22221000,0,0,0,.0013200976754566,.0473703846769513,.0207026524284184,.1032116987904522,,0,.2138749423418434,.1980877981833979,.1693683986794386,.1172191685577497,,.2316,.0242,.0717,.0627,.1178,,.25,.1034,.0721,.0618,.0806,,0,.0003300244188642,.0511810647390205,.057598256994274,.1368394636389625,,0,.035988855145465,.0576516691396552,.0282280664465731,.0333117435654062,,.2633,.0083,.0515,.0422,.1389,,.375,.1711,.1226,.1234,.1481,,154799,141,2027,.9584474885844749,6012.596461187215,4933.517579908676,1363.125799086758,5049.181392694064,,1000000
143,.0333,.031731814,.5567,.46959999,37285000,.0157,.026620117826751,0,0,.00027239469405,0,0,,.7660282833912658,.0667130844237154,.4614439263473203,.2217247391118308,.6794996031296845,,.06,.0034,.1108,.0726,.1042,,1.0685,.1576,.4641,.4534,.7465000000000001,,0,0,.00027239469405,0,0,,1.217819603543169,.1091301936014757,.663724568500068,.4325436317611864,1.222500003004117,,.0179,.0012,.0637,.0302,.0684,,1.0955,.135,.4117,.3603,.7111,,311517,143,2025,1002.782876712329,18332.61575342466,2278.539611872146,1067.677853881278,11684.88961187215,,1000000
143,.0333,.031731814,.5567,.46959999,37285000,.0157,.026620117826751,0,0,.00027239469405,0,0,,.7660282833912658,.0667130844237154,.4614439263473203,.2217247391118308,.6794996031296845,,.06,.0034,.1108,.0726,.1042,,1.0685,.1576,.4641,.4534,.7465000000000001,,0,0,.00027239469405,0,0,,1.217819603543169,.1091301936014757,.663724568500068,.4325436317611864,1.222500003004117,,.0179,.0012,.0637,.0302,.0684,,1.0955,.135,.4117,.3603,.7111,,311517,143,2026,1002.782876712329,18332.61575342466,2278.539611872146,1067.677853881278,11684.88961187215,,1000000
143,.0333,.031731814,.5567,.46959999,37285000,.0157,.026620117826751,0,0,.00027239469405,0,0,,.7660282833912658,.0667130844237154,.4614439263473203,.2217247391118308,.6794996031296845,,.06,.0034,.1108,.0726,.1042,,1.0685,.1576,.4641,.4534,.7465000000000001,,0,0,.00027239469405,0,0,,1.217819603543169,.1091301936014757,.663724568500068,.4325436317611864,1.222500003004117,,.0179,.0012,.0637,.0302,.0684,,1.0955,.135,.4117,.3603,.7111,,311517,143,2027,1002.782876712329,18332.61575342466,2278.539611872146,1067.677853881278,11684.88961187215,,1000000
144,.0486,.054389872,.4349,.31200001,4658000,.036,0,.0633205305995019,0,0,.0001016346850142,.0115098533474734,,.5010680239016633,.1114281303729886,.4046478932544845,.0962274777840493,.7350309433589304,,.2344,.0361,.1536,.0156,.1189,,1.0842,.4133,1.0212,.2705,1.125,,.2571993596212907,0,0,.0001270433562677,.0381299180821592,,.1409125517615255,.0285752941447844,.1324588951477327,.0332371332807817,.2227379886292973,,.2869,.088,.208,.0328,.1977,,.7171999999999999,.4222,.7968,.1739,.7603,,17062,144,2025,157.2271689497717,21.4453196347032,97.59908675799086,188.6962328767123,1376.852853881279,,1000000
144,.0486,.054389872,.4349,.31200001,4658000,.036,0,.0633205305995019,0,0,.0001016346850142,.0115098533474734,,.5010680239016633,.1114281303729886,.4046478932544845,.0962274777840493,.7350309433589304,,.2344,.0361,.1536,.0156,.1189,,1.0842,.4133,.902,.2705,1.1066,,.2571993596212907,0,0,.0001270433562677,.0381299180821592,,.1409125517615255,.0285752941447844,.1324588951477327,.0332371332807817,.2227379886292973,,.2869,.088,.208,.0328,.1977,,.7171999999999999,.4222,.7776,.1739,.7603,,17062,144,2026,157.2271689497717,21.4453196347032,97.59908675799086,188.6962328767123,1376.852853881279,,1000000
144,.0486,.054389872,.4349,.31200001,4658000,.036,0,.0633205305995019,0,0,.0001016346850142,.0115098533474734,,.5010680239016633,.1114281303729886,.4046478932544845,.0962274777840493,.7350309433589304,,.2344,.0361,.1536,.0156,.1189,,1.0842,.4133,.7827,.2705,1.0883,,.2571993596212907,0,0,.0001270433562677,.0381299180821592,,.1409125517615255,.0285752941447844,.1324588951477327,.0332371332807817,.2227379886292973,,.2869,.088,.208,.0328,.1977,,.7171999999999999,.4222,.7584,.1739,.7603,,17062,144,2027,157.2271689497717,21.4453196347032,97.59908675799086,188.6962328767123,1376.852853881279,,1000000
146,.0253,.019297788,.575,.51359999,29428000,.0166,.0011393847322446,0,.0000507597587266,.0160054695942255,.028131795983923,.1065083758077221,,1.26739040987498,.0539686080986995,.3571032458247894,.1554358746668059,.6491314044239387,,.1242,.0072,.0119,.0139,.042,,1.2564,.3078,.1688,.1327,.5467,,0,.0002243912377622,.0212481862769954,.0247565311979441,.183090639895538,,.6711170543862426,.0501134689598642,.35938613305978,.1266649388372393,.596691386085663,,.284,.0042,.0237,.0112,.0789,,1.6257,.2319,.1724,.1189,.5863,,233861,146,2025,18.03367579908676,11379.59646118722,4813.159132420092,2108.028424657534,7250.183333333333,,1000000
146,.0253,.019297788,.575,.51359999,29428000,.0166,.0011393847322446,0,.0000507597587266,.0160054695942255,.028131795983923,.1065083758077221,,1.26739040987498,.0539686080986995,.3571032458247894,.1554358746668059,.6491314044239387,,.1242,.0072,.0119,.0139,.042,,1.1727,.3078,.1688,.1327,.5467,,0,.0002243912377622,.0212481862769954,.0247565311979441,.183090639895538,,.6711170543862426,.0501134689598642,.35938613305978,.1266649388372393,.596691386085663,,.284,.0042,.0237,.0112,.0789,,1.4055,.2319,.1724,.1189,.5863,,233861,146,2026,18.03367579908676,11379.59646118722,4813.159132420092,2108.028424657534,7250.183333333333,,1000000
146,.0253,.019297788,.575,.51359999,29428000,.0166,.0011393847322446,0,.0000507597587266,.0160054695942255,.028131795983923,.1065083758077221,,1.26739040987498,.0539686080986995,.3571032458247894,.1554358746668059,.6491314044239387,,.1242,.0072,.0119,.0139,.042,,1.089,.3078,.1688,.1327,.5467,,0,.0002243912377622,.0212481862769954,.0247565311979441,.183090639895538,,.6711170543862426,.0501134689598642,.35938613305978,.1266649388372393,.596691386085663,,.284,.0042,.0237,.0112,.0789,,1.1853,.2319,.1724,.1189,.5863,,233861,146,2027,18.03367579908676,11379.59646118722,4813.159132420092,2108.028424657534,7250.183333333333,,1000000
147,.041,.039663017,.5570000000000001,.4826,6440000,0,0,.0024263839811543,.0182562815511792,.0819852717237642,.1643024346521823,.4728972000818634,,0,.0033129223543661,.0385713240220772,.0018070128477628,.0421848280870223,,.2315,.0443,.0223,.0227,.065,,.5155,.137,.1636,.203,.2046,,.0002021986650962,.001975573652547,.0161067367056408,.0136918695543485,.1317724269668896,,0,.0012340960241445,.0312321925180848,.0006023376159209,.0643576745868286,,.1162,.0275,.0122,.0024,.078,,.5361,.1787,.1997,.2341,.2581,,59350,147,2025,4.845890410958904,1102.366552511415,2009.057534246575,150.5423515981735,3239.559817351598,,1000000
147,.041,.039663017,.5570000000000001,.4826,6440000,0,0,.0024263839811543,.0182562815511792,.0819852717237642,.1643024346521823,.4728972000818634,,0,.0033129223543661,.0385713240220772,.0018070128477628,.0421848280870223,,.2315,.0443,.0223,.0227,.065,,.5155,.137,.1636,.203,.2046,,.0002021986650962,.001975573652547,.0161067367056408,.0136918695543485,.1317724269668896,,0,.0012340960241445,.0312321925180848,.0006023376159209,.0643576745868286,,.1162,.0275,.0122,.0024,.078,,.5361,.1787,.1997,.2341,.2581,,59350,147,2026,4.845890410958904,1102.366552511415,2009.057534246575,150.5423515981735,3239.559817351598,,1000000
147,.041,.039663017,.5570000000000001,.4826,6440000,0,0,.0024263839811543,.0182562815511792,.0819852717237642,.1643024346521823,.4728972000818634,,0,.0033129223543661,.0385713240220772,.0018070128477628,.0421848280870223,,.2315,.0443,.0223,.0227,.065,,.5155,.137,.1636,.203,.2046,,.0002021986650962,.001975573652547,.0161067367056408,.0136918695543485,.1317724269668896,,0,.0012340960241445,.0312321925180848,.0006023376159209,.0643576745868286,,.1162,.0275,.0122,.0024,.078,,.5361,.1787,.1997,.2341,.2581,,59350,147,2027,4.845890410958904,1102.366552511415,2009.057534246575,150.5423515981735,3239.559817351598,,1000000
148,.0366,.027685063,.5447,.46970001,15678000,.0001,0,.059157897130211,.0164465553400597,.0282158617027316,.0214209718388932,.1232487005495016,,.0235100630193984,.0432961336544687,.1956996629017224,.2675112773984838,.3614270532359456,,.0771,.0217,.0419,.0787,.123,,.3006,.2696,.2018,.2129,.2185,,.1315887103191897,.0420398680682344,.0492235891140302,.0260402884815459,.2575344372025353,,.0219427254847719,.0564135076472587,.1697036094720145,.5727746489840202,.4304647153395926,,.1592,.0408,.0757,.0636,.2283,,.3637,.2361,.1799,.2042,.2318,,223803,148,2025,30.12408675799087,2409.402397260274,10507.95821917808,581.5365296803653,11223.19760273973,,1000000
148,.0366,.027685063,.5447,.46970001,15678000,.0001,0,.059157897130211,.0164465553400597,.0282158617027316,.0214209718388932,.1232487005495016,,.0235100630193984,.0432961336544687,.1956996629017224,.2675112773984838,.3614270532359456,,.0771,.0217,.0419,.0714,.1213,,.3006,.2696,.2018,.2129,.2185,,.1315887103191897,.0420398680682344,.0492235891140302,.0260402884815459,.2575344372025353,,.0219427254847719,.0564135076472587,.1697036094720145,.5727746489840202,.4304647153395926,,.1592,.0408,.0649,.0631,.1853,,.3637,.2361,.1799,.2042,.2318,,223803,148,2026,30.12408675799087,2409.402397260274,10507.95821917808,581.5365296803653,11223.19760273973,,1000000
148,.0366,.027685063,.5447,.46970001,15678000,.0001,0,.059157897130211,.0164465553400597,.0282158617027316,.0214209718388932,.1232487005495016,,.0235100630193984,.0432961336544687,.1956996629017224,.2675112773984838,.3614270532359456,,.0771,.0217,.0419,.0641,.1196,,.3006,.2696,.2018,.2129,.2185,,.1315887103191897,.0420398680682344,.0492235891140302,.0260402884815459,.2575344372025353,,.0219427254847719,.0564135076472587,.1697036094720145,.5727746489840202,.4304647153395926,,.1592,.0408,.0542,.0627,.1423,,.3637,.2361,.1799,.2042,.2318,,223803,148,2027,30.12408675799087,2409.402397260274,10507.95821917808,581.5365296803653,11223.19760273973,,1000000
152,.0269,.031470239,.5909,.50230002,28045000,.0671,.0000828088771116,0,.0454829028766744,.0741409650138063,.0126769440910175,.1073414579894402,,.1841334345190009,.0147600130562255,.1307416403923852,.0997849135015488,.3795333396863141,,.3641,.0295,.0939,.1465,.1144,,1.3441,.5478,.5662,.5746,.8604000000000001,,0,.2234964355607958,.2733175920265116,.0463384582957608,.4087146116405108,,.0122755623012667,.0018210539439585,.0352309468540157,.0176148088452075,.1967253861507603,,.4565,.1374,.0351,.0449,.1244,,1.8192,.5766,.4433,.3872,.8204,,251857,152,2025,13.98938356164384,14022.94703196347,3443.325,1411.399885844749,8707.667465753424,,1000000
152,.0269,.031470239,.5909,.50230002,28045000,.0671,.0000828088771116,0,.0454829028766744,.0741409650138063,.0126769440910175,.1073414579894402,,.1841334345190009,.0147600130562255,.1307416403923852,.0997849135015488,.3795333396863141,,.3071,.0295,.0913,.1171,.1144,,1.2327,.4478,.5037,.5054999999999999,.7782,,0,.2234964355607958,.2733175920265116,.0463384582957608,.4087146116405108,,.0122755623012667,.0018210539439585,.0352309468540157,.0176148088452075,.1967253861507603,,.39,.1256,.0351,.0449,.1244,,1.5256,.4578,.41,.3694,.7543,,251857,152,2026,13.98938356164384,14022.94703196347,3443.325,1411.399885844749,8707.667465753424,,1000000
152,.0269,.031470239,.5909,.50230002,28045000,.0671,.0000828088771116,0,.0454829028766744,.0741409650138063,.0126769440910175,.1073414579894402,,.1841334345190009,.0147600130562255,.1307416403923852,.0997849135015488,.3795333396863141,,.2501,.0295,.0887,.0878,.1144,,1.1212,.3479,.4412,.4365,.6959,,0,.2234964355607958,.2733175920265116,.0463384582957608,.4087146116405108,,.0122755623012667,.0018210539439585,.0352309468540157,.0176148088452075,.1967253861507603,,.3234,.1138,.0351,.0449,.1244,,1.2319,.3391,.3767,.3516,.6882,,251857,152,2027,13.98938356164384,14022.94703196347,3443.325,1411.399885844749,8707.667465753424,,1000000
156,.0559,.051936563,.5284,.31,7342000,0,0,.6875274537828804,.8232257689773814,.6644990870288313,.8308989933165425,.8076134823013199,,.5435949349024819,.3560247197778091,.4040539505871314,.2886202144686431,.4000478704750256,,.0081,.0003,.0007,0,.0077,,.1916,.1024,.137,.0573,.1065,,4.18245867717919,4.527540214986044,3.901094305463481,4.539018491542148,4.215955770139851,,.4951527489458862,.2866133303169864,.3217022025994801,.2261879871404553,.3211011655821742,,.0248,.0009,.002,0,.0237,,.0527,.0141,.0509,.0255,.0675,,46345,156,2025,51.19646118721461,74.68184931506849,471.1397260273973,420.7382420091324,3924.688698630137,,1000000
156,.0559,.051936563,.5284,.31,7342000,0,0,.6875274537828804,.8232257689773814,.6644990870288313,.8308989933165425,.8076134823013199,,.5435949349024819,.3560247197778091,.4040539505871314,.2886202144686431,.4000478704750256,,.0081,.0003,.0007,0,.0077,,.1916,.1024,.137,.0573,.1065,,4.18245867717919,4.527540214986044,3.901094305463481,4.539018491542148,4.215955770139851,,.4951527489458862,.2866133303169864,.3217022025994801,.2261879871404553,.3211011655821742,,.0248,.0009,.002,0,.0237,,.0527,.0141,.0509,.0255,.0675,,46345,156,2026,51.19646118721461,74.68184931506849,471.1397260273973,420.7382420091324,3924.688698630137,,1000000
156,.0559,.051936563,.5284,.31,7342000,0,0,.6875274537828804,.8232257689773814,.6644990870288313,.8308989933165425,.8076134823013199,,.5435949349024819,.3560247197778091,.4040539505871314,.2886202144686431,.4000478704750256,,.0081,.0003,.0007,0,.0077,,.1916,.1024,.137,.0573,.1065,,4.18245867717919,4.527540214986044,3.901094305463481,4.539018491542148,4.215955770139851,,.4951527489458862,.2866133303169864,.3217022025994801,.2261879871404553,.3211011655821742,,.0248,.0009,.002,0,.0237,,.0527,.0141,.0509,.0255,.0675,,46345,156,2027,51.19646118721461,74.68184931506849,471.1397260273973,420.7382420091324,3924.688698630137,,1000000
157,.0322,.038562279,.555,.52389997,24550000,.0192,.0537572669202612,.3323543898730033,.0466382295719105,.0863226942567375,.1922335027357867,.357134133272524,,1.692478477523437,.0552504595384529,.3386779120910106,.4534968165137667,.8979161360978754,,.2835,.0244,.1016,.107,.1817,,1.1776,.2012,.207,.3502,.6504,,.6412611358564789,.0859182181340023,.1041742947326525,.3053261744713365,.506759123333956,,2.314379409550006,.0561375768229835,.4239669350726899,.4898461717188688,1.281922281552163,,.4196,.0582,.102,.1767,.2738,,1.3763,.2763,.2712,.4422,.8084,,214562,157,2025,647.5390410958904,7210.927853881279,4861.994406392694,2022.261757990868,8766.27705479452,,1000000
157,.0322,.038562279,.555,.52389997,24550000,.0192,.0537572669202612,.3323543898730033,.0466382295719105,.0863226942567375,.1922335027357867,.357134133272524,,1.692478477523437,.0552504595384529,.3386779120910106,.4534968165137667,.8979161360978754,,.272,.0244,.1,.1043,.177,,1.1738,.2012,.207,.3502,.6504,,.6412611358564789,.0859182181340023,.1041742947326525,.3053261744713365,.506759123333956,,2.314379409550006,.0561375768229835,.4239669350726899,.4898461717188688,1.281922281552163,,.3884,.0582,.102,.148,.2524,,1.3394,.2763,.2712,.4262,.7848000000000001,,214562,157,2026,647.5390410958904,7210.927853881279,4861.994406392694,2022.261757990868,8766.27705479452,,1000000
157,.0322,.038562279,.555,.52389997,24550000,.0192,.0537572669202612,.3323543898730033,.0466382295719105,.0863226942567375,.1922335027357867,.357134133272524,,1.692478477523437,.0552504595384529,.3386779120910106,.4534968165137667,.8979161360978754,,.2605,.0244,.0983,.1017,.1723,,1.17,.2012,.207,.3502,.6504,,.6412611358564789,.0859182181340023,.1041742947326525,.3053261744713365,.506759123333956,,2.314379409550006,.0561375768229835,.4239669350726899,.4898461717188688,1.281922281552163,,.3572,.0582,.102,.1192,.2311,,1.3025,.2763,.2712,.4101,.7612,,214562,157,2027,647.5390410958904,7210.927853881279,4861.994406392694,2022.261757990868,8766.27705479452,,1000000
158,.0433,.037108302,.4617,.41580001,4933000,0,0,0,.003659762108117,0,0,.0124185967409427,,2,1.901151162426246,1.968525511980939,1.968885563729506,1.877947725105349,,.0086,.0393,.0508,.0376,.0601,,.0097,.0893,.1684,.1888,.1344,,0,.0006099603513528,0,0,.0020697661234905,,.7166666666666668,.7304640628632174,.74719286524234,.8636782737864229,.8909639324763927,,.0039,.0056,.008,.0054,.0148,,.0145,.1345,.2038,.1757,.16,,29104,158,2025,28.98127853881278,233.0977168949772,574.6046803652968,370.6196347031964,4590.515639269406,,1000000
158,.0433,.037108302,.4617,.41580001,4933000,0,0,0,.003659762108117,0,0,.0124185967409427,,2,1.901151162426246,1.968525511980939,1.968885563729506,1.877947725105349,,.0086,.0393,.0508,.0376,.0601,,.0097,.0893,.1684,.1888,.1344,,0,.0006099603513528,0,0,.0020697661234905,,.7166666666666668,.7304640628632174,.74719286524234,.8636782737864229,.8909639324763927,,.0039,.0056,.008,.0054,.0148,,.0145,.1345,.2038,.1757,.16,,29104,158,2026,28.98127853881278,233.0977168949772,574.6046803652968,370.6196347031964,4590.515639269406,,1000000
158,.0433,.037108302,.4617,.41580001,4933000,0,0,0,.003659762108117,0,0,.0124185967409427,,2,1.901151162426246,1.968525511980939,1.968885563729506,1.877947725105349,,.0086,.0393,.0508,.0376,.0601,,.0097,.0893,.1684,.1888,.1344,,0,.0006099603513528,0,0,.0020697661234905,,.7166666666666668,.7304640628632174,.74719286524234,.8636782737864229,.8909639324763927,,.0039,.0056,.008,.0054,.0148,,.0145,.1345,.2038,.1757,.16,,29104,158,2027,28.98127853881278,233.0977168949772,574.6046803652968,370.6196347031964,4590.515639269406,,1000000
160,.0354,.027006403,.55,.4298,36018000,.0282,.020341564233656,.1868848744618073,.1224150546440303,.0294212126442493,.2480075161549951,.1241744686134863,,1.470505529339402,.216985818319447,.1759586495733461,.4244113813335673,.7382633341277279,,.2851,.0458,.0528,.0817,.1851,,1.274,.4333,.5099,.5103,.7981,,.3525216760641395,.1331613575804162,.038796232338347,.1151357571973905,.2975105620517275,,1.538465897295189,.2569221105780745,.506869136737584,.7812372132457237,1.157953645851067,,.5235,.0708,.1158,.1413,.2976,,1.6169,.4439,.4652,.4915,.9693000000000001,,391833,160,2025,1032.836187214612,8706.735502283105,19726.90605022831,1435.932876712329,12678.78869863014,,1000000
160,.0354,.027006403,.55,.4298,36018000,.0282,.020341564233656,.1868848744618073,.1224150546440303,.0294212126442493,.2480075161549951,.1241744686134863,,1.470505529339402,.216985818319447,.1759586495733461,.4244113813335673,.7382633341277279,,.2722,.0458,.0528,.0817,.1777,,1.2193,.4101,.496,.4947,.7706,,.3525216760641395,.1331613575804162,.038796232338347,.1151357571973905,.2975105620517275,,1.538465897295189,.2569221105780745,.506869136737584,.7812372132457237,1.157953645851067,,.4385,.0708,.1158,.1292,.2627,,1.4558,.412,.4438,.4476,.8613,,391833,160,2026,1032.836187214612,8706.735502283105,19726.90605022831,1435.932876712329,12678.78869863014,,1000000
160,.0354,.027006403,.55,.4298,36018000,.0282,.020341564233656,.1868848744618073,.1224150546440303,.0294212126442493,.2480075161549951,.1241744686134863,,1.470505529339402,.216985818319447,.1759586495733461,.4244113813335673,.7382633341277279,,.2593,.0458,.0528,.0817,.1702,,1.1646,.3869,.4821,.4792,.743,,.3525216760641395,.1331613575804162,.038796232338347,.1151357571973905,.2975105620517275,,1.538465897295189,.2569221105780745,.506869136737584,.7812372132457237,1.157953645851067,,.3535,.0708,.1158,.1172,.2278,,1.2948,.3801,.4224,.4037,.7532,,391833,160,2027,1032.836187214612,8706.735502283105,19726.90605022831,1435.932876712329,12678.78869863014,,1000000
163,.0491,.04131477,.47,.37,7391000,.0029,0,.576900732082262,.0489314366813902,.1445947210944732,.1498698109967136,.2559306224017868,,.0752998121108535,.0088181922794345,.1333749377378529,.1555962350708362,.2856301873895937,,.2033,.0837,.0846,.1257,.1331,,.5965,.3924,.3717,.4014,.3063,,.5544341711644376,.033062452605831,.0833822108041245,.1646558081227071,.1649958395321802,,.0547735937598029,.0103317321357792,.1075125265854071,.0625665984551002,.1807302210226994,,.3064,.0705,.0705,.1782,.1567,,1.0187,.2497,.3015,.3406,.3591,,39429,163,2025,209.8536529680365,386.8869863013699,493.888698630137,313.7342465753425,2881.958789954338,,1000000
163,.0491,.04131477,.47,.37,7391000,.0029,0,.576900732082262,.0489314366813902,.1445947210944732,.1498698109967136,.2559306224017868,,.0752998121108535,.0088181922794345,.1333749377378529,.1555962350708362,.2856301873895937,,.2033,.0837,.0846,.1257,.1331,,.5965,.3924,.3717,.4014,.3063,,.5544341711644376,.033062452605831,.0833822108041245,.1646558081227071,.1649958395321802,,.0547735937598029,.0103317321357792,.1075125265854071,.0625665984551002,.1807302210226994,,.3064,.0705,.0705,.1782,.1567,,1.0187,.2497,.3015,.3406,.3591,,39429,163,2026,209.8536529680365,386.8869863013699,493.888698630137,313.7342465753425,2881.958789954338,,1000000
163,.0491,.04131477,.47,.37,7391000,.0029,0,.576900732082262,.0489314366813902,.1445947210944732,.1498698109967136,.2559306224017868,,.0752998121108535,.0088181922794345,.1333749377378529,.1555962350708362,.2856301873895937,,.2033,.0837,.0846,.1257,.1331,,.5965,.3924,.3717,.4014,.3063,,.5544341711644376,.033062452605831,.0833822108041245,.1646558081227071,.1649958395321802,,.0547735937598029,.0103317321357792,.1075125265854071,.0625665984551002,.1807302210226994,,.3064,.0705,.0705,.1782,.1567,,1.0187,.2497,.3015,.3406,.3591,,39429,163,2027,209.8536529680365,386.8869863013699,493.888698630137,313.7342465753425,2881.958789954338,,1000000
164,.0482,.042278949,.4345,.333,15968000,.0168,.0819897512810899,.9011310919611162,.3248100203320443,.5765364649358327,.5367759607664756,1.189968374156161,0,2.920112818800229,1.208710819259285,1.47653168045027,1.540219251040039,2.015402036697273,2,.325,.0396,.0634,.0499,.2546,0,1.3652,.2831,.5412,.5724,.8297,0,.9309707490681121,.1661782999226568,.2574093574160802,.3091620619971216,.8125681449526664,0,4.880453078075357,.9297689643332609,2.004311492679063,2.165887166332346,3.691141591369135,.9166666666666665,.4047,.0612,.0667,.0664,.3335,0,1.133,.1657,.312,.3055,.5974,0,115211,164,2025,471.722602739726,1021.90399543379,2185.526712328767,688.8852739726027,8080.893264840182,142.0815068493151,1000000
164,.0482,.042278949,.4345,.333,15968000,.0168,.0819897512810899,.9011310919611162,.3248100203320443,.5765364649358327,.5367759607664756,1.189968374156161,0,2.920112818800229,1.208710819259285,1.47653168045027,1.540219251040039,2.015402036697273,2,.3149,.0396,.0634,.0499,.2534,0,1.3652,.2831,.5412,.5724,.8297,0,.9309707490681121,.1661782999226568,.2574093574160802,.3091620619971216,.8125681449526664,0,4.880453078075357,.9297689643332609,2.004311492679063,2.165887166332346,3.691141591369135,.9166666666666665,.4047,.0612,.0667,.0664,.3335,0,1.133,.1657,.312,.3055,.5974,0,115211,164,2026,471.722602739726,1021.90399543379,2185.526712328767,688.8852739726027,8080.893264840182,142.0815068493151,1000000
164,.0482,.042278949,.4345,.333,15968000,.0168,.0819897512810899,.9011310919611162,.3248100203320443,.5765364649358327,.5367759607664756,1.189968374156161,0,2.920112818800229,1.208710819259285,1.47653168045027,1.540219251040039,2.015402036697273,2,.3048,.0396,.0634,.0499,.2522,0,1.3652,.2831,.5412,.5724,.8297,0,.9309707490681121,.1661782999226568,.2574093574160802,.3091620619971216,.8125681449526664,0,4.880453078075357,.9297689643332609,2.004311492679063,2.165887166332346,3.691141591369135,.9166666666666665,.4047,.0612,.0667,.0664,.3335,0,1.133,.1657,.312,.3055,.5974,0,115211,164,2027,471.722602739726,1021.90399543379,2185.526712328767,688.8852739726027,8080.893264840182,142.0815068493151,1000000
167,.0376,.037543841,.65,.417,16110000,0,0,,.5034821175151202,.2927449414512192,.4123912797398194,.1736399931926609,,,.1188919682078902,.1587916673907399,.2818905591857243,.3033599966379882,,.2368,.072,.1035,.0456,.1317,,1.0591,.0337,.1576,.2423,.1779,,,.025174105875756,.014637247072561,.020619563986991,.055177967838466,,,.2360960798807654,.4990345498801757,.7976153642301105,.864099199451494,,.2803,.0035,.0037,.0018,.0133,,1.1419,.0315,.1845,.2358,.1691,,60729,167,2025,,890.4595890410959,1760.503652968036,172.4478310502283,3726.839726027397,,1000000
167,.0376,.037543841,.65,.417,16110000,0,0,,.5034821175151202,.2927449414512192,.4123912797398194,.1736399931926609,,,.1188919682078902,.1587916673907399,.2818905591857243,.3033599966379882,,.2368,.0676,.09,.0456,.1298,,1.0591,.0337,.1576,.2423,.1779,,,.025174105875756,.014637247072561,.020619563986991,.055177967838466,,,.2360960798807654,.4990345498801757,.7976153642301105,.864099199451494,,.2803,.0035,.0037,.0018,.0133,,1.1419,.0315,.1845,.2358,.1691,,60729,167,2026,,890.4595890410959,1760.503652968036,172.4478310502283,3726.839726027397,,1000000
167,.0376,.037543841,.65,.417,16110000,0,0,,.5034821175151202,.2927449414512192,.4123912797398194,.1736399931926609,,,.1188919682078902,.1587916673907399,.2818905591857243,.3033599966379882,,.2368,.0632,.0765,.0456,.1279,,1.0591,.0337,.1576,.2423,.1779,,,.025174105875756,.014637247072561,.020619563986991,.055177967838466,,,.2360960798807654,.4990345498801757,.7976153642301105,.864099199451494,,.2803,.0035,.0037,.0018,.0133,,1.1419,.0315,.1845,.2358,.1691,,60729,167,2027,,890.4595890410959,1760.503652968036,172.4478310502283,3726.839726027397,,1000000
168,.0718,,.3736,,,.052,0,0,0,.0337055018476837,0,.0270772451771766,,1.421074210742108,.3654679081424188,.5415085808888248,.9876112488030192,.7595664066724477,,.1272,.0557,.0631,.1229,.1535,,1.5654,.204,.4447,.4634,1.0084,,0,0,.0503528928952021,0,.0221712897537716,,4.735498545461645,1.523688220151993,1.796303810075422,3.209736558609812,2.548002463192907,,.1715,.1595,.094,.1159,.2634,,5.455,.4888,1.0531,.6555,2.828,,,3065,2024,27.28561643835616,413.7683789954338,185.0706621004566,64.85114155251142,1160.062671232877,,1000000
168,.0718,,.3736,,,.052,0,0,0,.0337055018476837,0,.0270772451771766,,1.421074210742108,.3654679081424188,.5415085808888248,.9876112488030192,.7595664066724477,,.1272,.0557,.0631,.1229,.1535,,1.5654,.204,.4447,.4634,1.0084,,0,0,.0503528928952021,0,.0221712897537716,,4.735498545461645,1.523688220151993,1.796303810075422,3.209736558609812,2.548002463192907,,.1715,.1595,.094,.1159,.2634,,4.9031,.4888,1.0531,.6555,2.828,,,3065,2025,27.28561643835616,413.7683789954338,185.0706621004566,64.85114155251142,1160.062671232877,,1000000
168,.0718,,.3736,,,.052,0,0,0,.0337055018476837,0,.0270772451771766,,1.421074210742108,.3654679081424188,.5415085808888248,.9876112488030192,.7595664066724477,,.1272,.0557,.0631,.1229,.1535,,1.5654,.204,.4447,.4634,1.0084,,0,0,.0503528928952021,0,.0221712897537716,,4.735498545461645,1.523688220151993,1.796303810075422,3.209736558609812,2.548002463192907,,.1715,.1595,.094,.1159,.2634,,4.3512,.4888,1.0531,.6555,2.828,,,3065,2026,27.28561643835616,413.7683789954338,185.0706621004566,64.85114155251142,1160.062671232877,,1000000
168,.0718,,.3736,,,.052,0,0,0,.0337055018476837,0,.0270772451771766,,1.421074210742108,.3654679081424188,.5415085808888248,.9876112488030192,.7595664066724477,,.1272,.0557,.0631,.1229,.1535,,1.5654,.204,.4447,.4634,1.0084,,0,0,.0503528928952021,0,.0221712897537716,,4.735498545461645,1.523688220151993,1.796303810075422,3.209736558609812,2.548002463192907,,.1715,.1595,.094,.1159,.2634,,3.7993,.4888,1.0531,.6555,2.828,,,3065,2027,27.28561643835616,413.7683789954338,185.0706621004566,64.85114155251142,1160.062671232877,,1000000
169,.0368,.044545442,.495,.3646,42907000,.003,.0659908872165054,.4215601441661481,.0547185484183724,.2406869522149775,.1299878389338204,.2149890381224347,,2.498488166588039,2.47220010466203,1.395086421060667,1.272793587067329,1.31211098062327,,.2874,.1451,.1427,.1608,.2322,,.9935,.38,.5183,.4708,.588,,1.378940046516942,.1238224563132115,.4553660049320115,.3191421918516367,.5821641999596235,,2.806342042638125,.9941894088001162,1.645519059642768,1.446096586116787,1.390493452638345,,.4134,.1993,.1781,.2205,.3274,,1.3202,.3872,.5698,.5225,.7623,,315745,169,2025,2205.281506849315,5901.797374429224,7902.492465753425,2103.426484018265,15911.099543379,,1000000
169,.0368,.044545442,.495,.3646,42907000,.003,.0659908872165054,.4215601441661481,.0547185484183724,.2406869522149775,.1299878389338204,.2149890381224347,,2.498488166588039,2.47220010466203,1.395086421060667,1.272793587067329,1.31211098062327,,.2728,.119,.1194,.1297,.2001,,.9935,.38,.4975,.4708,.588,,1.378940046516942,.1238224563132115,.4553660049320115,.3191421918516367,.5821641999596235,,2.806342042638125,.9941894088001162,1.645519059642768,1.446096586116787,1.390493452638345,,.3814,.1693,.1489,.1677,.2758,,1.3033,.3809,.493,.4596,.7534,,315745,169,2026,2205.281506849315,5901.797374429224,7902.492465753425,2103.426484018265,15911.099543379,,1000000
169,.0368,.044545442,.495,.3646,42907000,.003,.0659908872165054,.4215601441661481,.0547185484183724,.2406869522149775,.1299878389338204,.2149890381224347,,2.498488166588039,2.47220010466203,1.395086421060667,1.272793587067329,1.31211098062327,,.2581,.093,.0961,.0985,.1679,,.9935,.38,.4766,.4708,.588,,1.378940046516942,.1238224563132115,.4553660049320115,.3191421918516367,.5821641999596235,,2.806342042638125,.9941894088001162,1.645519059642768,1.446096586116787,1.390493452638345,,.3495,.1393,.1197,.115,.2242,,1.2864,.3746,.4163,.3967,.7446,,315745,169,2027,2205.281506849315,5901.797374429224,7902.492465753425,2103.426484018265,15911.099543379,,1000000
170,.0319,.022674182,.5863,.52740002,25493000,0,0,0,.0030023017885254,.0113619929542908,.0112433294040113,.0310708992347412,,.0167436659506224,.111021130478386,.2522473767757346,.2060223938516698,.1772592588961054,,.0244,.0598,.0899,.0563,.0863,,.6578000000000001,.0844,.3392,.3368,.3443,,0,.0004717241051215,.016587752001521,.0232148896880357,.0542846434661241,,.0111624439670816,.0638818186883217,.1632461096997741,.1512609871395776,.1388231690065422,,.0012,.0082,.0453,.008,.0306,,.5571,.0899,.3217,.302,.3732,,310794,170,2025,3.879337899543379,4472.747831050228,13110.24942922374,6883.22899543379,10105.54086757991,,1000000
170,.0319,.022674182,.5863,.52740002,25493000,0,0,0,.0030023017885254,.0113619929542908,.0112433294040113,.0310708992347412,,.0167436659506224,.111021130478386,.2522473767757346,.2060223938516698,.1772592588961054,,.0244,.0571,.0804,.0563,.0863,,.6578000000000001,.0844,.3392,.3368,.3443,,0,.0004717241051215,.016587752001521,.0232148896880357,.0542846434661241,,.0111624439670816,.0638818186883217,.1632461096997741,.1512609871395776,.1388231690065422,,.0012,.0082,.0453,.008,.0306,,.5571,.0899,.3013,.2721,.3732,,310794,170,2026,3.879337899543379,4472.747831050228,13110.24942922374,6883.22899543379,10105.54086757991,,1000000
170,.0319,.022674182,.5863,.52740002,25493000,0,0,0,.0030023017885254,.0113619929542908,.0112433294040113,.0310708992347412,,.0167436659506224,.111021130478386,.2522473767757346,.2060223938516698,.1772592588961054,,.0244,.0545,.0709,.0563,.0863,,.6578000000000001,.0844,.3392,.3368,.3443,,0,.0004717241051215,.016587752001521,.0232148896880357,.0542846434661241,,.0111624439670816,.0638818186883217,.1632461096997741,.1512609871395776,.1388231690065422,,.0012,.0082,.0453,.008,.0306,,.5571,.0899,.2809,.2423,.3732,,310794,170,2027,3.879337899543379,4472.747831050228,13110.24942922374,6883.22899543379,10105.54086757991,,1000000
171,.0358,.030724023,.4591,.36899999,4841000,.0001,0,0,.0039833104392771,.0182305413353085,.0367455207767634,.0545461173942761,,.9753553854565337,.5403167701094782,.0282941651129021,.2866459742129123,.0938683813669257,,.4927,.0061,.0324,.1234,.099,,1.165,.0123,.0348,.0345,.0984,,0,.0014965201056429,.0100266530007175,.0765531682849237,.0658354313287643,,.6189486513577547,1.00810438349649,.0372539840653211,.3774171993803346,.1158799661209761,,.331,.0099,.0667,.1702,.1443,,2.2987,.0102,.0198,.0126,.2255,,53769,171,2025,16.70319634703196,1743.604908675799,985.9076484018265,460.1343607305936,2739.849885844749,,1000000
171,.0358,.030724023,.4591,.36899999,4841000,.0001,0,0,.0039833104392771,.0182305413353085,.0367455207767634,.0545461173942761,,.9753553854565337,.5403167701094782,.0282941651129021,.2866459742129123,.0938683813669257,,.3683,.0061,.0324,.1014,.099,,1.1286,.0123,.0348,.0345,.0984,,0,.0014965201056429,.0100266530007175,.0765531682849237,.0658354313287643,,.6189486513577547,1.00810438349649,.0372539840653211,.3774171993803346,.1158799661209761,,.3171,.0099,.0667,.1289,.1443,,1.7442,.0102,.0198,.0126,.2255,,53769,171,2026,16.70319634703196,1743.604908675799,985.9076484018265,460.1343607305936,2739.849885844749,,1000000
171,.0358,.030724023,.4591,.36899999,4841000,.0001,0,0,.0039833104392771,.0182305413353085,.0367455207767634,.0545461173942761,,.9753553854565337,.5403167701094782,.0282941651129021,.2866459742129123,.0938683813669257,,.2439,.0061,.0324,.0794,.099,,1.0921,.0123,.0348,.0345,.0984,,0,.0014965201056429,.0100266530007175,.0765531682849237,.0658354313287643,,.6189486513577547,1.00810438349649,.0372539840653211,.3774171993803346,.1158799661209761,,.3033,.0099,.0667,.0875,.1443,,1.1898,.0102,.0198,.0126,.2255,,53769,171,2027,16.70319634703196,1743.604908675799,985.9076484018265,460.1343607305936,2739.849885844749,,1000000
173,.0362,.029233193,.5477,.50999999,35388000,0,.0001010645465571,0,.0000694398114652,.0342821051740743,.015121061859091,.0207851792626941,,.7574569256508848,.1392211677977847,.109257664747641,.1108472531828208,.2203895259431362,,.1945,.0017,.0123,.0236,.0345,,.4612,.3015,.2485,.1868,.2302,,0,.0000705739950525,.0275201728207874,.0084780982488831,.026503301546067,,.2777342060719911,.0624193303389288,.0693657634916778,.0610423085456672,.0969665300880915,,.1232,.0046,.0195,.0203,.0901,,.5412,.1663,.1621,.1255,.1183,,468919,173,2025,19.44577625570776,5027.184703196347,17492.32888127854,3707.188127853881,25190.1147260274,,1000000
173,.0362,.029233193,.5477,.50999999,35388000,0,.0001010645465571,0,.0000694398114652,.0342821051740743,.015121061859091,.0207851792626941,,.7574569256508848,.1392211677977847,.109257664747641,.1108472531828208,.2203895259431362,,.1945,.0017,.0123,.0236,.0345,,.4612,.2885,.2485,.1868,.2302,,0,.0000705739950525,.0275201728207874,.0084780982488831,.026503301546067,,.2777342060719911,.0624193303389288,.0693657634916778,.0610423085456672,.0969665300880915,,.1232,.0046,.0195,.0203,.0901,,.5412,.1663,.1621,.1255,.1183,,468919,173,2026,19.44577625570776,5027.184703196347,17492.32888127854,3707.188127853881,25190.1147260274,,1000000
173,.0362,.029233193,.5477,.50999999,35388000,0,.0001010645465571,0,.0000694398114652,.0342821051740743,.015121061859091,.0207851792626941,,.7574569256508848,.1392211677977847,.109257664747641,.1108472531828208,.2203895259431362,,.1945,.0017,.0123,.0236,.0345,,.4612,.2756,.2485,.1868,.2302,,0,.0000705739950525,.0275201728207874,.0084780982488831,.026503301546067,,.2777342060719911,.0624193303389288,.0693657634916778,.0610423085456672,.0969665300880915,,.1232,.0046,.0195,.0203,.0901,,.5412,.1663,.1621,.1255,.1183,,468919,173,2027,19.44577625570776,5027.184703196347,17492.32888127854,3707.188127853881,25190.1147260274,,1000000
175,.0384,.031055311,.475,.46399999,30733000,0,.0046331079388931,.508723794884705,.0957646458064828,.1904971727066997,.6313160789056295,.4438879092521472,,1.976382430687192,1.436182108610071,.3707870531079218,.3948778988227712,.6278805194262655,,.1189,.0611,.0221,.0349,.0492,,.2146,.0877,.036,.0475,.0455,,1.335326479338086,.2251830214711137,.3696570995842812,1.219801638760141,1.093480611001285,,3.504341690105137,1.232035212017918,.3402126975850698,.4765389158198471,.8642862426053626,,.1065,.0234,.0564,.0678,.0336,,.2133,.0843,.0313,.0484,.0544,,168216,175,2025,428.9624429223744,2261.443378995434,7639.593721461187,753.6371004566211,7531.149200913242,,1000000
175,.0384,.031055311,.475,.46399999,30733000,0,.0046331079388931,.508723794884705,.0957646458064828,.1904971727066997,.6313160789056295,.4438879092521472,,1.976382430687192,1.436182108610071,.3707870531079218,.3948778988227712,.6278805194262655,,.1189,.0611,.0221,.0349,.0492,,.2146,.0877,.036,.0475,.0455,,1.335326479338086,.2251830214711137,.3696570995842812,1.219801638760141,1.093480611001285,,3.504341690105137,1.232035212017918,.3402126975850698,.4765389158198471,.8642862426053626,,.1065,.0234,.0564,.0678,.0336,,.2133,.0843,.0313,.0484,.0544,,168216,175,2026,428.9624429223744,2261.443378995434,7639.593721461187,753.6371004566211,7531.149200913242,,1000000
175,.0384,.031055311,.475,.46399999,30733000,0,.0046331079388931,.508723794884705,.0957646458064828,.1904971727066997,.6313160789056295,.4438879092521472,,1.976382430687192,1.436182108610071,.3707870531079218,.3948778988227712,.6278805194262655,,.1189,.0611,.0221,.0349,.0492,,.2146,.0877,.036,.0475,.0455,,1.335326479338086,.2251830214711137,.3696570995842812,1.219801638760141,1.093480611001285,,3.504341690105137,1.232035212017918,.3402126975850698,.4765389158198471,.8642862426053626,,.1065,.0234,.0564,.0678,.0336,,.2133,.0843,.0313,.0484,.0544,,168216,175,2027,428.9624429223744,2261.443378995434,7639.593721461187,753.6371004566211,7531.149200913242,,1000000
177,.0546,,.2735,,,.0504,.084,0,0,0,,0,,.4240653836316767,0,1.268016794696049,,1.094227594917473,,0,0,0,.3007,0,,.3319,.0426,.6977,1.2045,1.0331,,0,0,0,,0,,.6000784534610044,0,3.305025189170237,,2.721484703198105,,0,0,0,.2811,0,,1.5757,.3355,1.646,1.2891,2.6009,,,177,2024,39.72340182648402,61.13013698630137,13.24075342465753,,207.3358447488584,,1000000
177,.0546,,.2735,,,.0504,.084,0,0,0,,0,,.4240653836316767,0,1.268016794696049,,1.094227594917473,,0,0,0,.3007,0,,.3319,.0426,.6977,1.2045,1.0331,,0,0,0,,0,,.6000784534610044,0,3.305025189170237,,2.721484703198105,,0,0,0,.2811,0,,1.5757,.3355,1.4966,1.2891,2.3467,,,177,2025,39.72340182648402,61.13013698630137,13.24075342465753,,207.3358447488584,,1000000
177,.0546,,.2735,,,.0504,.084,0,0,0,,0,,.4240653836316767,0,1.268016794696049,,1.094227594917473,,0,0,0,.3007,0,,.3319,.0426,.6977,1.2045,1.0331,,0,0,0,,0,,.6000784534610044,0,3.305025189170237,,2.721484703198105,,0,0,0,.2811,0,,1.5757,.3355,1.3472,1.2891,2.0926,,,177,2026,39.72340182648402,61.13013698630137,13.24075342465753,,207.3358447488584,,1000000
177,.0546,,.2735,,,.0504,.084,0,0,0,,0,,.4240653836316767,0,1.268016794696049,,1.094227594917473,,0,0,0,.3007,0,,.3319,.0426,.6977,1.2045,1.0331,,0,0,0,,0,,.6000784534610044,0,3.305025189170237,,2.721484703198105,,0,0,0,.2811,0,,1.5757,.3355,1.1978,1.2891,1.8385,,,177,2027,39.72340182648402,61.13013698630137,13.24075342465753,,207.3358447488584,,1000000
178,.0333,.027797526,.5674,.52149999,26106000,.0013,0,0,.0582205881419194,.0412933609063017,.0244855534948929,.046245050651724,,.0520060405342478,.1250150922787259,.1938666866088701,.0807511795212329,.1673854145583555,,.0726,.0241,.0323,.0141,.0754,,.3797,.3462,.4582,.4449,.5556,,0,.1186008346215807,.0594543448857767,.0171704399548556,.0465600057149749,,.0546063425609602,.235966998336886,.1668125124627497,.0770289509449683,.1308734436775438,,.1486,.0479,.0411,.0215,.1157,,.4208,.4853,.4166,.3665,.5561,,569655,178,2025,52.46141552511416,6993.695319634703,29525.2002283105,7118.436529680365,20134.1600456621,,1000000
178,.0333,.027797526,.5674,.52149999,26106000,.0013,0,0,.0582205881419194,.0412933609063017,.0244855534948929,.046245050651724,,.0520060405342478,.1250150922787259,.1938666866088701,.0807511795212329,.1673854145583555,,.0726,.0241,.0323,.0141,.0754,,.3797,.3268,.4285,.4185,.5556,,0,.1186008346215807,.0594543448857767,.0171704399548556,.0465600057149749,,.0546063425609602,.235966998336886,.1668125124627497,.0770289509449683,.1308734436775438,,.1486,.0479,.0411,.0215,.1157,,.4208,.3909,.3729,.332,.5561,,569655,178,2026,52.46141552511416,6993.695319634703,29525.2002283105,7118.436529680365,20134.1600456621,,1000000
178,.0333,.027797526,.5674,.52149999,26106000,.0013,0,0,.0582205881419194,.0412933609063017,.0244855534948929,.046245050651724,,.0520060405342478,.1250150922787259,.1938666866088701,.0807511795212329,.1673854145583555,,.0726,.0241,.0323,.0141,.0754,,.3797,.3073,.3988,.3921,.5556,,0,.1186008346215807,.0594543448857767,.0171704399548556,.0465600057149749,,.0546063425609602,.235966998336886,.1668125124627497,.0770289509449683,.1308734436775438,,.1486,.0479,.0411,.0215,.1157,,.4208,.2965,.3292,.2974,.5561,,569655,178,2027,52.46141552511416,6993.695319634703,29525.2002283105,7118.436529680365,20134.1600456621,,1000000
183,.0352,.031616975,.5024999999999999,.46959999,6632000,0,.0004307559767392,0,.0866961957742072,.0572551828988783,.0117882900834283,.0838943728484222,,0,.0143768843707507,.1418201828222273,.0835234662006855,.2102244408717453,,.3715,.0789,.0531,.0411,.1554,,0,.2819,.3231,.2577,.2103,,0,.0605434978292046,.0422440101536073,.0098463613028934,.1363461229237446,,0,.0194517227298835,.1091971067633275,.0544033953988024,.2134851948758664,,.1458,.0333,.0228,.0228,.0793,,0,.1408,.1262,.0957,.1212,,125945,183,2025,6.710730593607306,2557.72705479452,3403.023858447489,1818.653310502283,6072.319634703196,,1000000
183,.0352,.031616975,.5024999999999999,.46959999,6632000,0,.0004307559767392,0,.0866961957742072,.0572551828988783,.0117882900834283,.0838943728484222,,0,.0143768843707507,.1418201828222273,.0835234662006855,.2102244408717453,,.3072,.0753,.0531,.0411,.1474,,0,.2819,.3231,.2577,.2103,,0,.0605434978292046,.0422440101536073,.0098463613028934,.1363461229237446,,0,.0194517227298835,.1091971067633275,.0544033953988024,.2134851948758664,,.1458,.0333,.0228,.0228,.0793,,0,.1408,.1262,.0957,.1212,,125945,183,2026,6.710730593607306,2557.72705479452,3403.023858447489,1818.653310502283,6072.319634703196,,1000000
183,.0352,.031616975,.5024999999999999,.46959999,6632000,0,.0004307559767392,0,.0866961957742072,.0572551828988783,.0117882900834283,.0838943728484222,,0,.0143768843707507,.1418201828222273,.0835234662006855,.2102244408717453,,.2429,.0718,.0531,.0411,.1395,,0,.2819,.3231,.2577,.2103,,0,.0605434978292046,.0422440101536073,.0098463613028934,.1363461229237446,,0,.0194517227298835,.1091971067633275,.0544033953988024,.2134851948758664,,.1458,.0333,.0228,.0228,.0793,,0,.1408,.1262,.0957,.1212,,125945,183,2027,6.710730593607306,2557.72705479452,3403.023858447489,1818.653310502283,6072.319634703196,,1000000
184,.0428,.049390987,.534,.28389999,38231000,.0069,.0037198921231284,.4399019095968282,.1368095079571724,.1484587872246003,.2593037853751609,.4103986195869716,,.9420278101147546,.2653356702902172,.4514111777442338,.4061607416203534,.5834506436334855,,.3353,.1424,.174,.1851,.2244,,.9311,.2117,.4183,.5491,.4968,,.8827569184607795,.4157993013174786,.2084220419988815,.4183953552962584,.5595521956529028,,.4871958947303159,.1067260423874545,.2082732658229757,.214333592744143,.3246770019482861,,.4838,.2989,.2186,.2991,.3004,,.6692,.1238,.256,.2987,.3159,,319451,184,2025,3627.256849315068,7026.270547945205,5135.251255707763,1743.941438356164,16078.37226027397,,1000000
184,.0428,.049390987,.534,.28389999,38231000,.0069,.0037198921231284,.4399019095968282,.1368095079571724,.1484587872246003,.2593037853751609,.4103986195869716,,.9420278101147546,.2653356702902172,.4514111777442338,.4061607416203534,.5834506436334855,,.311,.1374,.1483,.1608,.2222,,.9311,.2117,.4183,.5491,.4968,,.8827569184607795,.4157993013174786,.2084220419988815,.4183953552962584,.5595521956529028,,.4871958947303159,.1067260423874545,.2082732658229757,.214333592744143,.3246770019482861,,.4633,.2647,.2004,.23,.3,,.6692,.1238,.256,.2987,.3159,,319451,184,2026,3627.256849315068,7026.270547945205,5135.251255707763,1743.941438356164,16078.37226027397,,1000000
184,.0428,.049390987,.534,.28389999,38231000,.0069,.0037198921231284,.4399019095968282,.1368095079571724,.1484587872246003,.2593037853751609,.4103986195869716,,.9420278101147546,.2653356702902172,.4514111777442338,.4061607416203534,.5834506436334855,,.2866,.1325,.1226,.1365,.22,,.9311,.2117,.4183,.5491,.4968,,.8827569184607795,.4157993013174786,.2084220419988815,.4183953552962584,.5595521956529028,,.4871958947303159,.1067260423874545,.2082732658229757,.214333592744143,.3246770019482861,,.4428,.2306,.1821,.1608,.2996,,.6692,.1238,.256,.2987,.3159,,319451,184,2027,3627.256849315068,7026.270547945205,5135.251255707763,1743.941438356164,16078.37226027397,,1000000
185,.0361,.035483956,.5745,.45919999,14092000,0,0,0,0,.0055056112181025,.0041852013921692,.005139004621256,,0,.0139033318703055,.3356450545344811,.066502739999942,.0388874404060918,,.0679,.0008,.0054,.0077,.0275,,.1239,.0866,.0676,.0214,.03,,0,0,.0025692852351145,.0019530939830123,.0021115081925732,,0,.0062228171050428,.1547696640353441,.0289973232716942,.0146432131192283,,.1766,.0002,.0015,.0157,.01,,.0362,.0236,.0217,.0042,.0105,,75048,185,2025,29.02899543378996,1891.107420091324,1648.981849315069,1181.756849315068,3512.308904109589,,1000000
185,.0361,.035483956,.5745,.45919999,14092000,0,0,0,0,.0055056112181025,.0041852013921692,.005139004621256,,0,.0139033318703055,.3356450545344811,.066502739999942,.0388874404060918,,.0679,.0008,.0054,.0077,.0275,,.1239,.0866,.0676,.0214,.03,,0,0,.0025692852351145,.0019530939830123,.0021115081925732,,0,.0062228171050428,.1547696640353441,.0289973232716942,.0146432131192283,,.1766,.0002,.0015,.0157,.01,,.0362,.0236,.0217,.0042,.0105,,75048,185,2026,29.02899543378996,1891.107420091324,1648.981849315069,1181.756849315068,3512.308904109589,,1000000
185,.0361,.035483956,.5745,.45919999,14092000,0,0,0,0,.0055056112181025,.0041852013921692,.005139004621256,,0,.0139033318703055,.3356450545344811,.066502739999942,.0388874404060918,,.0679,.0008,.0054,.0077,.0275,,.1239,.0866,.0676,.0214,.03,,0,0,.0025692852351145,.0019530939830123,.0021115081925732,,0,.0062228171050428,.1547696640353441,.0289973232716942,.0146432131192283,,.1766,.0002,.0015,.0157,.01,,.0362,.0236,.0217,.0042,.0105,,75048,185,2027,29.02899543378996,1891.107420091324,1648.981849315069,1181.756849315068,3512.308904109589,,1000000
186,.0295,,.615,0,52812000,.0262,.0178994327256705,.157772406619592,.0413596123449789,.1070802787248102,.1541741836992329,.1429864252800879,,.8622349830863154,.0309653754923108,.1580843495128993,.4650457342108347,.410672050754902,,.1815,.0426,.0922,.097,.154,,1.2084,.2801,.4775,.6335,.735,,.2335339504170311,4.23940554797303,.2869689706227744,.193705572038159,.1561649806510558,,1.053044766000614,.0407838979941252,.1645611609789891,.4477514886378298,.5546328737770757,,.1856,.074,.1398,.1464,.241,,1.508,.2466,.4503,.6254999999999999,.8829,,0,186,2025,835.7300228310502,44864.23184931507,31796.37420091324,4656.409018264841,34854.94520547945,,1000000
186,.0295,,.615,0,52812000,.0262,.0178994327256705,.157772406619592,.0413596123449789,.1070802787248102,.1541741836992329,.1429864252800879,,.8622349830863154,.0309653754923108,.1580843495128993,.4650457342108347,.410672050754902,,.1815,.0426,.0846,.0839,.1416,,1.1352,.2801,.4315,.5058,.6833,,.2335339504170311,4.23940554797303,.2869689706227744,.193705572038159,.1561649806510558,,1.053044766000614,.0407838979941252,.1645611609789891,.4477514886378298,.5546328737770757,,.1856,.0739,.1037,.1101,.2002,,1.3271,.2466,.3824,.453,.7411,,0,186,2026,835.7300228310502,44864.23184931507,31796.37420091324,4656.409018264841,34854.94520547945,,1000000
186,.0295,,.615,0,52812000,.0262,.0178994327256705,.157772406619592,.0413596123449789,.1070802787248102,.1541741836992329,.1429864252800879,,.8622349830863154,.0309653754923108,.1580843495128993,.4650457342108347,.410672050754902,,.1815,.0426,.0771,.0708,.1291,,1.062,.2801,.3855,.3782,.6316000000000001,,.2335339504170311,4.23940554797303,.2869689706227744,.193705572038159,.1561649806510558,,1.053044766000614,.0407838979941252,.1645611609789891,.4477514886378298,.5546328737770757,,.1856,.0737,.0677,.0738,.1594,,1.1462,.2466,.3144,.2805,.5993000000000001,,0,186,2027,835.7300228310502,44864.23184931507,31796.37420091324,4656.409018264841,34854.94520547945,,1000000
187,.0379,.025662901,.472,.39300001,12187000,0,0,0,.0112650263485997,.0115043745028974,0,.0274126330188295,,0,.0005150478614694,.0056029598522741,.0012473997598967,.005875212408561,,.128,.0544,.072,.0357,.0849,,.0685,.0463,.0606,.0655,.0943,,0,.1116392090487014,.0279677943214555,0,.1036134767700222,,0,.0025752393073471,.0056029598522741,.0012473997598967,.014725874980652,,.1135,.196,.2299,.0729,.1483,,.0685,.0755,.1043,.0837,.1592,,87909,187,2025,190.9163242009132,2263.166894977169,2363.008219178082,606.2840182648401,4354.277625570776,,1000000
187,.0379,.025662901,.472,.39300001,12187000,0,0,0,.0112650263485997,.0115043745028974,0,.0274126330188295,,0,.0005150478614694,.0056029598522741,.0012473997598967,.005875212408561,,.128,.0544,.072,.0357,.0849,,.0685,.0463,.0606,.0655,.0943,,0,.1116392090487014,.0279677943214555,0,.1036134767700222,,0,.0025752393073471,.0056029598522741,.0012473997598967,.014725874980652,,.1135,.1665,.174,.0729,.1483,,.0685,.0755,.1043,.0837,.1592,,87909,187,2026,190.9163242009132,2263.166894977169,2363.008219178082,606.2840182648401,4354.277625570776,,1000000
187,.0379,.025662901,.472,.39300001,12187000,0,0,0,.0112650263485997,.0115043745028974,0,.0274126330188295,,0,.0005150478614694,.0056029598522741,.0012473997598967,.005875212408561,,.128,.0544,.072,.0357,.0849,,.0685,.0463,.0606,.0655,.0943,,0,.1116392090487014,.0279677943214555,0,.1036134767700222,,0,.0025752393073471,.0056029598522741,.0012473997598967,.014725874980652,,.1135,.1371,.1181,.0729,.1483,,.0685,.0755,.1043,.0837,.1592,,87909,187,2027,190.9163242009132,2263.166894977169,2363.008219178082,606.2840182648401,4354.277625570776,,1000000
191,.0347,.029428873,.6109,.4756,35331000,.0254,.0267607299097466,.1339784303090822,.0927354902217264,.1373452803946637,.0118545287656453,.0402281596318429,,1.660813822444576,.8091178726575592,.7404290943047884,.8099434704537688,.5605654800023306,,.1793,.0522,.1121,.0724,.0933,,1.4399,.1104,.1806,.1231,.4831,,.4816644955047656,.3117245686994154,.4371850805577043,.0101954632725026,.0997256670191375,,1.728198267914057,.7672770484826363,.635868782507662,.6319323743795122,.5795168689697983,,.3086,.0544,.1173,.0691,.1723,,1.8551,.1426,.2662,.2139,.7271,,348977,191,2025,67.56267123287671,4844.451940639269,12226.29874429224,4805.544520547945,16716.20627853881,,1000000
191,.0347,.029428873,.6109,.4756,35331000,.0254,.0267607299097466,.1339784303090822,.0927354902217264,.1373452803946637,.0118545287656453,.0402281596318429,,1.660813822444576,.8091178726575592,.7404290943047884,.8099434704537688,.5605654800023306,,.1793,.0522,.0951,.0723,.0933,,1.2533,.1104,.1806,.1231,.4831,,.4816644955047656,.3117245686994154,.4371850805577043,.0101954632725026,.0997256670191375,,1.728198267914057,.7672770484826363,.635868782507662,.6319323743795122,.5795168689697983,,.2971,.0544,.0938,.0691,.1676,,1.5041,.1426,.2662,.2139,.6667,,348977,191,2026,67.56267123287671,4844.451940639269,12226.29874429224,4805.544520547945,16716.20627853881,,1000000
191,.0347,.029428873,.6109,.4756,35331000,.0254,.0267607299097466,.1339784303090822,.0927354902217264,.1373452803946637,.0118545287656453,.0402281596318429,,1.660813822444576,.8091178726575592,.7404290943047884,.8099434704537688,.5605654800023306,,.1793,.0522,.078,.0721,.0933,,1.0667,.1104,.1806,.1231,.4831,,.4816644955047656,.3117245686994154,.4371850805577043,.0101954632725026,.0997256670191375,,1.728198267914057,.7672770484826363,.635868782507662,.6319323743795122,.5795168689697983,,.2856,.0544,.0704,.0691,.1628,,1.153,.1426,.2662,.2139,.6064000000000001,,348977,191,2027,67.56267123287671,4844.451940639269,12226.29874429224,4805.544520547945,16716.20627853881,,1000000
193,.0528,.035316441,.44,.359,2836000,.1644,0,0,0,0,0,0,,.6758553274682306,.3313825792263145,.2274577153009028,.0958255018716535,.3481203942051631,,0,.3061,.1751,.142,.2459,,1.5011,.9593,.7638,.6485,1.1019,,0,0,0,0,0,,.6645910720104268,.3258595362392092,.2236667533792211,.0942284101737926,.3519948263711684,,0,.1828,.1439,.2263,.3756,,1.0498,.9913,.7551,.6471,.9926,,16338,193,2025,6.422945205479452,80.40445205479452,462.9617579908676,79.50262557077626,1154.476141552511,,1000000
193,.0528,.035316441,.44,.359,2836000,.1644,0,0,0,0,0,0,,.6758553274682306,.3313825792263145,.2274577153009028,.0958255018716535,.3481203942051631,,0,.2539,.1727,.142,.2459,,1.5011,.8401999999999999,.7638,.6485,1.1019,,0,0,0,0,0,,.6645910720104268,.3258595362392092,.2236667533792211,.0942284101737926,.3519948263711684,,0,.1828,.1439,.2238,.3756,,1.0498,.8611,.7551,.6471,.9926,,16338,193,2026,6.422945205479452,80.40445205479452,462.9617579908676,79.50262557077626,1154.476141552511,,1000000
193,.0528,.035316441,.44,.359,2836000,.1644,0,0,0,0,0,0,,.6758553274682306,.3313825792263145,.2274577153009028,.0958255018716535,.3481203942051631,,0,.2016,.1703,.142,.2459,,1.5011,.7212,.7638,.6485,1.1019,,0,0,0,0,0,,.6645910720104268,.3258595362392092,.2236667533792211,.0942284101737926,.3519948263711684,,0,.1828,.1439,.2213,.3756,,1.0498,.731,.7551,.6471,.9926,,16338,193,2027,6.422945205479452,80.40445205479452,462.9617579908676,79.50262557077626,1154.476141552511,,1000000
195,.0342,.03258089,.4955,.419,37954000,.0023,.0031389637726652,.2234391415739449,.016823379639101,.0695803118501127,.0394257086983521,.0769914548763611,,.8026463323974118,.4181387579378269,.0796807730264384,.0665702304510513,.1792283355059038,,.266,.0752,.0867,.0531,.1252,,.5397999999999999,.2869,.3118,.2646,.3418,,.2245801666635946,.0171964423105758,.0952365800405317,.0363083541122614,.1183831960910917,,1.310429184867977,1.090235041195917,.0595730382283872,.0630044368905209,.3324081191677378,,.2735,.1838,.1359,.0922,.1644,,.7919,.3129,.284,.2274,.3995,,347136,195,2025,297.2840182648402,8071.414497716895,10574.53184931507,3599.353881278539,15599.31312785388,,1000000
195,.0342,.03258089,.4955,.419,37954000,.0023,.0031389637726652,.2234391415739449,.016823379639101,.0695803118501127,.0394257086983521,.0769914548763611,,.8026463323974118,.4181387579378269,.0796807730264384,.0665702304510513,.1792283355059038,,.2532,.0717,.0833,.0531,.1252,,.5397999999999999,.2869,.3118,.2646,.3418,,.2245801666635946,.0171964423105758,.0952365800405317,.0363083541122614,.1183831960910917,,1.310429184867977,1.090235041195917,.0595730382283872,.0630044368905209,.3324081191677378,,.2735,.1334,.1057,.0862,.1644,,.7919,.3045,.284,.2274,.3995,,347136,195,2026,297.2840182648402,8071.414497716895,10574.53184931507,3599.353881278539,15599.31312785388,,1000000
195,.0342,.03258089,.4955,.419,37954000,.0023,.0031389637726652,.2234391415739449,.016823379639101,.0695803118501127,.0394257086983521,.0769914548763611,,.8026463323974118,.4181387579378269,.0796807730264384,.0665702304510513,.1792283355059038,,.2404,.0682,.0798,.0531,.1252,,.5397999999999999,.2869,.3118,.2646,.3418,,.2245801666635946,.0171964423105758,.0952365800405317,.0363083541122614,.1183831960910917,,1.310429184867977,1.090235041195917,.0595730382283872,.0630044368905209,.3324081191677378,,.2735,.083,.0755,.0801,.1644,,.7919,.2961,.284,.2274,.3995,,347136,195,2027,297.2840182648402,8071.414497716895,10574.53184931507,3599.353881278539,15599.31312785388,,1000000
201,.0546,.040707171,.3651,.4073,7709000,0,0,.2959099311708531,.130742745441463,.2981934479589438,.0251811876667874,.1913498209915188,,.7580304617272822,.6971116249247504,.5924364267923484,.453871599891865,.6413689433319055,,.4543,.305,.3365,.3272,.4193,,.9545,.6927,.8326,.8182,.8817,,.204804344058609,.1312091310343027,.292411241310383,.0224935565877977,.1407075128787075,,.7056114584556565,1.17209256869816,.7238411355157206,.4681034363494072,.6393530783334833,,.2879,.137,.1867,.1694,.2113,,.7752,.5731000000000001,.6865,.6904,.7043,,37954,201,2025,482.1680365296804,215.6060502283105,486.6481735159817,203.5340182648402,2607.877511415525,,1000000
201,.0546,.040707171,.3651,.4073,7709000,0,0,.2959099311708531,.130742745441463,.2981934479589438,.0251811876667874,.1913498209915188,,.7580304617272822,.6971116249247504,.5924364267923484,.453871599891865,.6413689433319055,,.4037,.2638,.2608,.2755,.3768,,.9545,.6927,.8326,.8182,.8817,,.204804344058609,.1312091310343027,.292411241310383,.0224935565877977,.1407075128787075,,.7056114584556565,1.17209256869816,.7238411355157206,.4681034363494072,.6393530783334833,,.2879,.137,.1867,.1694,.2113,,.7752,.5731000000000001,.6865,.6904,.7043,,37954,201,2026,482.1680365296804,215.6060502283105,486.6481735159817,203.5340182648402,2607.877511415525,,1000000
201,.0546,.040707171,.3651,.4073,7709000,0,0,.2959099311708531,.130742745441463,.2981934479589438,.0251811876667874,.1913498209915188,,.7580304617272822,.6971116249247504,.5924364267923484,.453871599891865,.6413689433319055,,.3531,.2225,.1851,.2238,.3343,,.9545,.6927,.8326,.8182,.8817,,.204804344058609,.1312091310343027,.292411241310383,.0224935565877977,.1407075128787075,,.7056114584556565,1.17209256869816,.7238411355157206,.4681034363494072,.6393530783334833,,.2879,.137,.1867,.1694,.2113,,.7752,.5731000000000001,.6865,.6904,.7043,,37954,201,2027,482.1680365296804,215.6060502283105,486.6481735159817,203.5340182648402,2607.877511415525,,1000000
203,.0391,.028133433,.3458,.31670001,13432000,.0382,.0008665511265165,0,0,0,0,0,,.7435022471177388,.6795040731371782,.1109055214666215,.1806670007090471,.44652790538699,,.3299,.1276,.1218,.1325,.1934,,1.4083,.6372,.7647,.6813,.9767,,0,0,0,0,0,,.9246445118287985,.1360403441114766,.0644814170644155,.0421479329622089,.327970456503684,,.4514,.1512,.2524,.071,.2747,,1.4484,.5204,.3956,.4187,.728,,87085,203,2025,845.5021689497717,2149.510502283105,2232.8149543379,827.6914383561644,3147.143607305936,,1000000
203,.0391,.028133433,.3458,.31670001,13432000,.0382,.0008665511265165,0,0,0,0,0,,.7435022471177388,.6795040731371782,.1109055214666215,.1806670007090471,.44652790538699,,.3051,.1257,.1193,.1303,.1934,,1.3358,.5565,.6698,.6288,.9133,,0,0,0,0,0,,.9246445118287985,.1360403441114766,.0644814170644155,.0421479329622089,.327970456503684,,.4366,.1512,.2107,.071,.2747,,1.443,.4969,.3956,.4187,.728,,87085,203,2026,845.5021689497717,2149.510502283105,2232.8149543379,827.6914383561644,3147.143607305936,,1000000
203,.0391,.028133433,.3458,.31670001,13432000,.0382,.0008665511265165,0,0,0,0,0,,.7435022471177388,.6795040731371782,.1109055214666215,.1806670007090471,.44652790538699,,.2803,.1237,.1167,.128,.1934,,1.2633,.4757,.575,.5763,.8499,,0,0,0,0,0,,.9246445118287985,.1360403441114766,.0644814170644155,.0421479329622089,.327970456503684,,.4219,.1512,.169,.071,.2747,,1.4376,.4733,.3956,.4187,.728,,87085,203,2027,845.5021689497717,2149.510502283105,2232.8149543379,827.6914383561644,3147.143607305936,,1000000
204,.035,.033454515,.4668,.3707,27212000,0,.0000398612827361,.0022922817728402,.002185130687144,.0017830644192857,.0001429674874739,.0034079292150694,,.0851106774091311,1.058615032922156,.663278963625265,.5509628580946221,.520979923341511,,.0871,.0079,.0036,.0032,.0178,,.2785,.0602,.1687,.0917,.1854,,.0059217279131706,.0021051598755033,.0021810507001758,.0003322568461424,.00428070417989,,.0369991298158991,1.07950057295064,.565204283544387,.4344325074584891,.3599557654653343,,.0805,.0202,.0052,.0034,.0235,,.2963,.0501,.121,.0897,.1806,,353465,204,2025,684.3493150684932,4713.311187214612,11094.61883561644,3943.643378995434,14913.68173515982,,1000000
204,.035,.033454515,.4668,.3707,27212000,0,.0000398612827361,.0022922817728402,.002185130687144,.0017830644192857,.0001429674874739,.0034079292150694,,.0851106774091311,1.058615032922156,.663278963625265,.5509628580946221,.520979923341511,,.0871,.0079,.0036,.0032,.0178,,.2785,.0602,.1687,.0917,.1854,,.0059217279131706,.0021051598755033,.0021810507001758,.0003322568461424,.00428070417989,,.0369991298158991,1.07950057295064,.565204283544387,.4344325074584891,.3599557654653343,,.0805,.0202,.0052,.0034,.0235,,.2963,.0501,.121,.0897,.1806,,353465,204,2026,684.3493150684932,4713.311187214612,11094.61883561644,3943.643378995434,14913.68173515982,,1000000
204,.035,.033454515,.4668,.3707,27212000,0,.0000398612827361,.0022922817728402,.002185130687144,.0017830644192857,.0001429674874739,.0034079292150694,,.0851106774091311,1.058615032922156,.663278963625265,.5509628580946221,.520979923341511,,.0871,.0079,.0036,.0032,.0178,,.2785,.0602,.1687,.0917,.1854,,.0059217279131706,.0021051598755033,.0021810507001758,.0003322568461424,.00428070417989,,.0369991298158991,1.07950057295064,.565204283544387,.4344325074584891,.3599557654653343,,.0805,.0202,.0052,.0034,.0235,,.2963,.0501,.121,.0897,.1806,,353465,204,2027,684.3493150684932,4713.311187214612,11094.61883561644,3943.643378995434,14913.68173515982,,1000000
205,.0462,.044333436,.4076,.30050001,18797000,.1061,.0108450821723534,.1913062384634648,.0400226732827087,.145855368997485,.1992428613786713,.1498850782411003,,.7732101177311458,.2794328844204712,.4949282482118536,.6856734625414874,.6341561387084659,,.3431,.0776,.1808,.2043,.3294,,1.6325,.765,.9851,1.0916,1.278,,.2863857535834432,.0758745262839329,.124275999995379,.3194841119957108,.2403922047569493,,.9230854541985872,.2670296699867852,.4818526516710181,.4824717850145168,.7706188578119977,,.3035,.0956,.2237,.1296,.2585,,1.5883,.8113,.8396,.9768,1.2207,,207789,205,2025,2686.088698630137,5363.261301369863,3425.590410958904,556.7102739726027,10100.3799086758,,1000000
205,.0462,.044333436,.4076,.30050001,18797000,.1061,.0108450821723534,.1913062384634648,.0400226732827087,.145855368997485,.1992428613786713,.1498850782411003,,.7732101177311458,.2794328844204712,.4949282482118536,.6856734625414874,.6341561387084659,,.3402,.0776,.1755,.2038,.3187,,1.5839,.7427,.908,.9678,1.2107,,.2863857535834432,.0758745262839329,.124275999995379,.3194841119957108,.2403922047569493,,.9230854541985872,.2670296699867852,.4818526516710181,.4824717850145168,.7706188578119977,,.3035,.0956,.2237,.1296,.2585,,1.5883,.7707000000000001,.826,.9129,1.2207,,207789,205,2026,2686.088698630137,5363.261301369863,3425.590410958904,556.7102739726027,10100.3799086758,,1000000
205,.0462,.044333436,.4076,.30050001,18797000,.1061,.0108450821723534,.1913062384634648,.0400226732827087,.145855368997485,.1992428613786713,.1498850782411003,,.7732101177311458,.2794328844204712,.4949282482118536,.6856734625414874,.6341561387084659,,.3374,.0776,.1701,.2032,.3081,,1.5354,.7203000000000001,.831,.844,1.1435,,.2863857535834432,.0758745262839329,.124275999995379,.3194841119957108,.2403922047569493,,.9230854541985872,.2670296699867852,.4818526516710181,.4824717850145168,.7706188578119977,,.3035,.0956,.2237,.1296,.2585,,1.5883,.7302,.8124,.849,1.2207,,207789,205,2027,2686.088698630137,5363.261301369863,3425.590410958904,556.7102739726027,10100.3799086758,,1000000
235,.0306,.042934284,.662,.55519998,29988000,.0014,.0114942528735632,.1180495835397617,.0429658686436056,.0087240102991538,.0051297887612382,.0028755864328686,,1.650992650017306,1.683363624366709,1.734573838858924,2.229650192827861,2.065796060538795,,.0308,.0037,.0025,.0051,.0107,,.883,.5614,.5563,.6088,.7752,,.2320599839769537,.0031908978615267,.0033173638668598,.0055244514442827,.0073274216013902,,.6616734905194821,.809467347410084,.9303527457817897,1.230025779320581,1.126749914043042,,.0536,.0103,.0035,.0118,.0143,,.702,.4279,.3896,.4359,.5732,,216121,235,2025,117.7432648401826,8581.13698630137,5824.213926940639,2814.988584474886,6276.702625570776,,1000000
235,.0306,.042934284,.662,.55519998,29988000,.0014,.0114942528735632,.1180495835397617,.0429658686436056,.0087240102991538,.0051297887612382,.0028755864328686,,1.650992650017306,1.683363624366709,1.734573838858924,2.229650192827861,2.065796060538795,,.0308,.0037,.0025,.0051,.0107,,.883,.4533,.4974,.5212,.7339,,.2320599839769537,.0031908978615267,.0033173638668598,.0055244514442827,.0073274216013902,,.6616734905194821,.809467347410084,.9303527457817897,1.230025779320581,1.126749914043042,,.0536,.0103,.0035,.0118,.0143,,.702,.3821,.3816,.392,.5732,,216121,235,2026,117.7432648401826,8581.13698630137,5824.213926940639,2814.988584474886,6276.702625570776,,1000000
235,.0306,.042934284,.662,.55519998,29988000,.0014,.0114942528735632,.1180495835397617,.0429658686436056,.0087240102991538,.0051297887612382,.0028755864328686,,1.650992650017306,1.683363624366709,1.734573838858924,2.229650192827861,2.065796060538795,,.0308,.0037,.0025,.0051,.0107,,.883,.3452,.4384,.4335,.6927,,.2320599839769537,.0031908978615267,.0033173638668598,.0055244514442827,.0073274216013902,,.6616734905194821,.809467347410084,.9303527457817897,1.230025779320581,1.126749914043042,,.0536,.0103,.0035,.0118,.0143,,.702,.3363,.3735,.348,.5732,,216121,235,2027,117.7432648401826,8581.13698630137,5824.213926940639,2814.988584474886,6276.702625570776,,1000000
239,.0341,.032397464,.8423,.91009998,16217000,.0417,.0203606311044328,0,0,0,0,.001182478814831,,2.787475882782446,.9723333769065261,.9667617936618484,1.056110500722702,1.085557110487681,,0,0,0,0,0,,2.1238,.5671,.6076,.6198,.9147,,0,0,0,0,.0037248082667177,,1.44836616636101,.2967020953946068,.2597296513145005,.2309584096764709,.4284615295333224,,0,0,0,0,0,,1.8946,.3541,.4023,.3895,.737,,196003,239,2025,126.7946347031964,4508.762671232877,6551.92397260274,2275.833789954338,7894.471803652968,,1000000
239,.0341,.032397464,.8423,.91009998,16217000,.0417,.0203606311044328,0,0,0,0,.001182478814831,,2.787475882782446,.9723333769065261,.9667617936618484,1.056110500722702,1.085557110487681,,0,0,0,0,0,,1.6154,.4511,.5177,.5211,.7976,,0,0,0,0,.0037248082667177,,1.44836616636101,.2967020953946068,.2597296513145005,.2309584096764709,.4284615295333224,,0,0,0,0,0,,1.553,.3399,.382,.362,.7019,,196003,239,2026,126.7946347031964,4508.762671232877,6551.92397260274,2275.833789954338,7894.471803652968,,1000000
239,.0341,.032397464,.8423,.91009998,16217000,.0417,.0203606311044328,0,0,0,0,.001182478814831,,2.787475882782446,.9723333769065261,.9667617936618484,1.056110500722702,1.085557110487681,,0,0,0,0,0,,1.107,.3351,.4278,.4224,.6804,,0,0,0,0,.0037248082667177,,1.44836616636101,.2967020953946068,.2597296513145005,.2309584096764709,.4284615295333224,,0,0,0,0,0,,1.2113,.3256,.3617,.3345,.6667999999999999,,196003,239,2027,126.7946347031964,4508.762671232877,6551.92397260274,2275.833789954338,7894.471803652968,,1000000
242,.0432,.045777068,.4558,.3511,10195000,.0018,0,.0792328235425451,.1410003185261927,.2295977472549501,.2291288845350306,.2313240454749782,,.6333937296591758,.1553762357518039,.3941488497933458,.2395323549177709,.4888940591680169,,.2354,.2101,.1614,.1998,.3131,,.4816,.4707,.5172,.4502,.6915,,.2292092661130814,.2135632975421063,.4376464889801814,.3407810673767281,.3259024450327683,,.5741412558428436,.1007327351916099,.3185440189179547,.1750840129684542,.6348062647210522,,.2978,.3491,.2374,.1831,.4239,,.5637,.4361,.4759,.3158,.8038999999999999,,61166,242,2025,132.9372146118722,624.3079908675799,1176.079109589041,246.811301369863,4408.465753424657,,1000000
242,.0432,.045777068,.4558,.3511,10195000,.0018,0,.0792328235425451,.1410003185261927,.2295977472549501,.2291288845350306,.2313240454749782,,.6333937296591758,.1553762357518039,.3941488497933458,.2395323549177709,.4888940591680169,,.2354,.1542,.1306,.1518,.2441,,.4816,.4345,.5054999999999999,.4502,.6915,,.2292092661130814,.2135632975421063,.4376464889801814,.3407810673767281,.3259024450327683,,.5741412558428436,.1007327351916099,.3185440189179547,.1750840129684542,.6348062647210522,,.2978,.2504,.1831,.1525,.3297,,.5637,.414,.4558,.3158,.788,,61166,242,2026,132.9372146118722,624.3079908675799,1176.079109589041,246.811301369863,4408.465753424657,,1000000
242,.0432,.045777068,.4558,.3511,10195000,.0018,0,.0792328235425451,.1410003185261927,.2295977472549501,.2291288845350306,.2313240454749782,,.6333937296591758,.1553762357518039,.3941488497933458,.2395323549177709,.4888940591680169,,.2354,.0984,.0997,.1037,.1752,,.4816,.3982,.4939,.4502,.6915,,.2292092661130814,.2135632975421063,.4376464889801814,.3407810673767281,.3259024450327683,,.5741412558428436,.1007327351916099,.3185440189179547,.1750840129684542,.6348062647210522,,.2978,.1518,.1289,.1219,.2354,,.5637,.3919,.4356,.3158,.7721,,61166,242,2027,132.9372146118722,624.3079908675799,1176.079109589041,246.811301369863,4408.465753424657,,1000000
243,.034,.034356553,.4653,.48590001,52659000,0,0,.054927546672597,.0824722061572341,.0367945848480784,.0110345390395047,.0940762933444213,,.3386680156067776,.0567127124702443,.0234965989513299,.0508148556570534,.1084677054682973,,.2387,.0884,.0568,.0858,.1284,,.2409,.1875,.2212,.2821,.3852,,.2815940410675002,.9768673129244498,.0314533719603624,.0221650512531051,.0865333068210838,,.4240030511243429,.023483324768638,.0203067937330455,.0383510811357108,.0905628495656939,,.3229,.1124,.0601,.0377,.0607,,.294,.1666,.1685,.2404,.2848,,431970,243,2025,218.6732876712329,6729.823630136986,21682.91073059361,4272.046917808219,14837.63184931507,,1000000
243,.034,.034356553,.4653,.48590001,52659000,0,0,.054927546672597,.0824722061572341,.0367945848480784,.0110345390395047,.0940762933444213,,.3386680156067776,.0567127124702443,.0234965989513299,.0508148556570534,.1084677054682973,,.2341,.0706,.0568,.0729,.1211,,.2409,.1875,.2212,.2821,.3852,,.2815940410675002,.9768673129244498,.0314533719603624,.0221650512531051,.0865333068210838,,.4240030511243429,.023483324768638,.0203067937330455,.0383510811357108,.0905628495656939,,.2898,.0804,.0529,.0377,.0607,,.294,.1666,.1685,.2381,.2848,,431970,243,2026,218.6732876712329,6729.823630136986,21682.91073059361,4272.046917808219,14837.63184931507,,1000000
243,.034,.034356553,.4653,.48590001,52659000,0,0,.054927546672597,.0824722061572341,.0367945848480784,.0110345390395047,.0940762933444213,,.3386680156067776,.0567127124702443,.0234965989513299,.0508148556570534,.1084677054682973,,.2295,.0529,.0568,.06,.1138,,.2409,.1875,.2212,.2821,.3852,,.2815940410675002,.9768673129244498,.0314533719603624,.0221650512531051,.0865333068210838,,.4240030511243429,.023483324768638,.0203067937330455,.0383510811357108,.0905628495656939,,.2566,.0485,.0457,.0377,.0607,,.294,.1666,.1685,.2358,.2848,,431970,243,2027,218.6732876712329,6729.823630136986,21682.91073059361,4272.046917808219,14837.63184931507,,1000000
246,.0443,.043679897,.4076,.27669999,6717000,.008,0,.0005779317540697,.2892440784262436,.2137580115375315,.4926656760662819,.1728158474066485,,1.550354516875087,1.073195366316458,.6820750168908254,.7202126833812004,.8696059012629508,,.0656,.1241,.0651,.054,.0696,,1.3901,.6147,.7848000000000001,.8163,1.0073,,.0023117270162789,.9955355951879952,.4249568090723992,.4415772580000634,.2494549048704937,,.924239637926624,.71459436986847,.475025446368143,.5014984165589614,.5658627508678263,,.0894,.1452,.0918,.0683,.1734,,.8425,.7418,.6619,.6702,.8769,,37088,246,2025,109.6256849315069,541.1535388127854,522.5946347031963,370.6068493150685,2453.340639269406,,1000000
246,.0443,.043679897,.4076,.27669999,6717000,.008,0,.0005779317540697,.2892440784262436,.2137580115375315,.4926656760662819,.1728158474066485,,1.550354516875087,1.073195366316458,.6820750168908254,.7202126833812004,.8696059012629508,,.0656,.1189,.0651,.054,.0696,,1.3097,.5298,.6637999999999999,.6795,.9101,,.0023117270162789,.9955355951879952,.4249568090723992,.4415772580000634,.2494549048704937,,.924239637926624,.71459436986847,.475025446368143,.5014984165589614,.5658627508678263,,.0894,.1452,.0918,.0683,.1734,,.8425,.5914,.5760999999999999,.5757,.8633,,37088,246,2026,109.6256849315069,541.1535388127854,522.5946347031963,370.6068493150685,2453.340639269406,,1000000
246,.0443,.043679897,.4076,.27669999,6717000,.008,0,.0005779317540697,.2892440784262436,.2137580115375315,.4926656760662819,.1728158474066485,,1.550354516875087,1.073195366316458,.6820750168908254,.7202126833812004,.8696059012629508,,.0656,.1137,.0651,.054,.0696,,1.2292,.445,.5427999999999999,.5427,.8129999999999999,,.0023117270162789,.9955355951879952,.4249568090723992,.4415772580000634,.2494549048704937,,.924239637926624,.71459436986847,.475025446368143,.5014984165589614,.5658627508678263,,.0894,.1452,.0918,.0683,.1734,,.8425,.441,.4903,.4813,.8497,,37088,246,2027,109.6256849315069,541.1535388127854,522.5946347031963,370.6068493150685,2453.340639269406,,1000000
249,.0481,.054894678,.47,.3486,4394000,.0056,.1287978863936592,0,0,0,0,0,,2.75022691382965,2.332334464681582,2.466890394299227,2.805233892771515,2.715616932251354,,.0209,.0187,.0315,.0126,.1052,,.2303,.2231,.1312,.2668,.1777,,0,0,0,0,0,,6.233322729794706,5.6917142836842,5.795048523635952,6.831185459951465,6.334630848322939,,.0296,.0267,.0524,.02,.176,,.4714,.3467,.2218,.4301,.4335,,17233,249,2025,200.6021689497717,166.0173515981735,330.500799086758,15.66449771689498,1246.975913242009,,1000000
249,.0481,.054894678,.47,.3486,4394000,.0056,.1287978863936592,0,0,0,0,0,,2.75022691382965,2.332334464681582,2.466890394299227,2.805233892771515,2.715616932251354,,.0209,.0187,.0315,.0126,.1052,,.2303,.2231,.1312,.2668,.1777,,0,0,0,0,0,,6.233322729794706,5.6917142836842,5.795048523635952,6.831185459951465,6.334630848322939,,.0296,.0267,.0524,.02,.176,,.4714,.3467,.2218,.4301,.4335,,17233,249,2026,200.6021689497717,166.0173515981735,330.500799086758,15.66449771689498,1246.975913242009,,1000000
249,.0481,.054894678,.47,.3486,4394000,.0056,.1287978863936592,0,0,0,0,0,,2.75022691382965,2.332334464681582,2.466890394299227,2.805233892771515,2.715616932251354,,.0209,.0187,.0315,.0126,.1052,,.2303,.2231,.1312,.2668,.1777,,0,0,0,0,0,,6.233322729794706,5.6917142836842,5.795048523635952,6.831185459951465,6.334630848322939,,.0296,.0267,.0524,.02,.176,,.4714,.3467,.2218,.4301,.4335,,17233,249,2027,200.6021689497717,166.0173515981735,330.500799086758,15.66449771689498,1246.975913242009,,1000000
255,.0426,.031556241,.6556,.55409998,6718000,.0875,.1532823454429573,.2915400248733582,.1548532674311459,.1410666258080543,.1811149959711474,.2473816118948655,,1.150474441383532,.2646817933864822,2.013932600091931,.7926592013879706,1.306212151954457,,.3247,.0399,.2623,.1174,.3925,,1.4443,1.0162,.7389,.851,1.114,,.1434593914391894,.1076583711645102,.0351666635329284,.0408946815031881,.0852353845149665,,.7128586805354483,.1955482431521388,1.280110987006187,.5292704397414716,.7973308759264134,,.469,.03,.2412,.1715,.418,,.6069,.7611,.5606,.8044,.5145,,37552,255,2025,206.9845890410959,3811.192237442922,570.7025114155251,323.7208904109589,2739.396232876712,,1000000
255,.0426,.031556241,.6556,.55409998,6718000,.0875,.1532823454429573,.2915400248733582,.1548532674311459,.1410666258080543,.1811149959711474,.2473816118948655,,1.150474441383532,.2646817933864822,2.013932600091931,.7926592013879706,1.306212151954457,,.3247,.0399,.2407,.1174,.3923,,1.4443,.9802,.7389,.851,1.114,,.1434593914391894,.1076583711645102,.0351666635329284,.0408946815031881,.0852353845149665,,.7128586805354483,.1955482431521388,1.280110987006187,.5292704397414716,.7973308759264134,,.469,.03,.2412,.1715,.418,,.6069,.7611,.5606,.8044,.5145,,37552,255,2026,206.9845890410959,3811.192237442922,570.7025114155251,323.7208904109589,2739.396232876712,,1000000
255,.0426,.031556241,.6556,.55409998,6718000,.0875,.1532823454429573,.2915400248733582,.1548532674311459,.1410666258080543,.1811149959711474,.2473816118948655,,1.150474441383532,.2646817933864822,2.013932600091931,.7926592013879706,1.306212151954457,,.3247,.0399,.2191,.1174,.392,,1.4443,.9442,.7389,.851,1.114,,.1434593914391894,.1076583711645102,.0351666635329284,.0408946815031881,.0852353845149665,,.7128586805354483,.1955482431521388,1.280110987006187,.5292704397414716,.7973308759264134,,.469,.03,.2412,.1715,.418,,.6069,.7611,.5606,.8044,.5145,,37552,255,2027,206.9845890410959,3811.192237442922,570.7025114155251,323.7208904109589,2739.396232876712,,1000000
257,.0182,.014823766,.5936,.69239998,15750000,0,0,.1702664796633941,.0061738219541194,.0320049481651379,.0415803734879328,.1998648960671075,,.1702664796633941,.043972558856573,.6940322001458197,.4975395102894071,.236588638233293,,0,.0011,.0104,.01,.0672,,.8983,.0648,.323,.3102,.4996,,.0113510986442263,.0893281309121134,.0718004554315877,.0533323866341162,.2353062149865228,,.0227021972884526,.0094745170203138,.1834885013236287,.1967109053317911,.1072374965578031,,0,.002,.0324,.0446,.1455,,1.3338,.0781,.2339,.2071,.4875,,494004,257,2025,1.220890410958904,37997.82089041096,6940.629109589041,3176.943949771689,5644.563584474886,,1000000
257,.0182,.014823766,.5936,.69239998,15750000,0,0,.1702664796633941,.0061738219541194,.0320049481651379,.0415803734879328,.1998648960671075,,.1702664796633941,.043972558856573,.6940322001458197,.4975395102894071,.236588638233293,,0,.0011,.0104,.01,.0672,,.8983,.0648,.323,.3102,.4996,,.0113510986442263,.0893281309121134,.0718004554315877,.0533323866341162,.2353062149865228,,.0227021972884526,.0094745170203138,.1834885013236287,.1967109053317911,.1072374965578031,,0,.002,.0324,.0446,.1455,,1.2677,.0781,.2339,.2071,.4875,,494004,257,2026,1.220890410958904,37997.82089041096,6940.629109589041,3176.943949771689,5644.563584474886,,1000000
257,.0182,.014823766,.5936,.69239998,15750000,0,0,.1702664796633941,.0061738219541194,.0320049481651379,.0415803734879328,.1998648960671075,,.1702664796633941,.043972558856573,.6940322001458197,.4975395102894071,.236588638233293,,0,.0011,.0104,.01,.0672,,.8983,.0648,.323,.3102,.4996,,.0113510986442263,.0893281309121134,.0718004554315877,.0533323866341162,.2353062149865228,,.0227021972884526,.0094745170203138,.1834885013236287,.1967109053317911,.1072374965578031,,0,.002,.0324,.0446,.1455,,1.2016,.0781,.2339,.2071,.4875,,494004,257,2027,1.220890410958904,37997.82089041096,6940.629109589041,3176.943949771689,5644.563584474886,,1000000
267,.0277,.02681862,.5485,.52819997,152614000,.0521,.0869015889996588,.7723601790317141,.0819099303206703,.1220760700643178,.1651125658815847,.3012234501305543,,2.186007948809082,.4896420383921136,.6547574649344959,.5972024307572297,1.368712849489816,,.3577,.08,.1053,.1,.2315,,1.6433,.3304,.4332,.5001,.8953,,.579563835358003,.1851256467086705,.1390193172722995,.1140538826202103,.2760442437976803,,2.062846826037697,.3859221228952899,.5117698666987318,.501804311071037,1.246510264142795,,.421,.0734,.0719,.0765,.229,,1.6478,.2518,.3516,.3997,.8375,,1956290,267,2025,2037.265639269406,65902.65045662101,74667.21940639269,12459.07111872146,52823.38789954338,,1000000
267,.0277,.02681862,.5485,.52819997,152614000,.0521,.0869015889996588,.7723601790317141,.0819099303206703,.1220760700643178,.1651125658815847,.3012234501305543,,2.186007948809082,.4896420383921136,.6547574649344959,.5972024307572297,1.368712849489816,,.2982,.0729,.0917,.0861,.1814,,1.3553,.3149,.4119,.4418,.7663,,.579563835358003,.1851256467086705,.1390193172722995,.1140538826202103,.2760442437976803,,2.062846826037697,.3859221228952899,.5117698666987318,.501804311071037,1.246510264142795,,.3536,.0734,.0713,.0764,.1961,,1.4009,.2518,.3358,.3433,.7224,,1956290,267,2026,2037.265639269406,65902.65045662101,74667.21940639269,12459.07111872146,52823.38789954338,,1000000
267,.0277,.02681862,.5485,.52819997,152614000,.0521,.0869015889996588,.7723601790317141,.0819099303206703,.1220760700643178,.1651125658815847,.3012234501305543,,2.186007948809082,.4896420383921136,.6547574649344959,.5972024307572297,1.368712849489816,,.2386,.0657,.0782,.0723,.1312,,1.0674,.2994,.3905,.3835,.6374,,.579563835358003,.1851256467086705,.1390193172722995,.1140538826202103,.2760442437976803,,2.062846826037697,.3859221228952899,.5117698666987318,.501804311071037,1.246510264142795,,.2861,.0734,.0707,.0763,.1632,,1.1539,.2518,.32,.2869,.6073,,1956290,267,2027,2037.265639269406,65902.65045662101,74667.21940639269,12459.07111872146,52823.38789954338,,1000000
332,.0369,.040532492,.3453,.30199999,8737000,.0348,.0866394399066511,.1139854281388134,.0219523315150225,.2960497390723037,.2391391560065117,.3275429568098028,,2.071249287681927,.3694180376521458,.6894740453620828,.6415477106480997,.8869946501713685,,.3622,.0635,.1198,.13,.241,,1.7477,.5371,.5481,.6445,.9238,,.1818359212920038,.027942470916026,.2512885567505286,.2455817777249968,.4126657473243268,,2.755047309082963,.3265067816793515,.7466736276679439,.734835002076321,1.12066470027895,,.728,.0825,.1551,.2283,.3447,,1.8141,.3123,.3144,.3063,.7058,,151138,332,2025,620.4019406392694,4213.207420091324,2234.234817351598,1037.189611872146,4966.57397260274,,1000000
332,.0369,.040532492,.3453,.30199999,8737000,.0348,.0866394399066511,.1139854281388134,.0219523315150225,.2960497390723037,.2391391560065117,.3275429568098028,,2.071249287681927,.3694180376521458,.6894740453620828,.6415477106480997,.8869946501713685,,.324,.0635,.1198,.13,.2297,,1.5185,.5181,.5481,.6232,.901,,.1818359212920038,.027942470916026,.2512885567505286,.2455817777249968,.4126657473243268,,2.755047309082963,.3265067816793515,.7466736276679439,.734835002076321,1.12066470027895,,.584,.0825,.1551,.1939,.3211,,1.6447,.3123,.3144,.3063,.7058,,151138,332,2026,620.4019406392694,4213.207420091324,2234.234817351598,1037.189611872146,4966.57397260274,,1000000
332,.0369,.040532492,.3453,.30199999,8737000,.0348,.0866394399066511,.1139854281388134,.0219523315150225,.2960497390723037,.2391391560065117,.3275429568098028,,2.071249287681927,.3694180376521458,.6894740453620828,.6415477106480997,.8869946501713685,,.2858,.0635,.1198,.13,.2185,,1.2894,.4991,.5481,.6019,.8782,,.1818359212920038,.027942470916026,.2512885567505286,.2455817777249968,.4126657473243268,,2.755047309082963,.3265067816793515,.7466736276679439,.734835002076321,1.12066470027895,,.4399,.0825,.1551,.1596,.2975,,1.4754,.3123,.3144,.3063,.7058,,151138,332,2027,620.4019406392694,4213.207420091324,2234.234817351598,1037.189611872146,4966.57397260274,,1000000
364,.0346,.026270241,.579,.47130001,26322000,0,0,.1957095626325711,.0085230011787975,.0411078599394959,.0193276273037503,.1692151459515861,,.0952908081024885,.0003913581012864,.0026965489554422,.0010104359851362,.0278013468627139,,.0133,.0036,.0483,.0444,.0817,,.035,.1635,.1602,.179,.1382,,.3978642916144553,.0176201430467746,.0865278678526646,.0393668258662535,.4050341215468085,,.2199409140007294,.0007827162025728,.0054641502980047,.0020208719702724,.0598690099052216,,.0009,.0002,.0033,.003,.0061,,.098,.0409,.044,.0554,.0655,,129995,364,2025,239.8665525114155,3746.174885844749,3449.445319634703,1173.823059360731,5837.411415525115,,1000000
364,.0346,.026270241,.579,.47130001,26322000,0,0,.1957095626325711,.0085230011787975,.0411078599394959,.0193276273037503,.1692151459515861,,.0952908081024885,.0003913581012864,.0026965489554422,.0010104359851362,.0278013468627139,,.0133,.0036,.0483,.0444,.0817,,.035,.1635,.1602,.179,.1382,,.3978642916144553,.0176201430467746,.0865278678526646,.0393668258662535,.4050341215468085,,.2199409140007294,.0007827162025728,.0054641502980047,.0020208719702724,.0598690099052216,,.0009,.0002,.0033,.003,.0061,,.098,.0409,.044,.0554,.0655,,129995,364,2026,239.8665525114155,3746.174885844749,3449.445319634703,1173.823059360731,5837.411415525115,,1000000
364,.0346,.026270241,.579,.47130001,26322000,0,0,.1957095626325711,.0085230011787975,.0411078599394959,.0193276273037503,.1692151459515861,,.0952908081024885,.0003913581012864,.0026965489554422,.0010104359851362,.0278013468627139,,.0133,.0036,.0483,.0444,.0817,,.035,.1635,.1602,.179,.1382,,.3978642916144553,.0176201430467746,.0865278678526646,.0393668258662535,.4050341215468085,,.2199409140007294,.0007827162025728,.0054641502980047,.0020208719702724,.0598690099052216,,.0009,.0002,.0033,.003,.0061,,.098,.0409,.044,.0554,.0655,,129995,364,2027,239.8665525114155,3746.174885844749,3449.445319634703,1173.823059360731,5837.411415525115,,1000000
570,.0226,.023884043,.43,.4413,49330000,.1506,.0615208394915755,.1604588987355884,.0135237013463265,.1141997566187432,.1082274386400038,.3306236341173967,0,1.771278792480983,.2317146899615142,.895655789218384,.9854201673782971,1.326041085290822,0,.3596,.0231,.1497,.1726,.3127,,1.6907,.367,.7784,.7579,1.2722,,.0975276966178819,.0091022060913067,.073712422215252,.0663552200813616,.3177315899060428,0,.6152558166929254,.2060953362100065,.5419574664743768,.333498212933062,.6767941733462649,0,.4328,.0237,.1633,.1714,.3294,,1.5807,.1564,.4739,.5012,1.0197,,937446,570,2025,325.6157534246576,61686.4149543379,7986.417351598174,3599.439383561644,20941.31792237443,8611.730479452055,1000000
570,.0226,.023884043,.43,.4413,49330000,.1506,.0615208394915755,.1604588987355884,.0135237013463265,.1141997566187432,.1082274386400038,.3306236341173967,0,1.771278792480983,.2317146899615142,.895655789218384,.9854201673782971,1.326041085290822,0,.3157,.0231,.1293,.1447,.253,,1.4572,.367,.658,.6476,1.0396,,.0975276966178819,.0091022060913067,.073712422215252,.0663552200813616,.3177315899060428,0,.6152558166929254,.2060953362100065,.5419574664743768,.333498212933062,.6767941733462649,0,.4136,.0237,.1572,.1549,.2959,,1.4805,.1564,.4739,.4879,.9306,,937446,570,2026,325.6157534246576,61686.4149543379,7986.417351598174,3599.439383561644,20941.31792237443,8611.730479452055,1000000
570,.0226,.023884043,.43,.4413,49330000,.1506,.0615208394915755,.1604588987355884,.0135237013463265,.1141997566187432,.1082274386400038,.3306236341173967,0,1.771278792480983,.2317146899615142,.895655789218384,.9854201673782971,1.326041085290822,0,.2719,.0231,.1089,.1169,.1933,,1.2237,.367,.5376,.5373,.8070000000000001,,.0975276966178819,.0091022060913067,.073712422215252,.0663552200813616,.3177315899060428,0,.6152558166929254,.2060953362100065,.5419574664743768,.333498212933062,.6767941733462649,0,.3944,.0237,.1511,.1384,.2624,,1.3802,.1564,.4739,.4746,.8415,,937446,570,2027,325.6157534246576,61686.4149543379,7986.417351598174,3599.439383561644,20941.31792237443,8611.730479452055,1000000
576,.0447,.046179049,.2607,.30070001,34619000,.5288,.2464738819193423,1.072671544271476,.8793168527413843,.6002271706502356,.41539864978548,.6369042295625224,,3.253858341428622,1.269111997253926,1.672403863092844,1.580324852411756,2.485777334443101,,.6868,.7461,.6252,.5966,.8066,,3.198,1.2187,2.1876,2.1079,2.9508,,.5286632032865735,.2574514975294863,.3650503379426644,.4373590312209734,.5398216036424534,,2.143328151110401,1.209085677200919,1.1878060023175,.7524537900496001,1.679927655007353,,.4552,.5196,.4552,.367,.6318,,2.8165,.8794,1.8575,1.7203,2.6538,,772818,576,2025,368.7527397260274,9766.702283105024,8026.774086757991,4212.014611872146,29522.45970319635,,1000000
576,.0447,.046179049,.2607,.30070001,34619000,.5288,.2464738819193423,1.072671544271476,.8793168527413843,.6002271706502356,.41539864978548,.6369042295625224,,3.253858341428622,1.269111997253926,1.672403863092844,1.580324852411756,2.485777334443101,,.5482,.5214,.4321,.4465,.6155,,2.5416,1.1269,1.6739,1.648,2.2346,,.5286632032865735,.2574514975294863,.3650503379426644,.4373590312209734,.5398216036424534,,2.143328151110401,1.209085677200919,1.1878060023175,.7524537900496001,1.679927655007353,,.4552,.5196,.4113,.323,.571,,2.5772,.8794,1.519,1.4948,2.2342,,772818,576,2026,368.7527397260274,9766.702283105024,8026.774086757991,4212.014611872146,29522.45970319635,,1000000
576,.0447,.046179049,.2607,.30070001,34619000,.5288,.2464738819193423,1.072671544271476,.8793168527413843,.6002271706502356,.41539864978548,.6369042295625224,,3.253858341428622,1.269111997253926,1.672403863092844,1.580324852411756,2.485777334443101,,.4096,.2968,.2389,.2964,.4243,,1.8852,1.035,1.1602,1.1882,1.5185,,.5286632032865735,.2574514975294863,.3650503379426644,.4373590312209734,.5398216036424534,,2.143328151110401,1.209085677200919,1.1878060023175,.7524537900496001,1.679927655007353,,.4552,.5196,.3673,.2789,.5102,,2.3379,.8794,1.1804,1.2692,1.8145,,772818,576,2027,368.7527397260274,9766.702283105024,8026.774086757991,4212.014611872146,29522.45970319635,,1000000
584,.0276,.02747505,.545,.47999999,-7779000,.0487,.0548608188540853,.3977741261031197,.0544468561294498,.1284725944947866,.0871491575324435,.21469295429189,,1.530539942898569,.1459502302145551,.3353454998694035,.4334199437426155,1.410098987612952,,.2693,.0197,.0396,.0334,.1489,,1.6812,.4059,.4413,.451,.9318,,.5855687781688856,1.589675760651875,.1375306458717956,.0541873770018509,.3083321409284846,,4.380331960822041,.0550700000093798,.6040375445262508,.573139885288434,3.885064348255237,,.2718,.0161,.0378,.0415,.1222,,2.2754,1.0156,.364,.4187,1.2197,,1631735,584,2025,1190.143607305936,74118.19783105023,49214.27694063927,14068.49292237443,44168.28413242009,,1000000
584,.0276,.02747505,.545,.47999999,-7779000,.0487,.0548608188540853,.3977741261031197,.0544468561294498,.1284725944947866,.0871491575324435,.21469295429189,,1.530539942898569,.1459502302145551,.3353454998694035,.4334199437426155,1.410098987612952,,.258,.0197,.0396,.0334,.1477,,1.3931,.3696,.4337,.4357,.8051,,.5855687781688856,1.589675760651875,.1375306458717956,.0541873770018509,.3083321409284846,,4.380331960822041,.0550700000093798,.6040375445262508,.573139885288434,3.885064348255237,,.2718,.0161,.0378,.0415,.1222,,1.7419,.6697,.3618,.3754,.9418,,1631735,584,2026,1190.143607305936,74118.19783105023,49214.27694063927,14068.49292237443,44168.28413242009,,1000000
584,.0276,.02747505,.545,.47999999,-7779000,.0487,.0548608188540853,.3977741261031197,.0544468561294498,.1284725944947866,.0871491575324435,.21469295429189,,1.530539942898569,.1459502302145551,.3353454998694035,.4334199437426155,1.410098987612952,,.2466,.0197,.0396,.0334,.1465,,1.105,.3333,.426,.4205,.6783,,.5855687781688856,1.589675760651875,.1375306458717956,.0541873770018509,.3083321409284846,,4.380331960822041,.0550700000093798,.6040375445262508,.573139885288434,3.885064348255237,,.2718,.0161,.0378,.0415,.1222,,1.2085,.3238,.3596,.3321,.6639,,1631735,584,2027,1190.143607305936,74118.19783105023,49214.27694063927,14068.49292237443,44168.28413242009,,1000000
585,.0284,.019372988,.4831,.3881,28768000,.0049,.0080955540809555,.0369603122793435,.0001904063538207,.0234999797262441,5.96226883947e-06,.0312728496243441,,.1871107175157168,.0013173371085054,.0260949816731067,.0229531963819414,.126403305773319,,.0662,.0012,.019,.0082,.0744,,.4977,.0347,.1899,.2649,.4988,,.0410132932500904,.000389788717545,.0083001817007075,1.98742294649e-06,.0415174637635235,,.2813034398741722,.00095281141021,.0250362292340316,.03921521412014,.1884158235244332,,.1248,.0035,.0437,.0203,.1381,,.631,.0392,.1824,.2369,.6429,,303567,585,2025,1165.155136986301,22709.78184931507,2942.03595890411,593.5345890410958,6329.538127853882,,1000000
585,.0284,.019372988,.4831,.3881,28768000,.0049,.0080955540809555,.0369603122793435,.0001904063538207,.0234999797262441,5.96226883947e-06,.0312728496243441,,.1871107175157168,.0013173371085054,.0260949816731067,.0229531963819414,.126403305773319,,.0662,.0012,.019,.0082,.0744,,.4977,.0347,.1899,.2649,.4988,,.0410132932500904,.000389788717545,.0083001817007075,1.98742294649e-06,.0415174637635235,,.2813034398741722,.00095281141021,.0250362292340316,.03921521412014,.1884158235244332,,.1248,.0035,.0437,.0203,.1381,,.631,.0392,.1824,.2369,.6429,,303567,585,2026,1165.155136986301,22709.78184931507,2942.03595890411,593.5345890410958,6329.538127853882,,1000000
585,.0284,.019372988,.4831,.3881,28768000,.0049,.0080955540809555,.0369603122793435,.0001904063538207,.0234999797262441,5.96226883947e-06,.0312728496243441,,.1871107175157168,.0013173371085054,.0260949816731067,.0229531963819414,.126403305773319,,.0662,.0012,.019,.0082,.0744,,.4977,.0347,.1899,.2649,.4988,,.0410132932500904,.000389788717545,.0083001817007075,1.98742294649e-06,.0415174637635235,,.2813034398741722,.00095281141021,.0250362292340316,.03921521412014,.1884158235244332,,.1248,.0035,.0437,.0203,.1381,,.631,.0392,.1824,.2369,.6429,,303567,585,2027,1165.155136986301,22709.78184931507,2942.03595890411,593.5345890410958,6329.538127853882,,1000000
590,.0515,.029694499,.9185,.92000002,825000,.0537,.037593984962406,,0,0,0,0,,,1.663318342809343,1.119021447540176,2.804090770710469,1.777639775823947,,.3373,.2129,.1936,.1544,.2485,,1.535,1.4184,1.1288,.8676,1.2318,,,0,0,0,0,,,.7445828192481161,.5140916719495996,4.445472435582545,.7355780040104879,,.6101,1.2973,.1579,.032,.0702,,1.8308,2.4287,1.3306,1.4328,1.4706,,19869,590,2025,,198.8318493150685,667.8768264840182,127.1154109589041,555.0513698630137,,1000000
590,.0515,.029694499,.9185,.92000002,825000,.0537,.037593984962406,,0,0,0,0,,,1.663318342809343,1.119021447540176,2.804090770710469,1.777639775823947,,.3373,.2071,.1818,.1544,.2485,,1.535,1.0692,.9797,.8556,1.1874,,,0,0,0,0,,,.7445828192481161,.5140916719495996,4.445472435582545,.7355780040104879,,.6101,.8457,.1579,.032,.0702,,1.8308,1.5792,1.0712,1.1407,1.3867,,19869,590,2026,,198.8318493150685,667.8768264840182,127.1154109589041,555.0513698630137,,1000000
590,.0515,.029694499,.9185,.92000002,825000,.0537,.037593984962406,,0,0,0,0,,,1.663318342809343,1.119021447540176,2.804090770710469,1.777639775823947,,.3373,.2013,.1701,.1544,.2485,,1.535,.72,.8306,.8435,1.143,,,0,0,0,0,,,.7445828192481161,.5140916719495996,4.445472435582545,.7355780040104879,,.6101,.3941,.1579,.032,.0702,,1.8308,.7297,.8119,.8485,1.3029,,19869,590,2027,,198.8318493150685,667.8768264840182,127.1154109589041,555.0513698630137,,1000000
594,.0344,.028712193,.775,.46900001,21301000,.0012,0,.0044648281372779,0,.0009852185233268,.0014700537452306,.0092012635138222,,.4999431395426366,.1809620620441508,.3071729632106953,.9671102078297058,.704198003716345,,.1746,.0413,.048,.047,.0808,,.4795,.2308,.2877,.1918,.2578,,.0037206901143983,0,.0016194375962229,.0014271808420956,.0253646472583033,,.6319559189672749,.3752979903595047,.3614600124973704,1.112733693917568,.8458591468690255,,.1918,.1037,.0953,.0795,.1116,,.6543,.283,.3791,.2682,.3615,,209876,594,2025,645.4558219178082,6018.640867579908,5995.355365296804,1947.013584474886,8491.612214611872,,1000000
594,.0344,.028712193,.775,.46900001,21301000,.0012,0,.0044648281372779,0,.0009852185233268,.0014700537452306,.0092012635138222,,.4999431395426366,.1809620620441508,.3071729632106953,.9671102078297058,.704198003716345,,.1746,.0413,.048,.047,.0808,,.4795,.2308,.2877,.1918,.2578,,.0037206901143983,0,.0016194375962229,.0014271808420956,.0253646472583033,,.6319559189672749,.3752979903595047,.3614600124973704,1.112733693917568,.8458591468690255,,.1918,.1032,.0934,.0795,.1116,,.6543,.283,.3692,.2682,.3615,,209876,594,2026,645.4558219178082,6018.640867579908,5995.355365296804,1947.013584474886,8491.612214611872,,1000000
594,.0344,.028712193,.775,.46900001,21301000,.0012,0,.0044648281372779,0,.0009852185233268,.0014700537452306,.0092012635138222,,.4999431395426366,.1809620620441508,.3071729632106953,.9671102078297058,.704198003716345,,.1746,.0413,.048,.047,.0808,,.4795,.2308,.2877,.1918,.2578,,.0037206901143983,0,.0016194375962229,.0014271808420956,.0253646472583033,,.6319559189672749,.3752979903595047,.3614600124973704,1.112733693917568,.8458591468690255,,.1918,.1026,.0915,.0795,.1116,,.6543,.283,.3593,.2682,.3615,,209876,594,2027,645.4558219178082,6018.640867579908,5995.355365296804,1947.013584474886,8491.612214611872,,1000000
824,.0448,.031975143,.5161,.44479999,119718000,.1608,.1858592197468884,.4375144125991299,.144701550059341,.3085167267002011,.075261634046352,.3575512116121643,,2.761145132593644,.4260365805660927,.5040243270515635,.7436958104437598,1.738030043961588,,.4235,.0772,.1507,.1309,.3721,,2.1497,.7237,.8268,.8245,1.5071,,.6379360369300382,.2669106670352639,.2839352466150147,.1037176240302669,.5214361083331025,,5.443911276356961,.6522582867529554,.7437457523062414,.9996465966874022,4.149471914214756,,.6722,.5499000000000001,.295,.2087,.4741,,2.6335,.7755,.7821,.7823,1.7544,,1341417,824,2025,4018.672831050229,36382.99360730594,36516.08847031964,10898.54257990868,63624.30764840182,,1000000
824,.0448,.031975143,.5161,.44479999,119718000,.1608,.1858592197468884,.4375144125991299,.144701550059341,.3085167267002011,.075261634046352,.3575512116121643,,2.761145132593644,.4260365805660927,.5040243270515635,.7436958104437598,1.738030043961588,,.3766,.0772,.1507,.1309,.3336,,1.8242,.7055,.8116,.8161,1.3055,,.6379360369300382,.2669106670352639,.2839352466150147,.1037176240302669,.5214361083331025,,5.443911276356961,.6522582867529554,.7437457523062414,.9996465966874022,4.149471914214756,,.6284999999999999,.4597,.2773,.2087,.4321,,2.2058,.7355,.7779,.7823,1.5019,,1341417,824,2026,4018.672831050229,36382.99360730594,36516.08847031964,10898.54257990868,63624.30764840182,,1000000
824,.0448,.031975143,.5161,.44479999,119718000,.1608,.1858592197468884,.4375144125991299,.144701550059341,.3085167267002011,.075261634046352,.3575512116121643,,2.761145132593644,.4260365805660927,.5040243270515635,.7436958104437598,1.738030043961588,,.3297,.0772,.1507,.1309,.2951,,1.4986,.6873,.7964,.8078,1.1039,,.6379360369300382,.2669106670352639,.2839352466150147,.1037176240302669,.5214361083331025,,5.443911276356961,.6522582867529554,.7437457523062414,.9996465966874022,4.149471914214756,,.5849,.3695,.2596,.2087,.3901,,1.7782,.6954,.7737000000000001,.7823,1.2493,,1341417,824,2027,4018.672831050229,36382.99360730594,36516.08847031964,10898.54257990868,63624.30764840182,,1000000
886,.0309,.029282873,.5379,.4709,250435008,.0627,.0437449357416126,.1940090318399919,.0965829866009507,.0450757869950034,.0514071719778204,.1578850592791057,,1.793751493991096,.2022692245395679,.3144182470125143,.5347002116381865,.7308221535116386,,.3482,.1169,.0605,.053,.154,,1.0949,.5034999999999999,.5054,.4235,.8996,,.4780740876179001,.144420236402602,.1091280201172743,.0884560489171215,.3697816463833508,,1.580036381904233,.5288002328317569,.3849405356549736,.3144295441855872,1.026832643000242,,.6543,.3377,.1315,.115,.2737,,1.0746,.4447,.3902,.3519,.9022,,1906063,886,2025,2122.75399543379,47165.77146118721,62081.72579908676,17613.73858447489,61861.25433789955,,1000000
886,.0309,.029282873,.5379,.4709,250435008,.0627,.0437449357416126,.1940090318399919,.0965829866009507,.0450757869950034,.0514071719778204,.1578850592791057,,1.793751493991096,.2022692245395679,.3144182470125143,.5347002116381865,.7308221535116386,,.3021,.1034,.0605,.053,.154,,1.0949,.438,.4862,.4235,.8126,,.4780740876179001,.144420236402602,.1091280201172743,.0884560489171215,.3697816463833508,,1.580036381904233,.5288002328317569,.3849405356549736,.3144295441855872,1.026832643000242,,.4983,.235,.123,.113,.2458,,1.0746,.4048,.3902,.3519,.8157,,1906063,886,2026,2122.75399543379,47165.77146118721,62081.72579908676,17613.73858447489,61861.25433789955,,1000000
886,.0309,.029282873,.5379,.4709,250435008,.0627,.0437449357416126,.1940090318399919,.0965829866009507,.0450757869950034,.0514071719778204,.1578850592791057,,1.793751493991096,.2022692245395679,.3144182470125143,.5347002116381865,.7308221535116386,,.2559,.0899,.0605,.053,.154,,1.0949,.3724,.467,.4235,.7256,,.4780740876179001,.144420236402602,.1091280201172743,.0884560489171215,.3697816463833508,,1.580036381904233,.5288002328317569,.3849405356549736,.3144295441855872,1.026832643000242,,.3423,.1323,.1145,.111,.2178,,1.0746,.3649,.3902,.3519,.7292,,1906063,886,2027,2122.75399543379,47165.77146118721,62081.72579908676,17613.73858447489,61861.25433789955,,1000000
899,.0602,.022153364,.5241,.27000001,13069000,.0185,.038989700833742,.0957148994900935,.2499782552362744,.2889925978257626,.6128587282849408,.2704798711306223,,.5610836380189498,.1654832198141296,.2317259406036565,.2902302303717475,.6689804830786003,,.3735,.0964,.1857,.1323,.2418,,.5747,.2226,.3028,.3752,.4952,,.3245030852499743,1.082973335853418,1.216823199641024,2.83522683679328,1.075950554598035,,1.115804089488418,.2609456358836051,.4219082371893648,.2803700588201568,1.22885606932779,,.9391,.2423,.4964,.2619,.6202,,.3456,.085,.1507,.1568,.2773,,237526,899,2025,1821.624657534247,3792.966894977169,1469.764383561644,339.1332191780822,2816.628538812785,,1000000
899,.0602,.022153364,.5241,.27000001,13069000,.0185,.038989700833742,.0957148994900935,.2499782552362744,.2889925978257626,.6128587282849408,.2704798711306223,,.5610836380189498,.1654832198141296,.2317259406036565,.2902302303717475,.6689804830786003,,.3735,.0964,.1857,.1323,.2418,,.5747,.2226,.3028,.3752,.4952,,.3245030852499743,1.082973335853418,1.216823199641024,2.83522683679328,1.075950554598035,,1.115804089488418,.2609456358836051,.4219082371893648,.2803700588201568,1.22885606932779,,.9391,.2423,.4964,.2619,.6202,,.3456,.085,.1507,.1568,.2773,,237526,899,2026,1821.624657534247,3792.966894977169,1469.764383561644,339.1332191780822,2816.628538812785,,1000000
899,.0602,.022153364,.5241,.27000001,13069000,.0185,.038989700833742,.0957148994900935,.2499782552362744,.2889925978257626,.6128587282849408,.2704798711306223,,.5610836380189498,.1654832198141296,.2317259406036565,.2902302303717475,.6689804830786003,,.3735,.0964,.1857,.1323,.2418,,.5747,.2226,.3028,.3752,.4952,,.3245030852499743,1.082973335853418,1.216823199641024,2.83522683679328,1.075950554598035,,1.115804089488418,.2609456358836051,.4219082371893648,.2803700588201568,1.22885606932779,,.9391,.2423,.4964,.2619,.6202,,.3456,.085,.1507,.1568,.2773,,237526,899,2027,1821.624657534247,3792.966894977169,1469.764383561644,339.1332191780822,2816.628538812785,,1000000
904,.0263,.030663494,.6186,.57370001,187512000,.0021,.0005804382784772,.3069793085623302,.0299819022817431,.0359173640098194,.0257293114224823,.1306343503514094,,.713700676400939,.1005815791555335,.2189656288457028,.3354896830993828,.3125611208626903,,.2061,.0194,.0301,.0409,.1272,,.9422,.1306,.2447,.2311,.3944,,1.020983768424871,.0737287487847376,.088683517231308,.0645229413806202,.3294052768505249,,.6890534036476782,.0543477141400954,.1288016617826959,.252766473483646,.2765466637609989,,.3962,.0459,.0649,.0874,.236,,1.0385,.0844,.1876,.1801,.3038,,1728831,3045,2025,3897.306164383562,55007.62819634703,61283.23630136986,10822.87294520548,51581.35502283105,,1000000
904,.0263,.030663494,.6186,.57370001,187512000,.0021,.0005804382784772,.3069793085623302,.0299819022817431,.0359173640098194,.0257293114224823,.1306343503514094,,.713700676400939,.1005815791555335,.2189656288457028,.3354896830993828,.3125611208626903,,.2061,.0194,.0301,.0409,.1237,,.9422,.1306,.2447,.2311,.3944,,1.020983768424871,.0737287487847376,.088683517231308,.0645229413806202,.3294052768505249,,.6890534036476782,.0543477141400954,.1288016617826959,.252766473483646,.2765466637609989,,.3318,.0459,.0599,.0754,.1896,,1.0385,.0844,.1876,.1801,.3038,,1728831,3045,2026,3897.306164383562,55007.62819634703,61283.23630136986,10822.87294520548,51581.35502283105,,1000000
904,.0263,.030663494,.6186,.57370001,187512000,.0021,.0005804382784772,.3069793085623302,.0299819022817431,.0359173640098194,.0257293114224823,.1306343503514094,,.713700676400939,.1005815791555335,.2189656288457028,.3354896830993828,.3125611208626903,,.2061,.0194,.0301,.0409,.1202,,.9422,.1306,.2447,.2311,.3944,,1.020983768424871,.0737287487847376,.088683517231308,.0645229413806202,.3294052768505249,,.6890534036476782,.0543477141400954,.1288016617826959,.252766473483646,.2765466637609989,,.2673,.0459,.055,.0633,.1433,,1.0385,.0844,.1876,.1801,.3038,,1728831,3045,2027,3897.306164383562,55007.62819634703,61283.23630136986,10822.87294520548,51581.35502283105,,1000000
936,.0282,.027707914,.4291,.35550001,26006000,.0001,0,0,.0032984624083223,.0113707667149838,.0009045915982464,.0102490276073845,,.1659152203899286,.008623937062616,.0320523653668954,.043440757575836,.1340137055869433,,.0347,.0022,.0158,.0097,.0337,,.1751,.0328,.076,.0555,.1182,,0,.005772309214564,.0105050679690232,.0026935289678384,.0155908171376196,,.0636008344828059,.0024984868680877,.0109409892621987,.0286030655517888,.0692158721338741,,.0815,.0042,.0382,.016,.0874,,.2376,.0327,.046,.046,.1428,,167389,936,2025,33.26917808219178,8547.569178082193,3428.09098173516,1323.158219178082,5200.125799086758,,1000000
936,.0282,.027707914,.4291,.35550001,26006000,.0001,0,0,.0032984624083223,.0113707667149838,.0009045915982464,.0102490276073845,,.1659152203899286,.008623937062616,.0320523653668954,.043440757575836,.1340137055869433,,.0347,.0022,.0158,.0097,.0337,,.1751,.0328,.076,.0555,.1182,,0,.005772309214564,.0105050679690232,.0026935289678384,.0155908171376196,,.0636008344828059,.0024984868680877,.0109409892621987,.0286030655517888,.0692158721338741,,.0815,.0042,.0382,.016,.0874,,.2376,.0327,.046,.046,.1428,,167389,936,2026,33.26917808219178,8547.569178082193,3428.09098173516,1323.158219178082,5200.125799086758,,1000000
936,.0282,.027707914,.4291,.35550001,26006000,.0001,0,0,.0032984624083223,.0113707667149838,.0009045915982464,.0102490276073845,,.1659152203899286,.008623937062616,.0320523653668954,.043440757575836,.1340137055869433,,.0347,.0022,.0158,.0097,.0337,,.1751,.0328,.076,.0555,.1182,,0,.005772309214564,.0105050679690232,.0026935289678384,.0155908171376196,,.0636008344828059,.0024984868680877,.0109409892621987,.0286030655517888,.0692158721338741,,.0815,.0042,.0382,.016,.0874,,.2376,.0327,.046,.046,.1428,,167389,936,2027,33.26917808219178,8547.569178082193,3428.09098173516,1323.158219178082,5200.125799086758,,1000000
937,.0326,.033183698,.5177,.47960001,10783000,.0248,.0204581879890638,.3067837873970704,.187564108085305,.3608274394816934,.2203816188419014,.4977374389764523,,1.898195851888064,1.338262722223569,1.291179169084894,1.182373736209665,1.497161374549023,,.1646,.0387,.0208,.0215,.074,,1.6352,.3083,.4538,.3801,.5399,,.0510625804851188,.1072655868963065,.0503811048797867,.1211311599810917,.1927553428538127,,1.281907978099058,.7041122341276768,.6215153319855322,.6273508295768457,.8457174259224295,,.1482,.1517,.0153,.0135,.0458,,1.1444,.2342,.2974,.2392,.4055,,147693,937,2025,198.9517123287671,5373.056050228311,3933.458219178082,995.5126712328768,5671.256506849315,,1000000
937,.0326,.033183698,.5177,.47960001,10783000,.0248,.0204581879890638,.3067837873970704,.187564108085305,.3608274394816934,.2203816188419014,.4977374389764523,,1.898195851888064,1.338262722223569,1.291179169084894,1.182373736209665,1.497161374549023,,.1646,.0387,.0208,.0215,.074,,1.3727,.3083,.4423,.3801,.5399,,.0510625804851188,.1072655868963065,.0503811048797867,.1211311599810917,.1927553428538127,,1.281907978099058,.7041122341276768,.6215153319855322,.6273508295768457,.8457174259224295,,.1482,.129,.0153,.0135,.0458,,1.1444,.2342,.2974,.2392,.4055,,147693,937,2026,198.9517123287671,5373.056050228311,3933.458219178082,995.5126712328768,5671.256506849315,,1000000
937,.0326,.033183698,.5177,.47960001,10783000,.0248,.0204581879890638,.3067837873970704,.187564108085305,.3608274394816934,.2203816188419014,.4977374389764523,,1.898195851888064,1.338262722223569,1.291179169084894,1.182373736209665,1.497161374549023,,.1646,.0387,.0208,.0215,.074,,1.1101,.3083,.4308,.3801,.5399,,.0510625804851188,.1072655868963065,.0503811048797867,.1211311599810917,.1927553428538127,,1.281907978099058,.7041122341276768,.6215153319855322,.6273508295768457,.8457174259224295,,.1482,.1063,.0153,.0135,.0458,,1.1444,.2342,.2974,.2392,.4055,,147693,937,2027,198.9517123287671,5373.056050228311,3933.458219178082,995.5126712328768,5671.256506849315,,1000000
938,.0362,.017659485,.49,.38999999,12774000,.07,.1178498330281159,.4106161679602802,.4317706034598812,.3483088291450177,.1716284793983286,.2927236368586732,,2.437878683429727,.5027097936499656,.5439753747544838,.6101265191909017,1.179233886096708,,.1648,.0566,.0255,.0554,.1053,,1.6106,.6371,.7063,.7715,1.0708,,.7625835144577421,1.562955263800487,.9024403623090506,.2580887863702148,.6015636645581764,,3.701400033652071,.6367225959596829,.4468910581776144,.8145190029322059,1.452365038713466,,.2568,.0842,.0531,.1454,.1956,,1.7318,.7841,.6392,.6868,1.1304,,236700,938,2025,657.4124429223745,2703.368493150685,4739.762214611872,568.0369863013699,6352.805479452055,,1000000
938,.0362,.017659485,.49,.38999999,12774000,.07,.1178498330281159,.4106161679602802,.4317706034598812,.3483088291450177,.1716284793983286,.2927236368586732,,2.437878683429727,.5027097936499656,.5439753747544838,.6101265191909017,1.179233886096708,,.1648,.0566,.0255,.0554,.1053,,1.4131,.5349,.6181,.6504,.9345,,.7625835144577421,1.562955263800487,.9024403623090506,.2580887863702148,.6015636645581764,,3.701400033652071,.6367225959596829,.4468910581776144,.8145190029322059,1.452365038713466,,.2568,.0842,.0531,.1405,.1956,,1.5501,.6061,.5575,.5758,.9798,,236700,938,2026,657.4124429223745,2703.368493150685,4739.762214611872,568.0369863013699,6352.805479452055,,1000000
938,.0362,.017659485,.49,.38999999,12774000,.07,.1178498330281159,.4106161679602802,.4317706034598812,.3483088291450177,.1716284793983286,.2927236368586732,,2.437878683429727,.5027097936499656,.5439753747544838,.6101265191909017,1.179233886096708,,.1648,.0566,.0255,.0554,.1053,,1.2155,.4327,.53,.5292,.7982,,.7625835144577421,1.562955263800487,.9024403623090506,.2580887863702148,.6015636645581764,,3.701400033652071,.6367225959596829,.4468910581776144,.8145190029322059,1.452365038713466,,.2568,.0842,.0531,.1356,.1956,,1.3684,.4281,.4759,.4648,.8293,,236700,938,2027,657.4124429223745,2703.368493150685,4739.762214611872,568.0369863013699,6352.805479452055,,1000000
944,.0293,.024182534,.6824,.63679999,31048000,.1575,.117890644806896,.0572979774861995,.0060017070730124,.0194640943594128,.0141746520641941,.193083794216746,,1.503276521033983,1.001180021455277,1.042263004448277,.7868324153159268,1.519668552809917,,.3538,.0606,.1719,.1769,.2695,,2.1441,.0518,.553,.3325,1.1835,,.0845433829214801,.0097090737955732,.0244997493822442,.0182106834561342,.3677967031472859,,.9285894224430148,.6634195900003805,.6250465544452878,.5105226920943947,.9370688713885994,,.4297,.0162,.0896,.0437,.2552,,2.006,.0314,.4009,.1901,1.0616,,358027,944,2025,3301.962557077626,21851.33630136986,3669.395547945206,1731.280365296804,8994.621461187215,,1000000
944,.0293,.024182534,.6824,.63679999,31048000,.1575,.117890644806896,.0572979774861995,.0060017070730124,.0194640943594128,.0141746520641941,.193083794216746,,1.503276521033983,1.001180021455277,1.042263004448277,.7868324153159268,1.519668552809917,,.326,.0606,.1526,.1644,.255,,1.7463,.0518,.553,.3325,1.0627,,.0845433829214801,.0097090737955732,.0244997493822442,.0182106834561342,.3677967031472859,,.9285894224430148,.6634195900003805,.6250465544452878,.5105226920943947,.9370688713885994,,.4297,.0162,.0896,.0437,.2552,,1.7835,.0314,.4009,.1901,1.0444,,358027,944,2026,3301.962557077626,21851.33630136986,3669.395547945206,1731.280365296804,8994.621461187215,,1000000
944,.0293,.024182534,.6824,.63679999,31048000,.1575,.117890644806896,.0572979774861995,.0060017070730124,.0194640943594128,.0141746520641941,.193083794216746,,1.503276521033983,1.001180021455277,1.042263004448277,.7868324153159268,1.519668552809917,,.2982,.0606,.1334,.1518,.2406,,1.3485,.0518,.553,.3325,.9419999999999999,,.0845433829214801,.0097090737955732,.0244997493822442,.0182106834561342,.3677967031472859,,.9285894224430148,.6634195900003805,.6250465544452878,.5105226920943947,.9370688713885994,,.4297,.0162,.0896,.0437,.2552,,1.5609,.0314,.4009,.1901,1.0272,,358027,944,2027,3301.962557077626,21851.33630136986,3669.395547945206,1731.280365296804,8994.621461187215,,1000000
945,.0338,.052763194,.506,.38,55555000,.1385,.2082997489809548,.1982045915747659,.0416964483987748,.2039398140073657,.2201199262880923,.4455694519146611,,2.77384812282085,1.911540584578229,1.50707409812133,1.601599764444477,2.388335209274973,,.2984,.0316,.0998,.0902,.2191,,1.7175,.2084,.9013,.8612,1.3782,,.4604028051829304,.0666584155223507,.1910065803158737,.3841964481308421,.4841373737776231,,2.327341709037383,.8250854295758427,1.129666628197992,1.028170267504572,2.077932836499582,,.5185999999999999,.1132,.2241,.2093,.3748,,2.4177,.1623,.8536,.7491,1.7463,,916548,945,2025,3279.090068493151,17507.83401826484,16464.60102739726,7587.232876712329,32510.71484018265,,1000000
945,.0338,.052763194,.506,.38,55555000,.1385,.2082997489809548,.1982045915747659,.0416964483987748,.2039398140073657,.2201199262880923,.4455694519146611,,2.77384812282085,1.911540584578229,1.50707409812133,1.601599764444477,2.388335209274973,,.298,.0316,.0998,.0902,.2191,,1.5314,.2084,.7766999999999999,.7591,1.1584,,.4604028051829304,.0666584155223507,.1910065803158737,.3841964481308421,.4841373737776231,,2.327341709037383,.8250854295758427,1.129666628197992,1.028170267504572,2.077932836499582,,.4986,.1132,.2138,.1925,.3498,,1.9871,.1623,.733,.6850000000000001,1.3845,,916548,945,2026,3279.090068493151,17507.83401826484,16464.60102739726,7587.232876712329,32510.71484018265,,1000000
945,.0338,.052763194,.506,.38,55555000,.1385,.2082997489809548,.1982045915747659,.0416964483987748,.2039398140073657,.2201199262880923,.4455694519146611,,2.77384812282085,1.911540584578229,1.50707409812133,1.601599764444477,2.388335209274973,,.2976,.0316,.0998,.0902,.2191,,1.3454,.2084,.6522,.657,.9387,,.4604028051829304,.0666584155223507,.1910065803158737,.3841964481308421,.4841373737776231,,2.327341709037383,.8250854295758427,1.129666628197992,1.028170267504572,2.077932836499582,,.4787,.1132,.2034,.1758,.3249,,1.5564,.1623,.6125,.6208,1.0226,,916548,945,2027,3279.090068493151,17507.83401826484,16464.60102739726,7587.232876712329,32510.71484018265,,1000000
958,.0267,.0095521081,.5699,.59539998,16577000,.0012,.0001890001890002,,.0000866514294088,.0012750725918021,0,.0258832562414215,,,.2125292621090962,.8237739260028641,1.637024841257886,1.315264631653073,,0,.0015,.0175,.0027,.024,,.1225,.0733,.3484,.1407,.262,,,.0001733028588176,.0025501451836043,0,.0423119182968974,,,.2474281063776042,1.045924534942491,1.953738449883975,1.600421860455738,,0,.003,.0323,.0052,.052,,.0674,.0391,.2198,.0873,.1869,,114425,958,2025,,6534.341666666666,2537.056735159817,1176.199086757991,2688.38401826484,,1000000
958,.0267,.0095521081,.5699,.59539998,16577000,.0012,.0001890001890002,,.0000866514294088,.0012750725918021,0,.0258832562414215,,,.2125292621090962,.8237739260028641,1.637024841257886,1.315264631653073,,0,.0015,.0175,.0027,.024,,.1225,.0733,.3484,.1407,.262,,,.0001733028588176,.0025501451836043,0,.0423119182968974,,,.2474281063776042,1.045924534942491,1.953738449883975,1.600421860455738,,0,.003,.0323,.0052,.052,,.0674,.0391,.2198,.0873,.1869,,114425,958,2026,,6534.341666666666,2537.056735159817,1176.199086757991,2688.38401826484,,1000000
958,.0267,.0095521081,.5699,.59539998,16577000,.0012,.0001890001890002,,.0000866514294088,.0012750725918021,0,.0258832562414215,,,.2125292621090962,.8237739260028641,1.637024841257886,1.315264631653073,,0,.0015,.0175,.0027,.024,,.1225,.0733,.3484,.1407,.262,,,.0001733028588176,.0025501451836043,0,.0423119182968974,,,.2474281063776042,1.045924534942491,1.953738449883975,1.600421860455738,,0,.003,.0323,.0052,.052,,.0674,.0391,.2198,.0873,.1869,,114425,958,2027,,6534.341666666666,2537.056735159817,1176.199086757991,2688.38401826484,,1000000
959,.0529,.045046121,.86,.44,5469000,.3382,.1826762909494725,0,.0105176340760054,.0235566875671849,.0003303471004176,.2521354295018543,,1.279755773228701,.4664266024747509,.3016239015877824,.08936583072811,1.463133169172002,,.2876,.0329,.0976,.0013,.1987,0,2.1634,.9543,1.1762,1.3151,2.2473,3.75,0,.0106427173138105,.0208544591779002,.0001651735502088,.2727972370939455,,1.798518376316496,.4400398461830912,.3136803235045057,.0725080886459146,2.153868740880629,,.4304,.048,.1692,.0031,.3015,0,2.4977,1.0556,1.1631,.9194,2.7001,4.1582,25152,959,2025,24.38036529680365,493.4309360730593,794.5518264840183,246.7309360730594,1238.201712328767,0,1000000
959,.0529,.045046121,.86,.44,5469000,.3382,.1826762909494725,0,.0105176340760054,.0235566875671849,.0003303471004176,.2521354295018543,,1.279755773228701,.4664266024747509,.3016239015877824,.08936583072811,1.463133169172002,,.2876,.0329,.0976,.0013,.1987,0,1.8893,.8732,1.0411,1.1188,1.7383,3.75,0,.0106427173138105,.0208544591779002,.0001651735502088,.2727972370939455,,1.798518376316496,.4400398461830912,.3136803235045057,.0725080886459146,2.153868740880629,,.4304,.048,.1692,.0031,.3015,0,2.2223,.9305,1.0297,.9194,2.0604,4.1582,25152,959,2026,24.38036529680365,493.4309360730593,794.5518264840183,246.7309360730594,1238.201712328767,0,1000000
959,.0529,.045046121,.86,.44,5469000,.3382,.1826762909494725,0,.0105176340760054,.0235566875671849,.0003303471004176,.2521354295018543,,1.279755773228701,.4664266024747509,.3016239015877824,.08936583072811,1.463133169172002,,.2876,.0329,.0976,.0013,.1987,0,1.6152,.7921,.9061,.9225,1.2293,3.75,0,.0106427173138105,.0208544591779002,.0001651735502088,.2727972370939455,,1.798518376316496,.4400398461830912,.3136803235045057,.0725080886459146,2.153868740880629,,.4304,.048,.1692,.0031,.3015,0,1.947,.8055,.8963,.9194,1.4208,4.1582,25152,959,2027,24.38036529680365,493.4309360730593,794.5518264840183,246.7309360730594,1238.201712328767,0,1000000
965,.0245,.018018018,.491,.366,20000,0,0,,,,,3.104015672801321,,,,,,0,,.2775,.1199,.1141,.1244,.0721,,1.2504,.4641,.5628,.5636,.3487,,,,,,5.24042469688635,,,,,,0,,.4129,.2014,.1633,.1474,.1803,,1.419,.4611,.5125999999999999,.5068,.1633,,333,965,2025,,,,,11.82865296803653,,1000000
965,.0245,.018018018,.491,.366,20000,0,0,,,,,3.104015672801321,,,,,,0,,.2775,.1199,.1141,.1244,.0721,,1.2504,.4641,.5628,.5636,.3487,,,,,,5.24042469688635,,,,,,0,,.4129,.2014,.1633,.1474,.1803,,1.419,.4611,.5125999999999999,.5068,.1633,,333,965,2026,,,,,11.82865296803653,,1000000
965,.0245,.018018018,.491,.366,20000,0,0,,,,,3.104015672801321,,,,,,0,,.2775,.1199,.1141,.1244,.0721,,1.2504,.4641,.5628,.5636,.3487,,,,,,5.24042469688635,,,,,,0,,.4129,.2014,.1633,.1474,.1803,,1.419,.4611,.5125999999999999,.5068,.1633,,333,965,2027,,,,,11.82865296803653,,1000000
1010,.0315,.035102587,.5179,.43439999,25941000,.0933,.0372179576645732,.3515019684948767,.0004578365232152,.0352347761536429,.015839568098456,.0366112803973355,,1.825431807312198,.2911868894657925,.9806001136289519,1.288108814921837,1.148572413741831,,.3161,.1723,.1851,.2138,.2373,.25,1.6485,.3894,.8193,1.1466,1.2877,.8557,1.294875434659597,.0006066466948284,.0195846697792717,.0226448169176752,.0725086096357104,,2.102322432724089,.2020244188738324,.3761907281924299,.6411765658526131,.7962080440914036,,.3648,.1127,.1165,.1759,.2746,.0625,2.4342,.3085,.6037,.7292,1.1752,.8444,342197,1010,2025,545.6385844748859,11013.68173515982,6871.480251141553,3627.792808219178,14495.45753424658,,1000000
1010,.0315,.035102587,.5179,.43439999,25941000,.0933,.0372179576645732,.3515019684948767,.0004578365232152,.0352347761536429,.015839568098456,.0366112803973355,,1.825431807312198,.2911868894657925,.9806001136289519,1.288108814921837,1.148572413741831,,.284,.1283,.1377,.1519,.1967,.25,1.3888,.3722,.634,.7954,.9961,.8557,1.294875434659597,.0006066466948284,.0195846697792717,.0226448169176752,.0725086096357104,,2.102322432724089,.2020244188738324,.3761907281924299,.6411765658526131,.7962080440914036,,.3468,.1127,.1105,.1395,.24,.0625,1.8388,.3085,.4943,.5451,.9376,.8444,342197,1010,2026,545.6385844748859,11013.68173515982,6871.480251141553,3627.792808219178,14495.45753424658,,1000000
1010,.0315,.035102587,.5179,.43439999,25941000,.0933,.0372179576645732,.3515019684948767,.0004578365232152,.0352347761536429,.015839568098456,.0366112803973355,,1.825431807312198,.2911868894657925,.9806001136289519,1.288108814921837,1.148572413741831,,.2518,.0842,.0903,.09,.1561,.25,1.1291,.355,.4486,.4442,.7045,.8557,1.294875434659597,.0006066466948284,.0195846697792717,.0226448169176752,.0725086096357104,,2.102322432724089,.2020244188738324,.3761907281924299,.6411765658526131,.7962080440914036,,.3289,.1127,.1045,.1032,.2054,.0625,1.2433,.3085,.385,.361,.7,.8444,342197,1010,2027,545.6385844748859,11013.68173515982,6871.480251141553,3627.792808219178,14495.45753424658,,1000000
1012,.0488,.048379581,.57,.48789999,22775000,.0872,.0070438036539732,.0319351633303094,.0015527507709548,.0140617071169028,.2022755290415305,.0219448063105475,,.5334021502429871,.102974149919504,.2876890530427719,.2809751028347707,.6283877440065638,,.0682,.0068,.0208,.0314,.1013,,1.1824,.3062,.404,.4501,.9838,,.0594329420906916,.0006812811418726,.0282080220341428,.3397426575354348,.0351784414491159,,.4283529761958307,.0543217844060382,.1364937660221413,.1448927397722768,.4417917455184835,,.0477,.0041,.0137,.0357,.1659,,1.4996,.3846,.5397,.6677999999999999,1.4476,,83713,1012,2025,659.8808219178082,2811.478310502283,1075.762328767123,294.8383561643836,4251.648287671233,,1000000
1012,.0488,.048379581,.57,.48789999,22775000,.0872,.0070438036539732,.0319351633303094,.0015527507709548,.0140617071169028,.2022755290415305,.0219448063105475,,.5334021502429871,.102974149919504,.2876890530427719,.2809751028347707,.6283877440065638,,.0682,.0068,.0208,.0314,.1013,,1.1824,.3062,.404,.4501,.9838,,.0594329420906916,.0006812811418726,.0282080220341428,.3397426575354348,.0351784414491159,,.4283529761958307,.0543217844060382,.1364937660221413,.1448927397722768,.4417917455184835,,.0477,.0041,.0137,.0357,.1659,,1.4996,.3846,.5397,.6677999999999999,1.4476,,83713,1012,2026,659.8808219178082,2811.478310502283,1075.762328767123,294.8383561643836,4251.648287671233,,1000000
1012,.0488,.048379581,.57,.48789999,22775000,.0872,.0070438036539732,.0319351633303094,.0015527507709548,.0140617071169028,.2022755290415305,.0219448063105475,,.5334021502429871,.102974149919504,.2876890530427719,.2809751028347707,.6283877440065638,,.0682,.0068,.0208,.0314,.1013,,1.1824,.3062,.404,.4501,.9838,,.0594329420906916,.0006812811418726,.0282080220341428,.3397426575354348,.0351784414491159,,.4283529761958307,.0543217844060382,.1364937660221413,.1448927397722768,.4417917455184835,,.0477,.0041,.0137,.0357,.1659,,1.4996,.3846,.5397,.6677999999999999,1.4476,,83713,1012,2027,659.8808219178082,2811.478310502283,1075.762328767123,294.8383561643836,4251.648287671233,,1000000
3009,.0367,.033240572,.575,.41999999,65662000,.1398,.0653930290214379,.4501488792006127,.2837548815600699,.3541694328479715,.2920984812396257,.3710904726672043,,1.80764480677208,.3621488956761283,.4613547828214394,.3909615822078373,.978229979853234,,.2964,.171,.0779,.141,.2418,,1.5496,.6217,.6958,.8953,1.245,,.7724255221032569,.0771731535565772,.0755085332542943,.2035611412978053,.3212554795137134,,1.248979680585564,.2084172028533015,.3211112947834902,.3584917648892129,.7540033661481966,,.4009,.1957,.0843,.0924,.2805,,1.4888,.4661,.4708,.6932,1.0685,,625621,3009,2025,1579.841095890411,14643.15684931507,10159.70856164384,3279.418378995434,30518.05936073059,,1000000
3009,.0367,.033240572,.575,.41999999,65662000,.1398,.0653930290214379,.4501488792006127,.2837548815600699,.3541694328479715,.2920984812396257,.3710904726672043,,1.80764480677208,.3621488956761283,.4613547828214394,.3909615822078373,.978229979853234,,.2884,.1475,.0779,.1346,.2253,,1.4069,.5491,.6358,.7363,1.048,,.7724255221032569,.0771731535565772,.0755085332542943,.2035611412978053,.3212554795137134,,1.248979680585564,.2084172028533015,.3211112947834902,.3584917648892129,.7540033661481966,,.4009,.1957,.0843,.0924,.2805,,1.4639,.4661,.4708,.6083,.9852,,625621,3009,2026,1579.841095890411,14643.15684931507,10159.70856164384,3279.418378995434,30518.05936073059,,1000000
3009,.0367,.033240572,.575,.41999999,65662000,.1398,.0653930290214379,.4501488792006127,.2837548815600699,.3541694328479715,.2920984812396257,.3710904726672043,,1.80764480677208,.3621488956761283,.4613547828214394,.3909615822078373,.978229979853234,,.2805,.1239,.0779,.1283,.2089,,1.2643,.4765,.5758,.5772,.8509,,.7724255221032569,.0771731535565772,.0755085332542943,.2035611412978053,.3212554795137134,,1.248979680585564,.2084172028533015,.3211112947834902,.3584917648892129,.7540033661481966,,.4009,.1957,.0843,.0924,.2805,,1.4389,.4661,.4708,.5233,.902,,625621,3009,2027,1579.841095890411,14643.15684931507,10159.70856164384,3279.418378995434,30518.05936073059,,1000000
3015,.034,.035242833,.3169,.333,47791000,.0368,.0207596269114938,0,.0101844688595358,.0091755858132224,.0192041776760523,.0285875932854209,,1.178474521997792,.6125927181489003,.4376198393592614,.4304441020370664,.8456872851981344,,.0477,.0286,.0132,.0192,.0387,,1.1892,.4607,.2592,.2686,.6615,,0,.0555254515915411,.0200614078952356,.0351738367456578,.0490449693622466,,1.123153104661908,.3020010550475785,.4747439843880246,.259703428986475,.603689048864964,,.0657,.086,.019,.03,.0448,,1.1034,.4622,.2014,.1823,.6288,,723523,3015,2025,108.3753424657534,10022.70365296804,18637.60662100456,5520.274315068493,26733.51324200913,,1000000
3015,.034,.035242833,.3169,.333,47791000,.0368,.0207596269114938,0,.0101844688595358,.0091755858132224,.0192041776760523,.0285875932854209,,1.178474521997792,.6125927181489003,.4376198393592614,.4304441020370664,.8456872851981344,,.0477,.0286,.0132,.0192,.0387,,1.1892,.4452,.2592,.2686,.6615,,0,.0555254515915411,.0200614078952356,.0351738367456578,.0490449693622466,,1.123153104661908,.3020010550475785,.4747439843880246,.259703428986475,.603689048864964,,.0657,.086,.019,.03,.0448,,1.1034,.4436,.2014,.1823,.6288,,723523,3015,2026,108.3753424657534,10022.70365296804,18637.60662100456,5520.274315068493,26733.51324200913,,1000000
3015,.034,.035242833,.3169,.333,47791000,.0368,.0207596269114938,0,.0101844688595358,.0091755858132224,.0192041776760523,.0285875932854209,,1.178474521997792,.6125927181489003,.4376198393592614,.4304441020370664,.8456872851981344,,.0477,.0286,.0132,.0192,.0387,,1.1892,.4297,.2592,.2686,.6615,,0,.0555254515915411,.0200614078952356,.0351738367456578,.0490449693622466,,1.123153104661908,.3020010550475785,.4747439843880246,.259703428986475,.603689048864964,,.0657,.086,.019,.03,.0448,,1.1034,.425,.2014,.1823,.6288,,723523,3015,2027,108.3753424657534,10022.70365296804,18637.60662100456,5520.274315068493,26733.51324200913,,1000000
3016,.0273,.040056303,.4167,.38100001,13445000,.0297,0,.0190370609349348,0,0,.0008765647547218,.0154979269252277,,1.887075873329568,1.13313221452035,1.462110954896622,1.332912896209046,1.10009253216552,,.344,.0037,.0563,.0896,.1192,,1.317,.0603,.3958,.4732,.7831,,.0285555914024022,0,0,.0013148471320827,.0215527704122228,,.8766810464867343,.2314410436050038,.3596219619405182,.3017777611419541,.3882045196921524,,.4053,.0053,.0353,.0402,.1304,,1.3799,.0561,.4141,.4902,.9486,,74595,3016,2025,382.8509132420091,2606.91598173516,1383.652853881279,513.8885844748859,3370.542123287671,,1000000
3016,.0273,.040056303,.4167,.38100001,13445000,.0297,0,.0190370609349348,0,0,.0008765647547218,.0154979269252277,,1.887075873329568,1.13313221452035,1.462110954896622,1.332912896209046,1.10009253216552,,.3359,.0037,.0563,.0896,.1192,,1.317,.0603,.3958,.4732,.7831,,.0285555914024022,0,0,.0013148471320827,.0215527704122228,,.8766810464867343,.2314410436050038,.3596219619405182,.3017777611419541,.3882045196921524,,.4053,.0053,.0353,.0402,.1304,,1.3799,.0561,.4141,.4902,.9486,,74595,3016,2026,382.8509132420091,2606.91598173516,1383.652853881279,513.8885844748859,3370.542123287671,,1000000
3016,.0273,.040056303,.4167,.38100001,13445000,.0297,0,.0190370609349348,0,0,.0008765647547218,.0154979269252277,,1.887075873329568,1.13313221452035,1.462110954896622,1.332912896209046,1.10009253216552,,.3277,.0037,.0563,.0896,.1192,,1.317,.0603,.3958,.4732,.7831,,.0285555914024022,0,0,.0013148471320827,.0215527704122228,,.8766810464867343,.2314410436050038,.3596219619405182,.3017777611419541,.3882045196921524,,.4053,.0053,.0353,.0402,.1304,,1.3799,.0561,.4141,.4902,.9486,,74595,3016,2027,382.8509132420091,2606.91598173516,1383.652853881279,513.8885844748859,3370.542123287671,,1000000
3019,.0338,.039425947,.5253,.44580001,31357000,.0001,0,.0197449657378077,.003842240310026,.0221807473581712,.0225662833670631,.0684775891419664,,.0052241126505113,.0024676024956679,.057557629667183,.0293487213041907,.1025020045535932,,.0125,.0045,.0093,.01,.0071,,.3126,.2897,.2677,.2851,.2804,,.040667677820897,.0091850759604108,.0263483653876938,.0342835884384199,.1017058981885932,,.0081844431524678,.0037325054870763,.0718292433009622,.042272644798858,.1783031318534839,,.0232,.0328,.0226,.0231,.0191,,.2816,.1785,.2391,.1822,.2262,,254680,3019,2025,1101.714269406393,4257.825570776256,9088.839840182649,1035.796917808219,12051.89817351598,,1000000
3019,.0338,.039425947,.5253,.44580001,31357000,.0001,0,.0197449657378077,.003842240310026,.0221807473581712,.0225662833670631,.0684775891419664,,.0052241126505113,.0024676024956679,.057557629667183,.0293487213041907,.1025020045535932,,.0125,.0045,.0093,.01,.0071,,.3126,.2897,.2677,.2851,.2804,,.040667677820897,.0091850759604108,.0263483653876938,.0342835884384199,.1017058981885932,,.0081844431524678,.0037325054870763,.0718292433009622,.042272644798858,.1783031318534839,,.0232,.0328,.0226,.0231,.0191,,.2816,.1785,.2391,.1822,.2262,,254680,3019,2026,1101.714269406393,4257.825570776256,9088.839840182649,1035.796917808219,12051.89817351598,,1000000
3019,.0338,.039425947,.5253,.44580001,31357000,.0001,0,.0197449657378077,.003842240310026,.0221807473581712,.0225662833670631,.0684775891419664,,.0052241126505113,.0024676024956679,.057557629667183,.0293487213041907,.1025020045535932,,.0125,.0045,.0093,.01,.0071,,.3126,.2897,.2677,.2851,.2804,,.040667677820897,.0091850759604108,.0263483653876938,.0342835884384199,.1017058981885932,,.0081844431524678,.0037325054870763,.0718292433009622,.042272644798858,.1783031318534839,,.0232,.0328,.0226,.0231,.0191,,.2816,.1785,.2391,.1822,.2262,,254680,3019,2027,1101.714269406393,4257.825570776256,9088.839840182649,1035.796917808219,12051.89817351598,,1000000
3028,.038,.035012607,.5343,.42899999,2514194944,.0754,.0564058456414959,.3474520826043641,.1548669771874174,.1784289789018088,.2037816196253187,.3431565995552368,.055684684454707,1.307757311358764,.4416448361966286,.5879018735051489,.5949778322917906,1.000570842918111,.1612884890146364,.3194,.1336,.1144,.1398,.2288,.0253,1.4161,.5185999999999999,.6203,.6374,1.031,.2977,.8506900625472468,.5340035441175383,.4079534207145247,.2727159706527583,.680441890709102,.062115237768708,1.917647658999162,.5949075589091859,.6623155120460291,.6582884856054156,1.238116222108576,.0389784227509529,.6663,.4399,.2225,.2299,.3942,.7578,2.1103,.7114,.7366,.7518,1.4329,.2551,17112350,3028,2025,39415.11210045662,401577.2904109589,475174.8964611872,152535.9628995434,777519.7914383562,30721.60616438356,1000000
3028,.038,.035012607,.5343,.42899999,2514194944,.0754,.0564058456414959,.3474520826043641,.1548669771874174,.1784289789018088,.2037816196253187,.3431565995552368,.055684684454707,1.307757311358764,.4416448361966286,.5879018735051489,.5949778322917906,1.000570842918111,.1612884890146364,.2985,.1268,.1143,.1321,.2163,.0253,1.3335,.4915,.5917,.6007,.9337,.2977,.8506900625472468,.5340035441175383,.4079534207145247,.2727159706527583,.680441890709102,.062115237768708,1.917647658999162,.5949075589091859,.6623155120460291,.6582884856054156,1.238116222108576,.0389784227509529,.5397999999999999,.3208,.193,.1887,.3357,.7578,1.7649,.5864,.6248,.6294999999999999,1.1575,.2551,17112350,3028,2026,39415.11210045662,401577.2904109589,475174.8964611872,152535.9628995434,777519.7914383562,30721.60616438356,1000000
3028,.038,.035012607,.5343,.42899999,2514194944,.0754,.0564058456414959,.3474520826043641,.1548669771874174,.1784289789018088,.2037816196253187,.3431565995552368,.055684684454707,1.307757311358764,.4416448361966286,.5879018735051489,.5949778322917906,1.000570842918111,.1612884890146364,.2776,.12,.1142,.1245,.2038,.0253,1.2509,.4645,.5632,.5639999999999999,.8364,.2977,.8506900625472468,.5340035441175383,.4079534207145247,.2727159706527583,.680441890709102,.062115237768708,1.917647658999162,.5949075589091859,.6623155120460291,.6582884856054156,1.238116222108576,.0389784227509529,.4132,.2016,.1634,.1475,.2773,.7578,1.4196,.4615,.5131,.5073,.882,.2551,17112350,3028,2027,39415.11210045662,401577.2904109589,475174.8964611872,152535.9628995434,777519.7914383562,30721.60616438356,1000000
3030,.038,.045151867,.5262,.44279999,1818567040,.0946,.0796919123722988,.491684894322054,.175206174609997,.3336858614065806,.3225274640934522,.5015920865565553,.1030782990782047,1.524940683082334,.6290195124116275,.6483702043456406,.6633983355485533,1.235506982156693,.9416549983339594,.2058,.0789,.1008,.1115,.1936,.081,1.5511,.5346,.6268,.6534,1.0765,.4681,.6069621571513768,.1692452512963331,.2670189212509446,.3055079246260893,.5296079780759408,.0867575683908223,2.229879025765834,.5045719366935407,.7239316690624678,.6847479857350298,1.488235684845333,.2951053482025204,.4599,.2159,.1894,.2009,.3648,.0575,2.2674,.8863,.8196,.8803,1.9951,.4029,14210863,3030,2025,29290.46484018265,271182.9493150685,439894.5843607306,135931.0541095891,685018.3849315068,9438.476027397261,1000000
3030,.038,.045151867,.5262,.44279999,1818567040,.0946,.0796919123722988,.491684894322054,.175206174609997,.3336858614065806,.3225274640934522,.5015920865565553,.1030782990782047,1.524940683082334,.6290195124116275,.6483702043456406,.6633983355485533,1.235506982156693,.9416549983339594,.2058,.0789,.1008,.1115,.1936,.081,1.4042,.5024,.5981,.6119,.96,.4681,.6069621571513768,.1692452512963331,.2670189212509446,.3055079246260893,.5296079780759408,.0867575683908223,2.229879025765834,.5045719366935407,.7239316690624678,.6847479857350298,1.488235684845333,.2951053482025204,.4388,.211,.1779,.1753,.3228,.0575,1.8482,.677,.6698,.6977,1.4434,.4029,14210863,3030,2026,29290.46484018265,271182.9493150685,439894.5843607306,135931.0541095891,685018.3849315068,9438.476027397261,1000000
3030,.038,.045151867,.5262,.44279999,1818567040,.0946,.0796919123722988,.491684894322054,.175206174609997,.3336858614065806,.3225274640934522,.5015920865565553,.1030782990782047,1.524940683082334,.6290195124116275,.6483702043456406,.6633983355485533,1.235506982156693,.9416549983339594,.2058,.0789,.1008,.1115,.1936,.081,1.2574,.4703,.5693,.5704,.8435,.4681,.6069621571513768,.1692452512963331,.2670189212509446,.3055079246260893,.5296079780759408,.0867575683908223,2.229879025765834,.5045719366935407,.7239316690624678,.6847479857350298,1.488235684845333,.2951053482025204,.4177,.2061,.1663,.1496,.2808,.0575,1.429,.4676,.5199,.5151,.8917,.4029,14210863,3030,2027,29290.46484018265,271182.9493150685,439894.5843607306,135931.0541095891,685018.3849315068,9438.476027397261,1000000
3035,.0312,.032627076,.5414,.46290001,1519741056,.0721,.0684521858147426,.1508138674614868,.0509003508725169,.072264206113309,.0807707247323292,.2004558344581037,0,2.548709869164746,.6025939235312079,.500368899020541,.7552060438720949,1.273257138093561,.013156715799339,.1689,.0495,.0534,.0741,.1483,.0019,1.631,.5581,.4962,.6189,.9766,.0889,.335823806341928,.0665261269695604,.1086875220437064,.1395765566125022,.4286003016910138,0,3.533963740643984,.7332315994850708,.5105691608739971,.790890667325485,1.358342697551687,.0063162215944842,.291,.1095,.0876,.1117,.241,.001,2.0265,.5986,.5439000000000001,.6763,1.1654,.0271,16276543,3035,2025,10098.25547945205,167922.1229452055,607373.9252283105,106356.5052511416,584203.3617579909,40622.28219178083,1000000
3035,.0312,.032627076,.5414,.46290001,1519741056,.0721,.0684521858147426,.1508138674614868,.0509003508725169,.072264206113309,.0807707247323292,.2004558344581037,0,2.548709869164746,.6025939235312079,.500368899020541,.7552060438720949,1.273257138093561,.013156715799339,.1689,.0495,.0534,.0741,.1468,.0019,1.3666,.4444,.4597,.5183,.8259,.0889,.335823806341928,.0665261269695604,.1086875220437064,.1395765566125022,.4286003016910138,0,3.533963740643984,.7332315994850708,.5105691608739971,.790890667325485,1.358342697551687,.0063162215944842,.291,.1052,.0876,.1018,.2142,.001,1.6154,.4598,.4503,.5024999999999999,.9125,.0271,16276543,3035,2026,10098.25547945205,167922.1229452055,607373.9252283105,106356.5052511416,584203.3617579909,40622.28219178083,1000000
3035,.0312,.032627076,.5414,.46290001,1519741056,.0721,.0684521858147426,.1508138674614868,.0509003508725169,.072264206113309,.0807707247323292,.2004558344581037,0,2.548709869164746,.6025939235312079,.500368899020541,.7552060438720949,1.273257138093561,.013156715799339,.1689,.0495,.0534,.0741,.1453,.0019,1.1022,.3307,.4233,.4177,.6752,.0889,.335823806341928,.0665261269695604,.1086875220437064,.1395765566125022,.4286003016910138,0,3.533963740643984,.7332315994850708,.5105691608739971,.790890667325485,1.358342697551687,.0063162215944842,.291,.1009,.0876,.0919,.1875,.001,1.2043,.3211,.3566,.3287,.6596,.0271,16276543,3035,2027,10098.25547945205,167922.1229452055,607373.9252283105,106356.5052511416,584203.3617579909,40622.28219178083,1000000
3038,.0298,.02853298,.609,.5517,30770000,.027,.0477008286462582,.0678222192285376,.0063070405773394,.0075083230047686,.0066166408804178,.0628873358615382,,1.90510670062562,.0671913335040728,.0990577596692412,.1640310531456275,.8046380362499554,,.3612,.1707,.1779,.1877,.2738,,.9122,.1486,.3087,.2613,.5951,,.1010435379379735,.0060438770671128,.0058469070858255,.0047653539615379,.0675010504314708,,2.720464807870297,.0708462749336412,.1399690722635484,.2241536969018959,1.204127973558305,,.5625,.0793,.1174,.1617,.3082,,1.0144,.129,.2934,.2373,.5825,,442155,3038,2025,2620.093721461187,18577.52089041096,11223.60262557078,2873.48002283105,13625.06358447489,,1000000
3038,.0298,.02853298,.609,.5517,30770000,.027,.0477008286462582,.0678222192285376,.0063070405773394,.0075083230047686,.0066166408804178,.0628873358615382,,1.90510670062562,.0671913335040728,.0990577596692412,.1640310531456275,.8046380362499554,,.3125,.1358,.1397,.147,.2262,,.9122,.1486,.3087,.2613,.5951,,.1010435379379735,.0060438770671128,.0058469070858255,.0047653539615379,.0675010504314708,,2.720464807870297,.0708462749336412,.1399690722635484,.2241536969018959,1.204127973558305,,.4654,.0793,.1174,.1434,.2744,,1.0144,.129,.2934,.2373,.5825,,442155,3038,2026,2620.093721461187,18577.52089041096,11223.60262557078,2873.48002283105,13625.06358447489,,1000000
3038,.0298,.02853298,.609,.5517,30770000,.027,.0477008286462582,.0678222192285376,.0063070405773394,.0075083230047686,.0066166408804178,.0628873358615382,,1.90510670062562,.0671913335040728,.0990577596692412,.1640310531456275,.8046380362499554,,.2639,.101,.1015,.1062,.1786,,.9122,.1486,.3087,.2613,.5951,,.1010435379379735,.0060438770671128,.0058469070858255,.0047653539615379,.0675010504314708,,2.720464807870297,.0708462749336412,.1399690722635484,.2241536969018959,1.204127973558305,,.3682,.0793,.1174,.1251,.2406,,1.0144,.129,.2934,.2373,.5825,,442155,3038,2027,2620.093721461187,18577.52089041096,11223.60262557078,2873.48002283105,13625.06358447489,,1000000
3041,.0335,.022290004,.5022,.43900001,8855000,0,0,0,.0028125234389772,.0961339213959509,.2132974105432855,.1545287363444393,,0,0,0,0,.0004394734387449,,.354,.1142,.2262,.1923,.319,,.0515,.1818,.1343,.0126,.0159,,0,.0112500937559088,.2895245210562029,.1142506536388107,.488151846793912,,0,0,0,0,.0011175113753339,,.379,.0161,.0586,.08,.2069,,.03,.1643,.1251,.0108,.0134,,51144,3041,2025,7.925684931506849,1855.286415525114,948.8630136986301,455.7381278538813,2439.095776255708,,1000000
3041,.0335,.022290004,.5022,.43900001,8855000,0,0,0,.0028125234389772,.0961339213959509,.2132974105432855,.1545287363444393,,0,0,0,0,.0004394734387449,,.296,.0896,.1519,.1319,.2246,,.0515,.1818,.1343,.0126,.0159,,0,.0112500937559088,.2895245210562029,.1142506536388107,.488151846793912,,0,0,0,0,.0011175113753339,,.3316,.0161,.0586,.0775,.1841,,.03,.1643,.1251,.0108,.0134,,51144,3041,2026,7.925684931506849,1855.286415525114,948.8630136986301,455.7381278538813,2439.095776255708,,1000000
3041,.0335,.022290004,.5022,.43900001,8855000,0,0,0,.0028125234389772,.0961339213959509,.2132974105432855,.1545287363444393,,0,0,0,0,.0004394734387449,,.238,.0649,.0776,.0715,.1301,,.0515,.1818,.1343,.0126,.0159,,0,.0112500937559088,.2895245210562029,.1142506536388107,.488151846793912,,0,0,0,0,.0011175113753339,,.2841,.0161,.0586,.075,.1612,,.03,.1643,.1251,.0108,.0134,,51144,3041,2027,7.925684931506849,1855.286415525114,948.8630136986301,455.7381278538813,2439.095776255708,,1000000
3042,.0273,.01955351,.825,.43000001,18685000,.0002,0,.1230749035400678,.006521341517121,.0272584998074636,.0701302926611826,.1108123626690342,,.3301633216284343,.1052802550840021,.2029079119816756,.2027888213356773,.2441461317701357,,.1583,.0717,.0461,.0523,.0947,,.4206,.351,.2733,.1366,.3984,,.2461498070801356,.0501953180194309,.1263324396390558,.3585407402557692,.2996043414311598,,.6047825607943703,.2416983666550744,.3525864689314409,.369516400028396,.4051262406032335,,.2826,.1487,.088,.0972,.1874,,.7076,.4006,.3413,.1584,.4938,,146879,3042,2025,146.0965753424657,7057.071803652968,4431.352054794521,910.1568493150685,3894.524086757991,,1000000
3042,.0273,.01955351,.825,.43000001,18685000,.0002,0,.1230749035400678,.006521341517121,.0272584998074636,.0701302926611826,.1108123626690342,,.3301633216284343,.1052802550840021,.2029079119816756,.2027888213356773,.2441461317701357,,.1583,.0683,.0461,.0523,.0947,,.4206,.3238,.2733,.1366,.3984,,.2461498070801356,.0501953180194309,.1263324396390558,.3585407402557692,.2996043414311598,,.6047825607943703,.2416983666550744,.3525864689314409,.369516400028396,.4051262406032335,,.2826,.112,.0785,.086,.1742,,.7076,.343,.329,.1584,.4938,,146879,3042,2026,146.0965753424657,7057.071803652968,4431.352054794521,910.1568493150685,3894.524086757991,,1000000
3042,.0273,.01955351,.825,.43000001,18685000,.0002,0,.1230749035400678,.006521341517121,.0272584998074636,.0701302926611826,.1108123626690342,,.3301633216284343,.1052802550840021,.2029079119816756,.2027888213356773,.2441461317701357,,.1583,.0648,.0461,.0523,.0947,,.4206,.2967,.2733,.1366,.3984,,.2461498070801356,.0501953180194309,.1263324396390558,.3585407402557692,.2996043414311598,,.6047825607943703,.2416983666550744,.3525864689314409,.369516400028396,.4051262406032335,,.2826,.0753,.069,.0749,.1611,,.7076,.2853,.3168,.1584,.4938,,146879,3042,2027,146.0965753424657,7057.071803652968,4431.352054794521,910.1568493150685,3894.524086757991,,1000000
3043,.0398,.010783721,.5044999999999999,.43000001,11911000,.0198,0,.6988987821866406,.1179700854199835,.1103495092626749,.1712644477961117,.3530237838296238,,.4305068328529792,1.015173204277173,.5021691457210586,.3668047662212127,.633365441645883,,.38,.2392,.2092,.2754,.3371,,1.1044,.155,.131,.179,.2959,,3.667233218332062,.6443712680700375,.5802334364060145,.8256953528841685,1.784377452691851,,.8701880956801523,.8055547576823142,.9118058153243668,.4778946964254596,1.004128635148803,,1.0223,.3756,.3351,.5422,.6618000000000001,,1.4356,.1046,.1294,.1863,.3745,,64449,3043,2025,303.1202054794521,584.2205479452055,2832.007305936073,607.0114155251141,2495.714497716895,,1000000
3043,.0398,.010783721,.5044999999999999,.43000001,11911000,.0198,0,.6988987821866406,.1179700854199835,.1103495092626749,.1712644477961117,.3530237838296238,,.4305068328529792,1.015173204277173,.5021691457210586,.3668047662212127,.633365441645883,,.3241,.1731,.1573,.1937,.2618,,1.1044,.155,.131,.179,.2959,,3.667233218332062,.6443712680700375,.5802334364060145,.8256953528841685,1.784377452691851,,.8701880956801523,.8055547576823142,.9118058153243668,.4778946964254596,1.004128635148803,,.7023,.2735,.239,.3373,.4572,,1.3953,.1046,.1294,.1863,.3745,,64449,3043,2026,303.1202054794521,584.2205479452055,2832.007305936073,607.0114155251141,2495.714497716895,,1000000
3043,.0398,.010783721,.5044999999999999,.43000001,11911000,.0198,0,.6988987821866406,.1179700854199835,.1103495092626749,.1712644477961117,.3530237838296238,,.4305068328529792,1.015173204277173,.5021691457210586,.3668047662212127,.633365441645883,,.2682,.107,.1055,.1119,.1865,,1.1044,.155,.131,.179,.2959,,3.667233218332062,.6443712680700375,.5802334364060145,.8256953528841685,1.784377452691851,,.8701880956801523,.8055547576823142,.9118058153243668,.4778946964254596,1.004128635148803,,.3823,.1714,.1429,.1324,.2525,,1.355,.1046,.1294,.1863,.3745,,64449,3043,2027,303.1202054794521,584.2205479452055,2832.007305936073,607.0114155251141,2495.714497716895,,1000000
3044,.0336,.028300855,.5258,.4526,20411000,.0137,0,1.037983306317501,1.000926150230498,1.013444742178423,1.01615639584827,1.030764222245136,,.1538337453870285,.0020497481367047,.0052440856837396,.0070339067392205,.0277996867478905,,.1382,.0035,.0188,.0264,.0464,,1.0502,.0352,.079,.1789,.3335,,.3310858342920343,.3002679168070466,.3256224995852073,.3065129993631097,.3325894521594185,,.166563497081944,.0024989166728297,.0053251701669116,.007192269644667,.0331598303404162,,.1441,.0033,.0156,.0231,.0441,,1.1475,.0428,.0945,.2692,.416,,182892,3044,2025,901.5796803652968,6945.947488584475,5029.23595890411,1226.170890410959,6092.879337899543,,1000000
3044,.0336,.028300855,.5258,.4526,20411000,.0137,0,1.037983306317501,1.000926150230498,1.013444742178423,1.01615639584827,1.030764222245136,,.1538337453870285,.0020497481367047,.0052440856837396,.0070339067392205,.0277996867478905,,.1382,.0035,.0188,.0264,.0464,,1.0502,.0352,.079,.1789,.3335,,.3310858342920343,.3002679168070466,.3256224995852073,.3065129993631097,.3325894521594185,,.166563497081944,.0024989166728297,.0053251701669116,.007192269644667,.0331598303404162,,.1441,.0033,.0156,.0231,.0441,,1.1475,.0428,.0945,.2692,.416,,182892,3044,2026,901.5796803652968,6945.947488584475,5029.23595890411,1226.170890410959,6092.879337899543,,1000000
3044,.0336,.028300855,.5258,.4526,20411000,.0137,0,1.037983306317501,1.000926150230498,1.013444742178423,1.01615639584827,1.030764222245136,,.1538337453870285,.0020497481367047,.0052440856837396,.0070339067392205,.0277996867478905,,.1382,.0035,.0188,.0264,.0464,,1.0502,.0352,.079,.1789,.3335,,.3310858342920343,.3002679168070466,.3256224995852073,.3065129993631097,.3325894521594185,,.166563497081944,.0024989166728297,.0053251701669116,.007192269644667,.0331598303404162,,.1441,.0033,.0156,.0231,.0441,,1.1475,.0428,.0945,.2692,.416,,182892,3044,2027,901.5796803652968,6945.947488584475,5029.23595890411,1226.170890410959,6092.879337899543,,1000000
3046,.0391,.038973641,.4365,.39050001,31972000,.0566,.0538245995566894,1.023468382362503,.1550212171156422,.244233742284389,.2949006106669419,.9185570653762087,,1.753945090131048,.6782192859227431,.4825410823986403,.6235353051275005,1.286598073584121,,.4108,.0497,.1103,.1078,.2766,,1.3194,.5078,.5977,.5172,.9157,,3.366292381831683,.6078815076127208,.9183281027976534,1.130713865077235,3.511731386963722,,2.303971861201222,.4939801752952717,.6804376224733847,.7418959288208146,1.74526938600815,,1.1222,.2241,.2507,.3095,.6854,,1.6777,.5203,.6307,.5381,1.1922,,486380,3046,2025,570.611301369863,9620.09794520548,11552.0703196347,4250.947716894977,26164.80319634703,,1000000
3046,.0391,.038973641,.4365,.39050001,31972000,.0566,.0538245995566894,1.023468382362503,.1550212171156422,.244233742284389,.2949006106669419,.9185570653762087,,1.753945090131048,.6782192859227431,.4825410823986403,.6235353051275005,1.286598073584121,,.3446,.0497,.1103,.1078,.2409,,1.2868,.4877,.5821,.5172,.8779,,3.366292381831683,.6078815076127208,.9183281027976534,1.130713865077235,3.511731386963722,,2.303971861201222,.4939801752952717,.6804376224733847,.7418959288208146,1.74526938600815,,.7689,.214,.2078,.229,.4823,,1.5511,.4925,.5737,.5247000000000001,1.0397,,486380,3046,2026,570.611301369863,9620.09794520548,11552.0703196347,4250.947716894977,26164.80319634703,,1000000
3046,.0391,.038973641,.4365,.39050001,31972000,.0566,.0538245995566894,1.023468382362503,.1550212171156422,.244233742284389,.2949006106669419,.9185570653762087,,1.753945090131048,.6782192859227431,.4825410823986403,.6235353051275005,1.286598073584121,,.2783,.0497,.1103,.1078,.2051,,1.2543,.4675,.5664,.5172,.8401,,3.366292381831683,.6078815076127208,.9183281027976534,1.130713865077235,3.511731386963722,,2.303971861201222,.4939801752952717,.6804376224733847,.7418959288208146,1.74526938600815,,.4156,.2039,.1649,.1486,.2791,,1.4245,.4647,.5165999999999999,.5113,.8871,,486380,3046,2027,570.611301369863,9620.09794520548,11552.0703196347,4250.947716894977,26164.80319634703,,1000000
3047,.0349,.033533446,.5758,.51700002,16211000,0,0,,.3501400251267896,.4153790425609794,.3594073560535894,.1992837240582635,,,1.032508965599829,1.101258231708394,1.016868042929777,1.171966468638626,,.2296,.0429,.0332,.0116,.0332,,1.0253,.1977,.0833,.0227,.0584,,,.095930942121547,.1353847830003097,.1189696106828155,.6022006888905753,,,1.433234892938027,1.945949968817143,1.591610007033305,2.253167187833057,,.2569,.1196,.0331,.0373,.0241,,1.093,.3284,.158,.0404,.1096,,96113,3047,2025,,869.3808219178082,4686.171803652968,1805.337557077626,3230.847146118721,,1000000
3047,.0349,.033533446,.5758,.51700002,16211000,0,0,,.3501400251267896,.4153790425609794,.3594073560535894,.1992837240582635,,,1.032508965599829,1.101258231708394,1.016868042929777,1.171966468638626,,.2296,.0429,.0332,.0116,.0332,,1.0253,.1977,.0833,.0227,.0584,,,.095930942121547,.1353847830003097,.1189696106828155,.6022006888905753,,,1.433234892938027,1.945949968817143,1.591610007033305,2.253167187833057,,.2569,.0842,.0331,.0373,.0241,,1.093,.2884,.158,.0404,.1096,,96113,3047,2026,,869.3808219178082,4686.171803652968,1805.337557077626,3230.847146118721,,1000000
3047,.0349,.033533446,.5758,.51700002,16211000,0,0,,.3501400251267896,.4153790425609794,.3594073560535894,.1992837240582635,,,1.032508965599829,1.101258231708394,1.016868042929777,1.171966468638626,,.2296,.0429,.0332,.0116,.0332,,1.0253,.1977,.0833,.0227,.0584,,,.095930942121547,.1353847830003097,.1189696106828155,.6022006888905753,,,1.433234892938027,1.945949968817143,1.591610007033305,2.253167187833057,,.2569,.0488,.0331,.0373,.0241,,1.093,.2485,.158,.0404,.1096,,96113,3047,2027,,869.3808219178082,4686.171803652968,1805.337557077626,3230.847146118721,,1000000
3048,.0401,.04338222,.458,.36399999,28441000,.0232,0,.2233872956988725,.0253090110629964,.2372805508279759,.1166584585077566,.2006528960102509,,.1698645275946122,.0191242923687717,.201405259621609,.1954123023285144,.2229172001953089,,.0471,.0051,.0145,.0161,.0325,,1.0334,.4768,.7838000000000001,.7242,.8565,,.0986504018852839,.0131111419922794,.1005375831986001,.0281898488347417,.096996460165941,,.1683039340409624,.016905904679666,.219419342629485,.3000065877982712,.2016835554366847,,.0372,.0029,.0168,.0103,.0332,,.8328,.2293,.5546,.5335,.5514,,205983,3048,2025,1175.490867579909,3134.714726027397,4264.16598173516,608.2228310502284,13207.29600456621,,1000000
3048,.0401,.04338222,.458,.36399999,28441000,.0232,0,.2233872956988725,.0253090110629964,.2372805508279759,.1166584585077566,.2006528960102509,,.1698645275946122,.0191242923687717,.201405259621609,.1954123023285144,.2229172001953089,,.0471,.0051,.0145,.0161,.0325,,1.0334,.4549,.657,.6268,.8275,,.0986504018852839,.0131111419922794,.1005375831986001,.0281898488347417,.096996460165941,,.1683039340409624,.016905904679666,.219419342629485,.3000065877982712,.2016835554366847,,.0372,.0029,.0168,.0103,.0332,,.8328,.2293,.5154,.4993,.5514,,205983,3048,2026,1175.490867579909,3134.714726027397,4264.16598173516,608.2228310502284,13207.29600456621,,1000000
3048,.0401,.04338222,.458,.36399999,28441000,.0232,0,.2233872956988725,.0253090110629964,.2372805508279759,.1166584585077566,.2006528960102509,,.1698645275946122,.0191242923687717,.201405259621609,.1954123023285144,.2229172001953089,,.0471,.0051,.0145,.0161,.0325,,1.0334,.4329,.5302,.5295,.7984,,.0986504018852839,.0131111419922794,.1005375831986001,.0281898488347417,.096996460165941,,.1683039340409624,.016905904679666,.219419342629485,.3000065877982712,.2016835554366847,,.0372,.0029,.0168,.0103,.0332,,.8328,.2293,.4761,.4651,.5514,,205983,3048,2027,1175.490867579909,3134.714726027397,4264.16598173516,608.2228310502284,13207.29600456621,,1000000
3049,.0355,.033670243,.5476,.458,18492000,.0051,.1095235016486714,1.031037261385424,.7207355646828196,.5956041921734343,.6435416579271529,.4509184100849779,,3.286402027859766,.5353706309785494,.6469829216894805,.4489687055476533,1.340242444494503,,.0853,.0109,.0101,.0056,.0374,,.7285,.345,.4208,.4474,.6122,,.2422408639198896,.1755783456451026,.1457595147253971,.1403001737097619,.1166587325099293,,3.023352266836611,.3247355361007496,.3764298282918687,.2226168774955288,1.594903576859019,,.0998,.0164,.019,.0054,.0631,,1.0915,.3785,.4045,.3589,.6803,,210839,3049,2025,127.3583333333333,1789.287899543379,9754.140867579908,1197.34703196347,9666.459589041096,,1000000
3049,.0355,.033670243,.5476,.458,18492000,.0051,.1095235016486714,1.031037261385424,.7207355646828196,.5956041921734343,.6435416579271529,.4509184100849779,,3.286402027859766,.5353706309785494,.6469829216894805,.4489687055476533,1.340242444494503,,.0853,.0109,.0101,.0056,.0374,,.7285,.316,.3992,.4087,.6122,,.2422408639198896,.1755783456451026,.1457595147253971,.1403001737097619,.1166587325099293,,3.023352266836611,.3247355361007496,.3764298282918687,.2226168774955288,1.594903576859019,,.0998,.0164,.019,.0054,.0631,,1.0915,.3268,.355,.3146,.6334,,210839,3049,2026,127.3583333333333,1789.287899543379,9754.140867579908,1197.34703196347,9666.459589041096,,1000000
3049,.0355,.033670243,.5476,.458,18492000,.0051,.1095235016486714,1.031037261385424,.7207355646828196,.5956041921734343,.6435416579271529,.4509184100849779,,3.286402027859766,.5353706309785494,.6469829216894805,.4489687055476533,1.340242444494503,,.0853,.0109,.0101,.0056,.0374,,.7285,.287,.3776,.3699,.6122,,.2422408639198896,.1755783456451026,.1457595147253971,.1403001737097619,.1166587325099293,,3.023352266836611,.3247355361007496,.3764298282918687,.2226168774955288,1.594903576859019,,.0998,.0164,.019,.0054,.0631,,1.0915,.2752,.3055,.2703,.5866,,210839,3049,2027,127.3583333333333,1789.287899543379,9754.140867579908,1197.34703196347,9666.459589041096,,1000000
3050,.0495,,.5363,,,0,0,0,0,0,0,0,,0,0,0,0,.0193301289136894,,0,0,0,0,.0053,,0,.0077,0,0,.034,,0,0,0,0,0,,0,0,0,0,.0483253222842235,,0,0,0,0,.0101,,0,.0312,0,0,.1176,,,3050,2024,2.010388127853881,8.696803652968036,24.09326484018265,27.325,222.5569634703196,,1000000
3050,.0495,,.5363,,,0,0,0,0,0,0,0,,0,0,0,0,.0193301289136894,,0,0,0,0,.0053,,0,.0077,0,0,.034,,0,0,0,0,0,,0,0,0,0,.0483253222842235,,0,0,0,0,.0101,,0,.0312,0,0,.1176,,,3050,2025,2.010388127853881,8.696803652968036,24.09326484018265,27.325,222.5569634703196,,1000000
3050,.0495,,.5363,,,0,0,0,0,0,0,0,,0,0,0,0,.0193301289136894,,0,0,0,0,.0053,,0,.0077,0,0,.034,,0,0,0,0,0,,0,0,0,0,.0483253222842235,,0,0,0,0,.0101,,0,.0312,0,0,.1176,,,3050,2026,2.010388127853881,8.696803652968036,24.09326484018265,27.325,222.5569634703196,,1000000
3050,.0495,,.5363,,,0,0,0,0,0,0,0,,0,0,0,0,.0193301289136894,,0,0,0,0,.0053,,0,.0077,0,0,.034,,0,0,0,0,0,,0,0,0,0,.0483253222842235,,0,0,0,0,.0101,,0,.0312,0,0,.1176,,,3050,2027,2.010388127853881,8.696803652968036,24.09326484018265,27.325,222.5569634703196,,1000000
3054,.0394,.031906951,.4885,.3845,7519000,.0181,.0127304653204565,0,.0018516245477851,.0464875993005828,.0095719155350068,.1649634485930397,,0,.0000222009671476,.0125905721505163,.0063050467059889,.1825985034764327,,.3229,.0179,.0375,.0146,.1451,,1.1682,.1007,.075,.1168,.3302,,0,.0022820770767002,.0534672842444811,.0186655055336792,.2102705901647392,,0,.0000222009671476,.0046645707546474,.0019965981235632,.2795033282880424,,.4251,.0239,.033,.0124,.0987,,1.9317,.1194,.0535,.0784,.4035,,60269,3054,2025,9.363470319634704,1429.449429223744,1118.870091324201,337.9368721461187,3762.418493150685,,1000000
3054,.0394,.031906951,.4885,.3845,7519000,.0181,.0127304653204565,0,.0018516245477851,.0464875993005828,.0095719155350068,.1649634485930397,,0,.0000222009671476,.0125905721505163,.0063050467059889,.1825985034764327,,.2899,.0179,.0375,.0146,.1451,,1.161,.1007,.075,.1168,.3302,,0,.0022820770767002,.0534672842444811,.0186655055336792,.2102705901647392,,0,.0000222009671476,.0046645707546474,.0019965981235632,.2795033282880424,,.3855,.0239,.033,.0124,.0987,,1.6054,.1194,.0535,.0784,.4035,,60269,3054,2026,9.363470319634704,1429.449429223744,1118.870091324201,337.9368721461187,3762.418493150685,,1000000
3054,.0394,.031906951,.4885,.3845,7519000,.0181,.0127304653204565,0,.0018516245477851,.0464875993005828,.0095719155350068,.1649634485930397,,0,.0000222009671476,.0125905721505163,.0063050467059889,.1825985034764327,,.257,.0179,.0375,.0146,.1451,,1.1538,.1007,.075,.1168,.3302,,0,.0022820770767002,.0534672842444811,.0186655055336792,.2102705901647392,,0,.0000222009671476,.0046645707546474,.0019965981235632,.2795033282880424,,.3459,.0239,.033,.0124,.0987,,1.279,.1194,.0535,.0784,.4035,,60269,3054,2027,9.363470319634704,1429.449429223744,1118.870091324201,337.9368721461187,3762.418493150685,,1000000
3056,.0324,.024817891,.5386,.47589999,37657000,.0478,.0061492210986608,.2028400118507609,.0286978776323137,.1100764588099404,.0819328955809614,.2609117104205117,,.3770008945598679,.8944834509780163,.7750054846562264,.5603806387796098,.4875806971086297,,.2781,.0337,.0831,.0618,.1061,,.8902,.5546,.6418,.6371,.805,,.5749610008331967,.0578083074547883,.3232661695630706,.2264348095386749,.7724932922972488,,.3561500151969709,.2401012785617969,.2922924367129309,.2456622042279052,.2750754323987835,,.2927,.021,.0832,.046,.1076,,.4824,.3545,.4032,.3744,.5607,,199332,3056,2025,158.7474885844749,5003.910045662101,6463.652739726027,3399.404566210046,7832.027511415525,,1000000
3056,.0324,.024817891,.5386,.47589999,37657000,.0478,.0061492210986608,.2028400118507609,.0286978776323137,.1100764588099404,.0819328955809614,.2609117104205117,,.3770008945598679,.8944834509780163,.7750054846562264,.5603806387796098,.4875806971086297,,.2573,.0337,.0796,.0618,.1061,,.8902,.4224,.5114,.5053,.7157,,.5749610008331967,.0578083074547883,.3232661695630706,.2264348095386749,.7724932922972488,,.3561500151969709,.2401012785617969,.2922924367129309,.2456622042279052,.2750754323987835,,.2858,.021,.074,.046,.1076,,.4824,.3165,.3563,.3245,.5607,,199332,3056,2026,158.7474885844749,5003.910045662101,6463.652739726027,3399.404566210046,7832.027511415525,,1000000
3056,.0324,.024817891,.5386,.47589999,37657000,.0478,.0061492210986608,.2028400118507609,.0286978776323137,.1100764588099404,.0819328955809614,.2609117104205117,,.3770008945598679,.8944834509780163,.7750054846562264,.5603806387796098,.4875806971086297,,.2364,.0337,.0762,.0618,.1061,,.8902,.2903,.381,.3735,.6263,,.5749610008331967,.0578083074547883,.3232661695630706,.2264348095386749,.7724932922972488,,.3561500151969709,.2401012785617969,.2922924367129309,.2456622042279052,.2750754323987835,,.279,.021,.0649,.046,.1076,,.4824,.2786,.3093,.2746,.5607,,199332,3056,2027,158.7474885844749,5003.910045662101,6463.652739726027,3399.404566210046,7832.027511415525,,1000000
3057,.0349,.033360172,.5839,.50040001,55127000,.0163,.0301464766429137,.1021791662041534,.1822684326869457,.0495089547165452,.0283860960704786,.161483438400998,,.4628750295542294,1.152847950774888,.4188384066201344,.4380993363722972,1.041537321384699,,.0306,.0821,.0805,.0906,.1447,,.1759,.381,.3953,.3986,.6186,,.0144286250513672,.2955349398413554,.0642556337274626,.0368455195781505,.213550438446355,,.2763858345020074,.8745137108260089,.3422529836790305,.3769908035585334,.7523118168775302,,.0365,.1369,.0781,.1386,.1915,,.0923,.2508,.2819,.2379,.5063,,683060,3057,2025,387.7053652968037,11062.14166666667,28597.35650684932,4867.100799086758,28960.100456621,,1000000
3057,.0349,.033360172,.5839,.50040001,55127000,.0163,.0301464766429137,.1021791662041534,.1822684326869457,.0495089547165452,.0283860960704786,.161483438400998,,.4628750295542294,1.152847950774888,.4188384066201344,.4380993363722972,1.041537321384699,,.0306,.0736,.0791,.0812,.1376,,.1759,.3393,.392,.3901,.6186,,.0144286250513672,.2955349398413554,.0642556337274626,.0368455195781505,.213550438446355,,.2763858345020074,.8745137108260089,.3422529836790305,.3769908035585334,.7523118168775302,,.0365,.1065,.0738,.107,.1767,,.0923,.2508,.2819,.2379,.5063,,683060,3057,2026,387.7053652968037,11062.14166666667,28597.35650684932,4867.100799086758,28960.100456621,,1000000
3057,.0349,.033360172,.5839,.50040001,55127000,.0163,.0301464766429137,.1021791662041534,.1822684326869457,.0495089547165452,.0283860960704786,.161483438400998,,.4628750295542294,1.152847950774888,.4188384066201344,.4380993363722972,1.041537321384699,,.0306,.0651,.0778,.0717,.1304,,.1759,.2976,.3887,.3815,.6186,,.0144286250513672,.2955349398413554,.0642556337274626,.0368455195781505,.213550438446355,,.2763858345020074,.8745137108260089,.3422529836790305,.3769908035585334,.7523118168775302,,.0365,.076,.0696,.0754,.1618,,.0923,.2508,.2819,.2379,.5063,,683060,3057,2027,387.7053652968037,11062.14166666667,28597.35650684932,4867.100799086758,28960.100456621,,1000000
3059,.095,.09013807,.415,.31200001,1066000,1,1,0,0,0,0,0,,9.999999999999995,10,10,10,9.999999999999993,,1.2612,1.2327,1.1962,1.2449,1.2963,,6.8712,5.5842,5.7426,6.0388,6.3997,,0,0,0,0,0,,32.42140514598817,33.36666666666667,31.65,31.33021009581219,32.36974630798367,,4.6734,4.5185,3.0036,2.8693,3.1359,,9.5398,5.744,6.0515,7.483,8.0792,,5070,3059,2025,73.01575342465753,46.02511415525114,5.560958904109589,102.7544520547945,315.4869863013699,,1000000
3059,.095,.09013807,.415,.31200001,1066000,1,1,0,0,0,0,0,,9.999999999999995,10,10,10,9.999999999999993,,1.2537,1.224,1.1693,1.2424,1.293,,6.6762,5.3763,5.6139,5.8745,6.2966,,0,0,0,0,0,,32.42140514598817,33.36666666666667,31.65,31.33021009581219,32.36974630798367,,4.3553,4.1319,1.8595,1.658,1.9976,,9.2654,5.5722,6.0335,7.1362,7.9717,,5070,3059,2026,73.01575342465753,46.02511415525114,5.560958904109589,102.7544520547945,315.4869863013699,,1000000
3059,.095,.09013807,.415,.31200001,1066000,1,1,0,0,0,0,0,,9.999999999999995,10,10,10,9.999999999999993,,1.2463,1.2154,1.1423,1.2398,1.2897,,6.4813,5.1683,5.4851,5.7103,6.1934,,0,0,0,0,0,,32.42140514598817,33.36666666666667,31.65,31.33021009581219,32.36974630798367,,4.0372,3.7453,.7155,.4468,.8592,,8.9909,5.4004,6.0155,6.7894,7.8642,,5070,3059,2027,73.01575342465753,46.02511415525114,5.560958904109589,102.7544520547945,315.4869863013699,,1000000
3060,.037,.029347029,.545,.4815,12497000,0,.0214265576543558,.2244855845591482,.0017834513909404,.0232855180653225,.0075147429780429,.080156972180688,,2.377018772604962,.0353312639635448,.0785986910170601,.0048468555273215,.1594879188581549,,.5001,.1216,.1856,.1897,.2819,,.8260999999999999,.3189,.4923,.4814,.5834,,.1799372960426105,.004310007528106,.0191084938677573,.0021291771771122,.1289021377953085,,3.299911358245388,.0325575852256892,.1447264756499781,.0175515643357837,.2076989857708103,,.5779,.0269,.0507,.0402,.1845,,1.601,.2946,.6284,.5885,.9194,,62698,3060,2025,195.2775114155251,2822.755136986301,1074.36404109589,590.4831050228311,2255.118493150685,,1000000
3060,.037,.029347029,.545,.4815,12497000,0,.0214265576543558,.2244855845591482,.0017834513909404,.0232855180653225,.0075147429780429,.080156972180688,,2.377018772604962,.0353312639635448,.0785986910170601,.0048468555273215,.1594879188581549,,.3824,.1119,.1439,.1485,.2311,,.8260999999999999,.3189,.4923,.4814,.5834,,.1799372960426105,.004310007528106,.0191084938677573,.0021291771771122,.1289021377953085,,3.299911358245388,.0325575852256892,.1447264756499781,.0175515643357837,.2076989857708103,,.4745,.0269,.0507,.0402,.1845,,1.4664,.2946,.5387999999999999,.5114,.8554,,62698,3060,2026,195.2775114155251,2822.755136986301,1074.36404109589,590.4831050228311,2255.118493150685,,1000000
3060,.037,.029347029,.545,.4815,12497000,0,.0214265576543558,.2244855845591482,.0017834513909404,.0232855180653225,.0075147429780429,.080156972180688,,2.377018772604962,.0353312639635448,.0785986910170601,.0048468555273215,.1594879188581549,,.2648,.1022,.1023,.1074,.1803,,.8260999999999999,.3189,.4923,.4814,.5834,,.1799372960426105,.004310007528106,.0191084938677573,.0021291771771122,.1289021377953085,,3.299911358245388,.0325575852256892,.1447264756499781,.0175515643357837,.2076989857708103,,.3712,.0269,.0507,.0402,.1845,,1.3318,.2946,.4492,.4344,.7915,,62698,3060,2027,195.2775114155251,2822.755136986301,1074.36404109589,590.4831050228311,2255.118493150685,,1000000
