REId,name_short,controllable,loss_valued,nonctrl_selected,capex_unadj,capex_adj,opex_new,totex_new,totex_unadj,application_base_new,capex_cut,capex_cut_pct,cable_ded,cable_eff_pct,station_ded,station_eff_pct,eff_new,rank_new,req_new_pct,kr_new,e75,gap,kind,eff_cur,rank_cur,req_cur_pct,kr_cur,d_eff,d_rank,d_req_pp,d_kr,CU,MW,NS,MWhl,MWhh,cable_length_km,jordkabel_km,luftledning_km,city_km,tatort_km,lb_km,density_cu_km,jordkabel_share,luftledning_share,urbanity_index,jordkabel_landsbygd_share
REL00001,Ale El,46368.84251246613,5772.103727676411,20812.5,59620.58022504699,44397.89153823865,72953.44624014254,117351.33777838119,132574.02646518953,132059.59431630874,15222.688686808346,0.25532607413996944,396294244.31619716,0.5061518708733579,21566370.0,0.14138067284888056,0.70120359,125,0.014083745064336517,18862.729040654922,0.93134881,0.23014522000000004,deduction,0.677753399242738,137,0.01824460109856996,8615.5693426485,0.023450190757261957,-12,-0.41608560342334433,10247.159698006422,13330.5,54.95,394.5,183522.25,21546.0,1174.2668170003437,1042.6342933455394,118.3256,21.74438445906592,596.7248166350373,367.16509225143625,11.352189985281768,0.8879023729964041,0.10076551452101994,0.4615727539076177,0.35215136754546983
REL00003,Almnäs Bruk,1465.7215955284555,0.0,1143.25,1635.926714697056,1581.591262325309,2608.9715955284555,4190.562857853764,4244.8983102255115,4680.630103597888,54.335452371747124,0.033213867029373054,912607.9919999999,0.060571739374758675,0.0,0.0,1.0,1,-0.004318594304211887,-201.26635885206005,0.93134881,-0.06865118999999997,reward,1.0,1,0.01,148.0452244135676,0.0,0,-1.4318594304211887,-349.31158326562763,315.75,1.0,41.5,4871.0,0.0,91.76599999999999,60.414,31.352,0.0,1.592,39.132,3.4408168602750475,0.6583484079070681,0.34165159209293205,0.015125576142664845,0.6477306584566491
REL00004,Alvesta Elnät,16381.143761883468,2377.8566520249024,25680.0,27479.54148800415,19740.76649253572,44439.00041390837,64179.766906444085,71918.54190191251,74700.44662615692,7738.77499546843,0.2816195095120745,221960113.74144775,0.514943770963789,10275741.0,0.11480363486228272,0.77797504,98,0.009451031452142322,7127.002536079777,0.93134881,0.15337377000000008,deduction,0.711890100913881,124,0.0175399728740071,2924.088396077891,0.0660849390861189,-26,-0.8088941421864778,4202.914140001886,5027.0,32.25,145.25,73611.75,54887.5,939.79,923.88,4.53,19.51,329.56,216.81,5.349067344832356,0.9830706860043201,0.004820225795124443,0.32650141977393043,0.23467333419924666
REL00005,Arvika Teknik,21970.543022276426,3191.571810108775,12810.0,40359.33384022739,30246.39180830073,37972.1148323852,68218.50664068593,78331.44867261259,79808.10862293997,10112.942031926657,0.25057257069606975,261628761.296,0.4929215537276868,13066683.0,0.16985682517451792,0.8555657,63,0.004703160640073367,3771.1984347833395,0.93134881,0.07578311000000004,deduction,0.770252997865064,108,0.01405987824065047,3132.7691845955815,0.08531270213493602,-45,-0.9356717600577102,638.429250187758,10309.75,39.5,216.25,118689.75,31668.25,824.179,812.486,6.1129999999999995,40.56,340.894,327.239,12.509115131543027,0.9858125480023151,0.007417078086192441,0.40983150447095534,0.4027626322176628
REL00007,Bengtsfors Energi,6888.901465745258,621.5880011188584,5300.0,9354.045726833258,5805.321126344544,12810.489466864117,18615.810593208662,22164.535193697375,22242.42545832558,3548.724600488714,0.3793785816450256,103555441.425,0.6197625472592815,5074440.0,0.23091217233928424,0.71373094,120,0.01333212107424031,3005.1862364433764,0.93134881,0.21761787,deduction,0.712128487200939,123,0.01752583070886815,1228.68286571466,0.001602452799061016,-3,-0.419370963462784,1776.5033707287164,2351.75,8.0,56.0,29847.75,621.25,186.293,185.713,0.0,2.7520000000000002,163.65,14.769,12.623931119258373,0.9968866248329245,0.0,0.780669021229811,0.07952593517955124
REL00008,Bergs Tingslags,40169.56274046071,6704.862656723615,20000.0,70422.2192188393,65808.84094127236,66874.42539718433,132683.26633845668,137296.64461602364,141909.9328954604,4613.378277566939,0.06551026549207031,107407666.14772496,0.23652103254401863,4440135.0,0.03447697461198219,0.82447038,77,0.006613994679460111,9448.19937057082,0.93134881,0.10687843000000008,deduction,0.655982435065122,142,0.01824460109856996,7463.711287623044,0.16848794493487795,-65,-1.163060641910985,1984.4880829477752,8041.75,95.4375,493.5,129882.75,10286.75,1793.5963214452033,1002.3759704452033,788.396634,0.0,168.40073008257937,762.315240362624,4.483589704020078,0.5588637523729596,0.4395619151162975,0.0818596587474957,0.760508295130063
REL00010,Bjäre Kraft,35288.26982789973,0.0,24613.0,65761.46440754113,50657.68833525214,59901.26982789973,110558.95816315187,125662.73423544086,135129.4094358555,15103.776072288994,0.22967517844017146,430591890.699,0.460409359611483,21946953.0,0.1414822354609818,0.83901608,70,0.005721504637150598,7775.797562129678,0.93134881,0.09233272999999997,deduction,0.726962817105034,119,0.016644627992771218,5972.181475945932,0.11205326289496609,-49,-1.0923123355620619,1803.6160861837461,13821.0,64.235,382.75,188168.0,31165.0,1668.977,1579.838,84.164,0.0,688.238,672.1,8.281120710471145,0.9465906360602931,0.050428496018818714,0.3595331671388079,0.4254233661932426
REL00011,Bjärke Energi,23336.593428157183,2539.846225891083,13475.0,35099.06099737207,29933.900204621415,39351.43965404827,69285.33985866969,74450.50065142034,76089.95238011342,5165.160792750656,0.14715951498353133,125660356.11600001,0.25424150437141063,7104216.0,0.10827743144904985,0.73304204,111,0.012170194613408958,9373.682338958777,0.93134881,0.19830677000000008,deduction,0.621032859722245,143,0.01824460109856996,4336.059043255816,0.11200918027775497,-32,-0.6074406485161002,5037.6232957029615,4945.0,21.55,358.5,72008.25,1853.0,1201.542,1060.824,133.421,0.0,174.555,760.269,4.1155448581905585,0.8828854921425969,0.11104147836696512,0.12666131762144237,0.7166777900952467
REL00012,Upplands Energi,53398.645384376694,6539.859307651508,28557.25,76310.87904395287,65718.48673376607,88495.7546920282,154214.24142579426,164806.63373598107,168073.28157471627,10592.392310186799,0.13880579601351317,287706172.9305208,0.30412650140764047,126861.0,0.0008275972800120119,0.7627454,102,0.01037512847882871,17619.678993043795,0.93134881,0.16860341,deduction,0.75806256444253,112,0.014789738174609159,8015.188384059268,0.004682835557470066,-10,-0.44146096957804487,9604.490608984528,13438.25,62.565,916.25,205002.0,13412.75,2667.2402710380857,1814.4201620380857,428.512864,3.5329472578238943,419.57413790290764,1362.1780768773542,5.0382600120122865,0.6802612354573951,0.16065776625111597,0.13847501989843136,0.7507511795654095
REL00014,Blåsjön Nät,11342.37657903794,845.3596769478147,803.5,9578.732530662315,9180.162228716874,12991.236255985756,22171.39848470263,22569.96878664807,23551.048577197427,398.5703019454413,0.0416099207979328,11608627.398000002,0.29378446728488533,634305.0,0.04331293915204818,0.89380586,48,0.0023382206699773533,551.964592683225,0.93134881,0.037542950000000075,deduction,0.870895606627907,69,0.01,1177.251427919493,0.02291025337209296,-21,-0.7661779330022647,-625.286835236268,1527.75,11.0,160.5,17480.5,0.0,417.058,97.042,290.43,0.0,18.896,62.564,3.6631595605407403,0.23268226481688398,0.6963779618182603,0.03950245512731405,0.6447105377053235
REL00015,Bodens Energi,46659.43366921409,13385.615158205695,20575.0,93067.02236377719,74819.89097391935,80620.04882741979,155439.93980133912,173687.07119119697,171537.5756174663,18247.131389857837,0.19606441601337665,525204135.49518406,0.48494945920394217,30446640.0,0.16369174579276136,1.0,1,-0.004318594304211887,-7376.088792895431,0.93134881,-0.06865118999999997,reward,1.0,1,0.01,4893.7870397683055,0.0,0,-1.4318594304211887,-12269.875832663736,16662.25,95.75,714.0,399525.25,94542.25,2739.516655433216,1794.9513611461336,924.5652942870825,26.855520746062652,772.3926012095657,710.1282391905053,6.082186055322632,0.6552073182640634,0.33749212382170224,0.255621661375014,0.39562533813566164
REL00016,Boo Energi,30644.11158807588,6338.690525190555,21909.5,48118.41813851072,29347.085206370557,58892.302113266436,88239.387319637,107010.72025177715,109018.71208027795,18771.332932140165,0.39010702467620945,458194785.5182838,0.609306183759979,8753409.0,0.08879049233675868,1.0,1,-0.004318594304211887,-4687.787486191764,0.93134881,-0.06865118999999997,reward,1.0,1,0.01,3095.20879739472,0.0,0,-1.4318594304211887,-7782.996283586484,13805.75,63.7,185.0,240430.0,0.0,925.7121075534212,897.3811232165593,11.781813352588333,33.06420917301263,653.8980591344182,139.60339288539876,14.913653918265615,0.9693954696004373,0.012727297457226382,0.6515815235260848,0.15556756128879384
REL00017,Borgholm Energi,12302.391382303524,1526.4693554429357,10340.0,16525.05243394294,10335.26622452508,24168.860737746458,34504.12696227153,40693.9131716894,41687.07551675568,6189.78620941786,0.3745698377757555,167229695.79648176,0.5618997488367699,8499687.0,0.224072026888368,0.73531113,110,0.012033403102357232,5077.10195357883,0.93134881,0.19603768,deduction,0.77157810955716,107,0.01398044674662891,1744.143207961338,-0.03626697955715996,3,-0.19470436442716785,3332.9587456174922,4614.75,14.0,96.5,55689.0,58.25,396.6866349392866,390.5377670192866,6.14886792,0.0,269.5722704873099,98.7936096439767,11.633237910085612,0.9844994326039216,0.0155005673960785,0.5924862995487604,0.25296813262902124
REL00018,Borlänge Energi,42371.26570121951,10433.6368741902,27125.0,117797.5830022574,91664.74753761214,79929.90257540971,171594.65011302184,197727.4855776671,195374.9970476295,26132.83546464525,0.22184526030677945,825616292.0571545,0.5218205801248987,0.0,0.0,1.0,1,-0.004318594304211887,-8401.094168129666,0.93134881,-0.06865118999999997,reward,0.992474181008216,33,0.01,4279.7101158643345,0.00752581899178395,-32,-1.4318594304211887,-12680.804283994,29740.25,92.0,571.5,288416.0,127604.5,2881.9038371724764,2820.3724424625166,40.99678,61.17537317216123,1229.2695144442316,719.7742930066636,10.319653840073673,0.9786490465378157,0.014225589164773516,0.3931206619692218,0.25520540555920906
REL00019,Borås Elnät,64514.65548192412,12256.961787238597,39225.0,170674.4806954099,132021.10971449243,115996.61726916271,248017.72698365513,286671.0979645726,291920.78946065495,38653.370980917476,0.22647422639532902,1229664966.8525095,0.5912901675379592,50744400.0,0.16880044270181768,0.93376265,36,-0.00015089915239541174,-440.4395299956875,0.93134881,-0.0024138400000000004,reward,0.979327247972591,38,0.01,6901.662786500801,-0.04556459797259094,-2,-1.0150899152395412,-7342.102316496489,43962.0,154.0,479.0,473149.5,103446.5,2302.390141401551,2295.9943436003546,6.15,280.8111061850124,1540.8096304003413,222.58912201500073,19.09407063966956,0.9972221051132095,0.002671137219279555,0.7054379966727088,0.09694672055069532
REL00021,Bromölla Energi,8244.204815894309,1480.5096250172219,11545.5,15976.36590418797,10882.5832528697,21270.21444091153,32152.79769378123,37246.5803450995,39186.686750606445,5093.78265131827,0.31883237288543886,152897163.80941212,0.5949632809776881,6343050.0,0.22179596177181093,0.79945133,84,0.008143574624962957,3217.2908190806593,0.93134881,0.13189748,deduction,0.844519448284277,77,0.01,832.7059898714529,-0.04506811828427704,7,-0.18564253750370432,2384.5848292092064,4162.0,19.5,67.5,53860.25,25632.0,308.571,308.532,0.039,0.0,250.279,31.253,13.487981696270873,0.9998736109355706,0.00012638906442925615,0.7071637131121385,0.10129581372434626
REL00023,C4 Elnät,40762.70100620597,9411.972696879964,96116.75,103336.1499209229,73650.38147412604,146291.42370308592,219941.80517721197,249627.5736240088,259255.54761691706,29685.76844679685,0.28727379982236256,944512857.8990571,0.605473277181871,41356686.0,0.1594670262046835,0.78899004,93,0.008781083413013091,22966.230402276236,0.93134881,0.14235877000000008,deduction,1.0,1,0.01,4293.288755188844,-0.21100996000000005,92,-0.12189165869869092,18672.94164708739,28384.75,149.0,360.5,329180.75,156867.0,2001.37,2001.37,0.0,112.85,1360.9959999999999,112.63000000000001,14.182659877983582,1.0,0.0,0.6492845695875491,0.05627645063131755
REL00024,Carlfors Bruk,67.01426151761518,10.548160018519557,16.0,0.0,61.70844539973194,93.56242153613474,155.27086693586668,93.56242153613474,162.85711179463254,-61.70844539973194,,1091663.9999999998,0.49997755820439976,,,,,,,0.93134881,,,,,0.01,6.768776154729336,,,,,20.0,3.0,1.0,15726.5,0.0,3.0,3.0,0.0,0.0,2.0,1.0,6.666666666666667,1.0,0.0,0.5812452346347495,0.3333333333333333
REL00025,Degerfors Energi,11846.357394186993,0.0,7322.5,15333.17547869867,11421.334243212037,19168.85739418699,30590.191637399028,34502.03287288566,35740.7573115717,3911.8412354866323,0.25512270702967466,159814935.673,0.5630129895374776,8245965.0,0.15199845545614377,0.87292173,57,0.003631858951665956,1302.7768096106074,0.93134881,0.058427080000000076,deduction,0.851138097197046,76,0.01,1196.541447063431,0.021783632802953923,-19,-0.6368141048334044,106.23536254717646,4539.25,16.9675,123.25,58148.25,7860.0,407.48,371.425,35.353,13.352,233.559,99.259,11.139810542848728,0.911517129675076,0.08676008638460783,0.5325036409985427,0.26723833883018105
REL00029,Övertorneå Energi,11926.053731937669,2624.984932989176,8658.25,14579.05876170755,13056.917455569144,23209.288664926844,36266.20612049599,37788.3474266344,38289.45942615469,1522.1413061384064,0.10440600665773898,32671695.010000005,0.31706171492056623,0.0,0.0,0.86383154,59,0.0041933789193902005,1612.3692306868843,0.93134881,0.06751727000000007,deduction,0.993603947245595,31,0.01,1204.5911764549019,-0.12977240724559502,28,-0.58066210806098,407.7780542319824,3521.25,15.0,247.25,54692.5,3807.25,461.96999999999997,194.46,266.71,0.0,57.57,119.89,7.6222481979349315,0.4209364244431457,0.5773318613762798,0.10865084797039593,0.6165278206314924
REL00030,Eksjö Elnät,8838.39805216802,1800.7215714536653,17593.0,19364.95898535976,13506.902503506079,28232.119623621686,41739.02212712776,47597.07860898145,47509.97856744552,5858.056481853682,0.302508075864373,185052339.04975668,0.6073607619906182,9260853.0,0.15263489741399153,0.83427092,72,0.00601291763240952,2873.9649009731384,0.93134881,0.09707789,deduction,1.0,1,0.01,892.7224836432115,-0.16572907999999997,71,-0.398708236759048,1981.2424173299269,6440.75,23.075,91.5,64243.25,31189.25,354.59299999999996,344.71599999999995,9.877,20.626,265.46899999999994,38.621,18.163782138959316,0.9721455302276131,0.02785446977238694,0.710899219076176,0.11203715522343033
REL00031,Emmaboda Elnät,16659.003624186993,1734.4188778752994,28390.25,19033.43668260284,15275.589434251167,46783.67250206229,62059.26193631346,65817.10918466514,67677.26836049721,3757.8472483516744,0.19743398478249935,127976357.7740668,0.4194013984706667,6850494.0,0.1390615467802702,0.64074509,142,0.017687882401849153,12184.29074765725,0.93134881,0.29060372,deduction,0.894692287762082,63,0.01,1682.6428276510437,-0.25394719776208197,79,0.7687882401849153,10501.647920006208,3158.0,28.0,140.5,41544.0,67986.75,537.8983211724706,520.5871445376786,16.9425044136018,0.3612170386497,209.2333885820913,250.02571070775522,5.870998059849727,0.9678170093614377,0.031497596751504625,0.33981344596867397,0.4802763827942722
REL00033,Halmstads Energi,58510.712684918704,11838.049496711197,113000.0,134357.0478898294,91485.3858018107,183348.7621816299,274834.1479834406,317705.8100714593,324314.87445178453,42871.66208801871,0.3190875563384868,1227649533.1892278,0.5781734876835776,44908794.0,0.11910228233948116,1.0,1,-0.004318594304211887,-13945.48863245984,0.93134881,-0.06865118999999997,reward,1.0,1,0.01,5909.87511984734,0.0,0,-1.4318594304211887,-19855.36375230718,41969.0,281.75,415.0,491031.75,310043.25,2302.0113671316644,2301.811367131664,0.2,173.868289254062,1705.0871463572062,247.8559315203963,18.23144776747732,0.9999131194559436,8.688054405621922e-05,0.7213165758641212,0.107678646069619
REL00035,Eskilstuna Energi,68490.48990773714,12515.391578081655,57440.5,152438.027880248,114985.16218474603,138446.3814858188,253431.54367056483,290884.4093660668,308148.341104829,37452.86569550197,0.24569240507968343,1045402375.575618,0.5631733794093092,51886149.0,0.07657019773267804,0.95852727,30,-0.001702999122069171,-5238.834214184017,0.93134881,-0.027178460000000015,reward,1.0,1,0.01,7314.302031033389,-0.04147272999999996,29,-1.170299912206917,-12553.136245217405,47836.5,133.0,579.5,451668.5,182113.0,2134.799,2083.778,46.799,179.446,1408.885,379.97700000000003,22.40796440320611,0.9761003260728527,0.02192197017143066,0.6594567163454585,0.18235003920763157
REL00037,Falbygdens Energi,59207.32562850948,9256.010288834448,35654.75,102997.3411977229,91042.36387515582,104118.08591734394,195160.44979249977,207115.42711506685,215052.72836613975,11954.97732256708,0.11607073720104324,464462703.53100437,0.35591952202099825,22200675.0,0.07035422780544426,0.67912404,134,0.015404433758991365,33641.91050562644,0.93134881,0.25222477,deduction,0.687930007065704,133,0.01824460109856996,11558.905451487179,-0.008805967065703912,1,-0.28401673395785954,22083.00505413926,17199.5,76.0,872.5,224815.75,92039.0,2660.593129365955,2328.958155365955,325.251541,34.542258898256655,692.235129056025,1432.7739374116732,6.464535975141305,0.8753529916545219,0.12224775649086583,0.23982615262416893,0.61519951919726
REL00038,Falkenberg Energi,29582.563953604338,4823.522913454243,48630.5,61077.34663178231,40558.75655091174,83036.58686705859,123595.34341797033,144113.9334988409,149457.36583333174,20518.59008087057,0.33594435928219385,565772801.488773,0.5813766871423497,20551482.0,0.13880291476988377,0.88958388,51,0.0026001493694285394,3896.2323775188906,0.93134881,0.04176493000000003,deduction,0.919217239193359,57,0.01,2987.987167959446,-0.029633359193358966,-6,-0.7399850630571461,908.2452095594444,15202.5,82.9,198.25,202127.25,149139.75,1345.957300194053,1345.952300194053,0.005,50.218159491428494,843.7182017002156,149.7919390024089,11.294934837686295,0.9999962851719001,3.71482809988038e-06,0.5838438823782954,0.11129067425406726
REL00040,Filipstad Energi,11943.569316260164,1197.2161817563338,6073.75,13680.32995890737,8346.766770379409,19214.5354980165,27561.302268395906,32894.86545692387,32737.057071455158,5333.563188527962,0.389870946428104,137687951.24563038,0.627241572140999,5581884.0,0.21563726385162119,0.73195554,112,0.012235674357197857,4054.911487275336,0.93134881,0.19939327000000007,deduction,0.66934387964985,140,0.01824460109856996,2219.176586417999,0.06261166035014998,-28,-0.6008926741372104,1835.7349008573374,3204.75,14.8225,50.5,46220.25,14142.75,249.492,246.599,2.893,24.392,180.902,18.955,12.845101245731327,0.9884044378176454,0.011595562182354545,0.7299417943414745,0.07686568072052198
REL00043,Gislaved Energi,14948.297918360433,3307.6016661316894,14862.5,21711.71831709049,15761.357159448919,33118.39958449212,48879.75674394104,54830.11790158261,54980.50190110356,5950.3611576415715,0.27406219400689785,209182915.755,0.5258183476116622,9007131.0,0.10080741053334383,0.97229564,27,-0.0025690600341038428,-1408.8580084216555,0.93134881,-0.04094682999999999,reward,1.0,1,0.01,1509.8529807269747,-0.027704359999999983,26,-1.2569060034103843,-2918.7109891486302,4835.75,35.25,141.75,84174.0,68267.25,519.256,506.212,7.747,11.89,311.439,150.183,9.312843761073536,0.9748794428952193,0.014919423174696104,0.5458264361781426,0.29668004709489304
REL00049,Grästorps Energi,13223.543066219512,2600.1214727173788,5000.0,28763.94178261566,26215.945034519616,20823.664538936893,47039.60957345651,49587.60632155255,50663.156691087315,2547.996748096044,0.0885830171453066,72222163.327,0.21317828158473734,4566996.0,0.09637026471459911,0.86373932,60,0.0041990707161247975,2136.3335739554213,0.93134881,0.06760949000000005,deduction,0.923904498071787,55,0.01,1335.6440996389324,-0.06016517807178701,5,-0.5800929283875202,800.6894743164889,4179.0,16.7775,341.25,56646.5,11075.75,928.565,724.96,198.421,0.0,102.034,592.708,4.500492695718663,0.7807315589107925,0.2136856332082299,0.0958039172336703,0.8175733833590818
REL00062,Göteborg Energi,431802.9733298239,74997.41890242051,347103.5,727481.5155850692,535484.5835737928,853903.8922322444,1389388.4758060372,1581385.4078173134,1669146.1864155042,191996.93201127637,0.263920014320728,5544727194.62401,0.5866099842943405,198030021.0,0.1383838012287407,1.0,1,-0.004318594304211887,-71773.02369469852,0.93134881,-0.06865118999999997,reward,1.0,1,0.01,46788.093565933596,0.0,0,-1.4318594304211887,-118561.11726063212,268270.25,874.75,1582.5,2728069.5,1615341.75,8818.514231203562,8773.459618203562,38.726685,1627.328221751221,6355.691313836136,736.5610826162048,30.42125271519646,0.9948909065837215,0.004391520383668365,0.8129091780393851,0.08395332225476428
REL00064,Habo Kraft,15169.06870773713,2299.4987471233217,13825.0,29938.33241573288,22935.478578558097,31293.56745486045,54229.04603341855,61231.89987059333,62821.722369716554,7002.853837174782,0.23390928191760993,179498718.0108164,0.41500411775773166,7865382.0,0.0950157841155845,0.69063338,130,0.014716645825566088,9382.313571497334,0.93134881,0.24071543000000006,deduction,0.707042704566374,128,0.01782741478538385,2752.893894479149,-0.016409324566374006,2,-0.31107689598177635,6629.419677018185,4946.25,25.505,214.0,78186.5,17294.75,754.4922952844579,718.291618689008,36.089544000000004,2.8812799027001037,290.6863990249417,352.1841678613662,6.555732949049095,0.9520198193915267,0.047832886068629184,0.33972700293199953,0.49030805692005164
REL00067,Hallstaviks Elverk,4799.508363333333,634.3964800663028,6586.75,4016.738971000253,2509.673223605699,12020.654843399636,14530.328067005335,16037.39381439989,16399.489864864452,1507.065747394554,0.37519633669878794,46276613.836,0.6202137322577632,3171525.0,0.18107537197949364,0.71452625,119,0.013284347058846846,2207.6987057143283,0.93134881,0.21682256,deduction,1.0,1,0.01,484.774390233567,-0.28547374999999997,118,0.3284347058846846,1722.9243154807614,1811.5,7.0,27.0,24982.5,0.0,78.454,78.439,0.0,2.599,71.547,3.528,23.08996354551712,0.9998088051597114,0.0,0.8282373008848324,0.044977625925878714
REL00072,Herrljunga Elektriska,14461.323402642276,2424.5698327719915,17232.25,23411.02567746788,19942.741032880356,34118.14323541427,54060.88426829463,57529.168912882145,58534.15346200351,3468.284644587522,0.14814748795588223,109986834.551,0.26824891498402514,5962467.0,0.08040482180776931,0.82510921,76,0.006574847384069216,3873.918056083284,0.93134881,0.10623959999999999,deduction,0.967887307133532,42,0.01,1460.6661148971173,-0.14277809713353196,34,-0.34251526159307843,2413.2519411861667,5286.25,23.775,335.5,74483.75,22173.5,884.611,844.821,39.79,2.5300000000000002,164.702,657.589,5.975790488700683,0.9550197770545472,0.04498022294545286,0.1651894210587691,0.7783767212226023
REL00074,Hjärtums Elförening,6236.390303482384,1516.674676880629,4204.0,9803.195266708623,8007.4760279166685,11957.064980363013,19964.54100827968,21760.260247071637,22193.399203867844,1795.719238791954,0.18317693261605902,42718630.77,0.30917862814410885,3298386.0,0.11450532890844131,0.83175119,74,0.006167558122133654,1377.258957635986,0.93134881,0.09959762000000005,deduction,0.837813327105489,79,0.01,629.9066649671413,-0.006062137105488974,-5,-0.3832441877866346,747.3522926688447,2019.25,7.25,126.25,26127.75,36.25,305.559,273.98,28.279,0.28800000000000003,62.115,191.927,6.608380050988516,0.8966517104716274,0.09254841127245474,0.17817858948355703,0.7005146361048251
REL00075,Hofors Elverk,16440.69325216802,1854.9692697607506,6447.75,21893.39989712041,17885.354589725084,24743.41252192877,42628.767111653855,46636.81241904918,51403.07237247382,4008.045307395325,0.18307094038521146,154350864.9569,0.4741534587232221,9514575.0,0.17195504303414608,1.0,1,-0.004318594304211887,-2210.324033566385,0.93134881,-0.06865118999999997,reward,0.919047679496173,58,0.01,1660.5923863421635,0.08095232050382695,-57,-1.4318594304211887,-3870.9164199085485,6499.75,22.1675,260.75,76661.5,6517.5,734.5561,553.5439,173.2813,11.1379,231.9583,246.1207,8.848541316313348,0.7535760713170853,0.23589934111227173,0.29048140062204436,0.4446272463665483
REL00077,Härnösand Elnät,41655.679207086716,7835.022372616459,15057.0,69474.49914039478,59363.9021846649,64547.70157970318,123911.60376436808,134022.20072009796,129826.48294636389,10110.596955729881,0.14552961274752457,317216035.251049,0.37423140764370605,0.0,0.0,0.79822928,86,0.008218108494908671,10757.323413752933,0.93134881,0.13311952999999999,deduction,0.755666814026813,113,0.014932990417225732,6314.0239662528675,0.042562465973187025,-27,-0.671488192231706,4443.299447500065,13850.0,70.33,579.0,193731.0,70340.5,1563.456243508323,1423.485002508323,59.499537,45.78325139321286,435.5086093066188,859.4931418084915,8.858578586709433,0.9104731957922205,0.038056413313164304,0.2721465399896664,0.6037950103401009
REL00078,Härryda Energi,55920.32326159892,7833.515552801246,29112.5,90357.95076973521,68117.29455181494,92866.33881440017,160983.6333662151,183224.28958413537,185091.28973664826,22240.656217920274,0.24613944902975415,521038191.3909921,0.5433526798560973,33998748.0,0.18989916619690028,0.63842901,143,0.01782519230780899,33586.24296507552,0.93134881,0.29291980000000006,deduction,0.608861578002859,144,0.01824460109856996,10835.519144690099,0.02956743199714096,-1,-0.04194087907609702,22750.72382038542,14389.5,77.8,410.0,237473.75,63380.5,1333.2833468844422,1216.3670435122951,84.43446666666665,11.952858923060475,802.2923363831587,255.1168467727249,10.792529610172323,0.9123094849678038,0.06332822416478043,0.5336043209011583,0.20973673048232844
REL00080,Höganäs Energi,36146.81675433605,10687.54618091773,40052.0,68578.1433617432,49904.86941934885,86886.36293525377,136791.2323546026,155464.50629699696,158736.30303773144,18673.273942394357,0.2722919144062359,542278667.2224472,0.5207017065050061,24103590.0,0.14494839021292352,0.75384403,104,0.010914069773880541,17514.70674180377,0.93134881,0.17750478000000003,deduction,0.858344436972036,74,0.01,3651.0095877398803,-0.104500406972036,30,0.09140697738805412,13863.69715406389,15460.0,79.03999999999999,357.0,229524.75,47525.25,1482.7809118079035,1397.8306665401167,84.9502452677869,16.401361212106547,848.7571656429336,474.3869922903145,10.426354882833065,0.9427088354110184,0.05729116458898166,0.5101262378188598,0.3393737193250367
REL00083,Jukkasjärvi,18618.830978143633,2302.512672264561,7148.75,15437.2428455211,12533.574192517997,28070.093650408195,40603.667842926196,43507.336495929296,44185.4670040464,2903.668653003102,0.1880950297964355,61427882.616359465,0.38204708702365886,2410359.0,0.09061603901849251,0.67166251,135,0.01584958251274693,7115.092462963837,0.93134881,0.25968630000000004,deduction,0.754855564152976,114,0.01498148479874017,2831.480315474274,-0.08319305415297606,21,0.086809771400676,4283.612147489563,2504.25,17.775,152.25,48806.75,11225.5,645.1862400739379,309.3158518044022,335.196178,0.0,99.2955530535749,176.64029875082733,3.8814373966081708,0.479421030071805,0.5195339844222138,0.13418234173639132,0.5710677216197989
REL00085,Jämtkraft,205566.90157609756,47390.62261736165,29104.0,389003.365004319,331373.8870420577,282061.5241934592,613435.4112355169,671064.8891977782,659536.3014723223,57629.4779622613,0.14814647673194667,1513911656.8383818,0.37854512746465957,80049291.0,0.11690341676803487,0.79506662,88,0.008410925112328993,55941.65001837594,0.93134881,0.13628219000000008,deduction,0.676848494476548,139,0.01824460109856996,38195.38722809652,0.1182181255234519,-51,-0.9833675986240967,17746.26279027942,62737.75,369.85,2854.5,867106.5,228524.0,8565.827976900202,6566.124889405609,1994.5483703362927,136.62064121187998,2002.010813885828,4035.986662843536,7.324189812028365,0.7665487687953495,0.2328494543335528,0.21972301033536956,0.6146679709604015
REL00086,Jönköping Energi,90969.7344649729,24012.133245638666,77346.0,233008.493411261,188993.5622380562,192327.86771061158,381321.42994866776,425336.36112187256,447648.08851668396,44014.93117320479,0.18889839820352922,1372264090.2755063,0.4762741999026877,64445388.0,0.10835086176152864,0.88199013,54,0.0030707443162938386,13788.403929432143,0.93134881,0.04935867999999999,deduction,0.949834177514687,45,0.01,9188.398939331933,-0.06784404751468698,9,-0.6929255683706161,4600.004990100209,56695.5,217.75,984.75,739901.25,307464.25,3978.319987974499,3759.718518974499,196.47361700000002,212.8999479196186,1829.3762004607017,1137.6423705941786,14.251116092063185,0.9450518134135064,0.0493860769354633,0.45443158209807083,0.3025871125332228
REL00087,Kalmar Energi,44265.316099647695,6997.197360565339,39496.0,66589.37313193572,45293.76990703722,90758.51346021303,136052.28336725023,157347.88659214874,160053.56609277724,21295.6032248985,0.31980483106072827,630449923.7226909,0.6227595630641725,24737895.0,0.13832596679943177,0.92678343,39,0.0002852142060818519,456.62572540941625,0.93134881,0.004565380000000063,deduction,0.974418374884368,40,0.01,4696.790143900576,-0.047634944884368036,-1,-0.9714785793918148,-4240.16441849116,24123.75,78.0,217.75,262576.25,111283.0,1102.0640645313842,1089.2904622141793,12.7736023172048,225.03159238681022,663.5733872211798,53.0854826061893,21.88960767018369,0.9884093831490309,0.011590616850968955,0.729158968138237,0.04873400112058586
REL00090,Karlskoga Elnät,46307.81609734417,9552.112297221249,38575.0,79083.6039143331,61056.41213756462,94434.92839456542,155491.34053213004,173518.53230889852,183469.31582269171,18027.19177676848,0.2279510655115862,631410005.5539266,0.5460873623686514,21946953.0,0.10617255423774892,0.8112571,79,0.007422677933585309,13719.796661585504,0.93134881,0.12009171000000007,deduction,0.783653299628561,100,0.01325575909288279,6220.36313049627,0.027603800371438947,-21,-0.5833081159297482,7499.433531089234,15500.25,93.0,522.5,227344.0,164974.75,1702.8903162240838,1411.5706763798967,256.84602542514745,92.25162990118777,870.7009944910125,363.6180519876965,9.102318483065657,0.8289263629790632,0.15082945917190183,0.4999663381423628,0.25759819049247223
REL00091,Affärsverken Karlskrona,55730.907158197835,6889.455018548528,52600.0,77428.93834624006,49726.0052961738,115220.36217674636,164946.36747292016,192649.30052298642,197612.22503970333,27702.93305006626,0.35778526274229244,810494081.1472832,0.6158152646568271,4440135.0,0.03106186869502151,0.7062187,121,0.013783045922578507,27614.9865920324,0.93134881,0.22513011000000005,deduction,0.702962759279618,131,0.01806915961955391,10253.714793066545,0.0032559407203819335,-10,-0.4286113696975402,17361.271798965856,19749.5,89.0,217.0,233857.5,116894.0,1434.3409974509998,1391.6948658867357,8.404948000000001,173.27830533670092,993.5529745843911,125.31418964399082,13.769040998686705,0.9702677873392369,0.005859797645703934,0.7247406334585721,0.09004429973530535
REL00092,Karlstads Elnät,57395.02908741193,9059.362768065472,38467.5,119270.2440331175,82756.5422286175,104921.8918554774,187678.4340840949,224192.1358885949,232038.09447103515,36513.7018045,0.30614259323860626,966373661.3391494,0.6007017232512147,40865733.93,0.15502882568990714,0.96348978,28,-0.002014892134551749,-4665.906541156347,0.93134881,-0.032140969999999935,reward,0.87188245937322,68,0.01,6024.219498151833,0.09160732062678001,-40,-1.201489213455175,-10690.12603930818,34300.25,113.25,375.75,366646.75,158677.5,1989.16632076752,1977.0170515525183,7.863543215001425,245.1871852826936,1179.0216455899097,188.62220259396724,17.243530438804758,0.9938922808574832,0.003953185378670234,0.6400361003181406,0.09540747382317487
REL00093,Tekniska verken Katrineholm,49062.53286498645,6713.150563369903,36480.5,73673.18493112596,68795.36908029886,92256.18342835637,161051.55250865524,165929.36835948232,172306.38163078376,4877.815850827101,0.06620883643604075,161109124.92896912,0.19646241420622979,1649193.0,0.007973984663078764,0.90620497,44,0.0015677991535694158,2705.6565946718806,0.93134881,0.02514384000000003,deduction,0.983486350248184,35,0.01,5442.128007075786,-0.07728138024818398,9,-0.8432200846430584,-2736.471412403905,18000.0,82.6,904.0,228391.0,133973.5,2752.341372915198,2347.16477378321,394.78959913198815,90.34,101.979,1531.839,6.539886431651077,0.852788392050788,0.1434377301511254,0.06512717260953974,0.6526337720768318
REL00098,Kristinehamns Elnät,25069.830202371275,5476.755662560408,26022.0,55886.67131760898,42549.4305205387,56568.58586493168,99118.01638547037,112455.25718254066,112166.14779878678,13337.240797070284,0.23864797245256467,350372365.727,0.48694462637936464,16491930.0,0.153311161438305,0.66725999,137,0.016111958981667396,18365.694967818454,0.93134881,0.26408882,deduction,0.708986390994588,125,0.0177121869145842,4519.7636427455345,-0.04172640099458802,12,-0.16002279329168057,13845.93132507292,10413.5,42.2825,302.75,145437.5,42680.5,1081.0,1036.382,32.768,40.107,495.212,363.546,9.633209990749306,0.9587252543940796,0.03031267345050879,0.4365091791867858,0.35078378435750524
REL00100,Kungälv Energi,56903.358513279134,12673.613693906687,29103.25,102179.7121577923,76128.8906298232,98680.22220718583,174809.11283700902,200859.9343649781,212389.5039951173,26050.821527969092,0.25495101696645794,610762106.1825137,0.4645293801973453,45669960.0,0.14503493028194647,0.8595487,61,0.004457612735194516,9509.798178868106,0.93134881,0.07180010999999997,deduction,0.822854264254599,84,0.010892347800675719,6265.99219110251,0.0366944357454011,-23,-0.6434735065481203,3243.805987765596,23003.75,97.5,857.25,313306.5,64628.5,2687.6079358832003,2293.683127917904,375.285338,35.55950194236776,874.5112895834968,921.6123363920395,8.55919112786833,0.8534292138723557,0.1396354479347353,0.2969249237750778,0.4018045584302811
REL00103,Landskrona Energi,47597.0110946477,7174.255622045396,57000.0,55498.13213271486,38668.78409590818,111771.26671669309,150440.0508126013,167269.39884940797,175193.50304349913,16829.34803680668,0.30324170183893756,494057501.1893117,0.6073642454145138,15350181.0,0.08501166356627468,0.904711,45,0.0016607215487411953,2914.3121004482127,0.93134881,0.026637809999999984,deduction,1.0,1,0.01,4807.536581585002,-0.09528899999999996,44,-0.8339278451258805,-1893.224481136789,19061.5,80.5,130.5,157567.0,214690.5,868.726,868.726,0.0,138.118,592.707,44.324,21.941901128779385,1.0,0.0,0.753839736495728,0.05102184117892178
REL00106,Lerum Energi,45107.859213346885,7049.938054482494,26087.25,78798.84661994684,51912.41113197793,78245.04726782939,130157.45839980732,157043.89388777624,166262.39814467906,26886.435487968905,0.34120341402513593,625668611.5823975,0.5519946405265003,31968972.0,0.16084340338379302,0.85374161,64,0.004815553856572841,8045.103765201039,0.93134881,0.07760719999999999,deduction,0.803666585998041,91,0.012051234494812052,5893.2820340928265,0.05007502400195907,-27,-0.7235680638239211,2151.8217311082126,17925.0,75.55,385.75,277455.75,9398.5,1455.689627600849,1390.5919682797871,38.469621,6.394540293500668,992.1759839925052,322.6714439937812,12.313751269590723,0.9552805363954192,0.026427076397736338,0.5986447026154679,0.23203890958246906
REL00111,Tekniska verken Linköping,133308.64387542006,23407.872710035634,78785.5,206620.1748288542,205936.3585240893,235502.01658545568,441438.37510954496,442122.1914143099,479289.32658500515,683.816304764885,0.003309533085679062,502725182.1689122,0.23563630702141797,8880270.0,0.017143807900268204,0.97839825,25,-0.0029536503266112124,-14114.779033052077,0.93134881,-0.04704944,reward,1.0,1,0.01,14568.95192328574,-0.021601749999999975,24,-1.2953650326611212,-28683.730956337815,76287.0,225.525,1406.0,747833.25,412477.0,5983.517,5447.282,528.173,319.32,248.88,3550.8019999999997,12.749525070288929,0.9103813025015222,0.08827132938704779,0.0896313106478756,0.651848389710685
REL00112,Ljungby Energi,15662.968510799457,3328.6978745027723,30950.0,29521.96464211315,20709.190962888144,49941.66638530223,70650.85734819037,79463.63102741538,80097.14201634808,8812.773679225007,0.29851582664161735,299781730.2160823,0.5662901187395231,11365476.99,0.1399701592031277,0.86548465,58,0.004091332937302239,3290.475667566727,0.93134881,0.06586416000000006,deduction,1.0,1,0.01,1582.0382910629846,-0.13451535000000003,57,-0.5908667062697761,1708.4373765037426,9178.75,40.5,111.0,97449.75,89280.5,597.048465241,585.499335241,11.54913,32.22602842,434.316391011,98.95691581,15.37354257546743,0.980656293965452,0.01934370603454808,0.6882063203235967,0.16901285766493296
REL00113,Ljusdal Elnät,17478.97594891599,2812.591418271285,7136.0,31716.26409451912,25780.059525206343,27427.567367187276,53207.626892393615,59143.831461706395,59794.75379568037,5936.204569312777,0.1871659458888984,189367988.86163282,0.46861290595710486,8880270.0,0.14960724994906685,0.84227958,69,0.005520937238447932,3319.5070847065535,0.93134881,0.08906923,deduction,0.779659894278484,103,0.013495593771131189,2390.9416255705264,0.062619685721516,-34,-0.7974656532683257,928.5654591360271,7036.5,24.5675,255.75,87876.75,2546.0,889.8477375546626,688.4279925546626,200.758008,20.873125598895676,276.3150762460078,321.48879070975914,7.907532607023968,0.7736469549796131,0.22560939307627065,0.29418893428541065,0.46698971306607967
REL00118,Luleå Energi,87808.2588351626,19392.792130453097,26930.25,168847.9197490116,132748.1512403021,134131.3009656157,266879.4522059178,302979.2207146273,310783.6579339206,36099.7685087095,0.2138004931441912,1004439193.030204,0.51717908230173,58678286.94,0.17627935098284023,1.0,1,-0.004318594304211887,-13363.648448742711,0.93134881,-0.06865118999999997,reward,0.898720042593544,62,0.01,8869.074061728188,0.10127995740645601,-61,-1.4318594304211887,-22232.7225104709,41823.75,191.975,1299.0,541951.0,245691.75,4348.77353641942,2665.021827626703,1571.775940792718,121.51852561639366,1437.4622947727396,788.0410072375695,9.617366747139412,0.6128214783566216,0.3614297060147321,0.3161341185758817,0.29569776842666545
REL00121,LEVA i Lysekil,27176.028252317075,3255.614366345861,22582.875,35132.48182452414,29151.241653280864,53014.51761866294,82165.7592719438,88146.99944318709,89932.20442607888,5981.240171243277,0.1702481538627905,193476875.05900002,0.37116333343178237,8499687.0,0.0890733753754188,0.77063087,101,0.009896974291627947,8989.092604778423,0.93134881,0.16071794000000006,deduction,0.875569596633511,66,0.01,2800.972785935569,-0.104938726633511,35,-0.010302570837205337,6188.119818842854,10338.25,37.875,339.25,127025.75,21419.0,1099.947,1018.649,70.624,15.700000000000001,244.161,656.988,9.39886194516645,0.9260891661143674,0.06420672996062537,0.20780649122228856,0.6449601383793633
REL00123,Malung-Sälens Elnät,49753.19169409214,9561.153335313515,130000.0,94293.65917257563,84356.4070532399,189314.34502940567,273670.75208264554,283608.0042019813,289048.12317188876,9937.252119335724,0.10538621797621228,248365825.67258728,0.27775697140372224,18267984.0,0.0798637914586527,0.5095828,145,0.018244601098569957,53706.627416466086,0.93134881,0.42176601,deduction,0.777251859500556,105,0.01364013251424878,6879.601727991916,-0.267669059500556,40,0.4604468584321177,46827.02568847417,15876.5,111.0,751.75,251900.0,52605.25,2456.577687448706,1915.9125856992414,530.5609487494647,7.678381755985739,383.2139122071093,1204.2802917361464,6.462852805802628,0.779911254379675,0.2159756442713937,0.13913269422598087,0.6285674517329954
REL00126,Mellersta Skånes Kraft,10927.059118048779,2014.6986017405761,5050.0,13675.36303417142,12386.252098584957,17991.757719789355,30378.00981837431,31667.120753960775,33534.9584832182,1289.1109355864628,0.09426520761206023,38608520.729,0.2855460007327887,2917803.0,0.09941153799555637,0.72553348,115,0.012622451276292246,4286.701855722916,0.93134881,0.20581533000000007,deduction,0.677727570108204,138,0.01824460109856996,2030.3037652375897,0.047805909891796006,-23,-0.5622149822277714,2256.398090485326,2442.75,9.225000000000001,178.75,28784.0,687.5,391.941,277.24,104.493,0.0,61.563,203.677,6.232443148330999,0.7073513615569691,0.2666039021179208,0.13694612344645912,0.7346595007935363
REL00127,Mjölby Kraft,40375.57431369919,5964.984384373396,15832.75,64275.93059276438,53647.36616442313,62173.308698072586,115820.67486249571,126449.23929083697,128377.08376368866,10628.564428341248,0.16535839046315912,336915864.61489856,0.3576079703731392,15096459.0,0.08145826780407571,0.75768279,103,0.010681754393072174,13860.186872014086,0.93134881,0.17366601999999998,deduction,0.687619208706549,134,0.01824460109856996,7590.711252182343,0.07006358129345103,-31,-0.7562846705497787,6269.475619831744,12561.75,50.0,465.0,172793.0,50806.75,1745.953,1655.2849999999999,90.66799999999999,45.216,474.32699999999994,956.278,7.194781302818575,0.9480696215762967,0.051930378423703266,0.2627599154232074,0.5777119952153256
REL00128,Mölndal Energi,45975.96021700543,7487.686768370848,36312.5,61944.5293105305,44206.2277000309,89776.14698537628,133982.37468540718,151720.67629590677,156623.3572638502,17738.301610499606,0.2863578399567258,532568863.1122634,0.615511629157341,24737895.0,0.08964205469071272,0.98082037,24,-0.0031064172894503805,-4850.2846246213485,0.93134881,-0.04947155999999997,reward,1.0,1,0.01,4890.380802140736,-0.019179630000000003,23,-1.310641728945038,-9740.665426762083,22873.25,85.5,207.5,271609.25,145173.75,1005.3916249873562,998.2938735595039,2.2369514276618574,74.20571145297154,745.8336073842364,34.37131220151778,22.750587364687522,0.9929403117636458,0.00222495530305416,0.720588911456151,0.03443005422738283
REL00130,Nacka Energi,99957.33063116531,11469.616669191986,47241.5,122854.9741160896,84461.78779356417,158668.4473003573,243130.23509392148,281523.4214164469,308885.936179591,38393.18632252542,0.3125081959339023,910521107.576346,0.5966705749164505,38565744.0,0.11954933031765878,0.74419711,107,0.011497179423517023,35923.824141111225,0.93134881,0.18715170000000003,deduction,0.701152370725306,132,0.01817637358629254,19863.772044310972,0.04304473927469399,-25,-0.6679194162775518,16060.052096800253,28778.5,137.75,323.25,432432.0,68058.0,2102.9541981778557,2012.4982884030692,75.885341,165.84574410150788,1209.077528147873,88.2750161536882,13.684796380698959,0.9569862672933325,0.036085113534927334,0.5801370150945139,0.043863399369017606
REL00133,Norrtälje Energi,53462.486447140924,8326.265700147766,38413.0,62607.70477535234,50253.76353838084,100201.75214728869,150455.51568566952,162809.45692264102,164566.13325105232,12353.9412369715,0.19732301769086816,335680618.5030542,0.4462848270094852,15984486.0,0.10866751544039313,0.72131482,116,0.012876284574723007,21464.61330928354,0.93134881,0.21003399,deduction,0.8374634790231,80,0.010007308523747321,5403.965059754195,-0.11614865902310001,36,0.2868976050975686,16060.648249529346,17022.75,64.5,499.0,259558.0,10925.0,1386.73409618903,1272.4898534149154,103.14211942290939,55.2736987820399,452.46096710715426,613.2673449517387,12.275424716808562,0.9176163309980794,0.07437771935251368,0.32433028905970385,0.4819428173088726
REL00135,Nossebroortens Energi,13176.181739701899,1484.276749889459,15150.0,12379.48339545575,10612.268901034655,29810.458489591358,40422.72739062601,42189.94188504711,42094.28835550118,1767.2144944210959,0.14275349285332886,51710792.854,0.26215119723506547,0.0,0.0,0.65093546,140,0.01708308025395766,7314.898376126489,0.93134881,0.28041335,deduction,0.944397206886845,48,0.01,1330.860368380408,-0.293461746886845,92,0.7083080253957661,5984.038007746081,2657.75,13.8,191.25,41402.25,18241.25,497.63,432.011,65.619,0.992,76.216,343.803,5.340815465305548,0.86813696923417,0.13186303076583003,0.1355269581905896,0.7958200138422401
REL00137,Nybro Elnät,24332.11593776423,3225.4767415358347,23830.25,31718.16464135904,23813.697967225264,51387.84267930006,75201.54064652533,83106.0073206591,85000.79693527066,7904.466674133775,0.2492094597373617,293133011.5125523,0.5432505701597651,12812961.0,0.15534168242355584,0.7788403,97,0.00939845336193268,8064.195738429894,0.93134881,0.15250850999999999,deduction,0.868784556079555,70,0.01,2457.665613615035,-0.08994425607955492,27,-0.06015466380673209,5606.530124814859,8684.75,37.325,217.0,87093.25,80190.75,785.66,674.154,96.313,28.204,427.237,193.41299999999998,11.054081918387089,0.8580734668940764,0.12258865157956368,0.5100147716117275,0.2868973557970434
REL00139,Näckåns Elnät,8444.888228319784,0.0,6205.0,12611.42681325889,11469.060937180915,14649.888228319784,26118.9491655007,27261.315041578673,29253.42766159177,1142.3658760779745,0.09058181068592178,24415431.017,0.203445699863919,2410359.0,0.06670798993983006,0.78574955,95,0.008978313220279643,2650.1516327165027,0.93134881,0.14559926,deduction,0.775380644145694,106,0.013752406785188189,1177.457215167085,0.010368905854306054,-11,-0.47740935649085453,1472.6944175494177,2460.25,15.1575,130.25,30931.5,11332.5,321.463,266.57,51.616,0.0,29.497,222.258,7.653291358570037,0.8292400680638207,0.16056591271779333,0.08000138749726037,0.8337697415313051
REL00141,Nässjö Affärsverk,14242.298391707318,2973.827594424285,23073.75,29008.8527278083,20990.042325555965,40289.87598613161,61279.91831168757,69298.7287139399,71394.95799027101,8018.810402252333,0.27642631983737115,280289287.0897607,0.6033239802355986,12812961.0,0.16280167271636034,0.87458401,56,0.00352907445902928,2528.4887181948748,0.93134881,0.05676480000000006,deduction,1.0,1,0.01,1438.5434914773818,-0.12541599000000003,55,-0.647092554097072,1089.945226717493,9768.25,37.75,102.25,107426.25,50956.75,525.984,520.449,5.535,41.96,393.09,23.599,18.57138239946462,0.9894768662164627,0.010523133783537142,0.7313578624518247,0.04534353990496668
REL00143,Olofströms Kraft,27392.944320379407,7447.754024664823,42378.0,79941.61293859553,66188.91719962869,77218.69834504422,143407.6155446729,157160.31128363975,157733.33279706485,13752.695738966839,0.17203425391892593,361940680.529,0.34976379446872535,21820092.0,0.13350734247211102,0.89447606,47,0.002296623038487322,3630.8692272427716,0.93134881,0.03687275000000001,deduction,1.0,1,0.01,2766.824615009365,-0.10552393999999998,46,-0.7703376961512678,864.0446122334065,13561.5,80.0,728.25,170283.75,154777.5,2225.625,1982.182,232.863,11.675,549.417,1249.09,6.0933445661331085,0.8906181409716372,0.10462813816343723,0.22047470693220123,0.6301590873088344
REL00144,Olseröds El,5424.800375840108,699.1923170344603,5002.75,10060.4490001577,8775.33533329597,11126.742692874568,19902.078026170537,21187.19169303227,22760.898051805358,1285.1136668617291,0.12773919601814837,28347105.976,0.225978728779445,2156637.0,0.10148844658140956,0.68690665,131,0.014939505001801745,3451.5458759018056,0.93134881,0.24444216000000007,deduction,0.685169749030172,135,0.01824460109856996,1007.9558012583727,0.0017369009698279259,-4,-0.3305096096768215,2443.5900746434327,1789.25,5.0,87.0,17291.75,1672.5,310.129,292.181,17.948,0.0,46.832,228.349,5.769373389782961,0.9421273083136371,0.05787269168636277,0.13165913294990758,0.7815326800852896
REL00146,Oskarshamn Energi,24125.797228577238,3400.27471959917,36604.0,42155.45526313809,30295.223910728993,64130.07194817641,94425.2958589054,106285.5272113145,109837.80924308114,11860.231352409093,0.28134511366029563,374355595.65926874,0.5496787535440473,12686100.0,0.09198716064847261,0.90315035,46,0.0017577637166668048,1934.0858371126094,0.93134881,0.028198460000000036,deduction,0.968968213186181,41,0.01,2436.8263903304164,-0.06581786318618099,5,-0.8242236283333195,-502.740553217807,12302.75,58.0,266.25,132918.5,123673.25,1031.374440286463,976.271780158202,51.217842328522,63.021573098169696,488.068327189709,243.7436348554236,11.928499989376242,0.9465735643856403,0.04965979408438347,0.4736908711788834,0.24966780747869785
REL00147,Oxelö Energi,12298.282283197834,1773.5978044152885,6585.0,17866.66944096163,12318.202657876409,20656.88008761312,32975.08274548953,38523.549528574746,37000.334245357764,5548.4667830852195,0.31054846575739786,211049328.61340842,0.5442595309484008,7992243.0,0.1638648414499014,1.0,1,-0.004318594304211887,-1591.0085576187855,0.93134881,-0.06865118999999997,reward,1.0,1,0.01,1242.1881249972203,0.0,0,-1.4318594304211887,-2833.196682616006,7318.25,15.375,92.0,62748.5,612.75,518.446,421.089,5.821,23.489,294.816,84.812,14.115742044494509,0.8122138081883166,0.011227784571585082,0.5410970335215576,0.20141110311596835
REL00148,Partille Energi,36707.450681558264,4668.3143564735365,15107.75,54683.09131437753,38179.24980912836,56483.5150380318,94662.76484716017,111166.60635240933,121469.86343810322,16503.84150524917,0.3018088609944753,453776597.9762695,0.5778603157649691,19409733.0,0.12593256504501593,0.88677051,52,0.002774574976318389,3379.636488108544,0.93134881,0.04457830000000007,deduction,0.807859738496534,88,0.011798318684337561,4562.7090834758055,0.07891077150346593,-36,-0.9023743708019172,-1183.0725953672613,15397.25,51.8825,172.5,197977.25,24340.5,872.9899819438515,872.001904382505,0.0,0.0,738.0944741769649,92.06743020554019,17.637373072386886,0.998868168499315,0.0,0.7371457371200312,0.10558168479085644
REL00149,PiteEnergi,56073.82326739837,0.0,28540.0,107590.1845253756,85650.41148554499,84613.82326739837,170264.23475294336,192204.00779277398,201036.47627477988,21939.773039830616,0.20391983838131653,645668547.4503912,0.49183519478700144,45543099.0,0.1961836612280178,1.0,1,-0.004318594304211887,-8644.53688514532,0.93134881,-0.06865118999999997,reward,0.977636819066748,39,0.01,5663.737079861805,0.022363180933251958,-38,-1.4318594304211887,-14308.273965007125,23149.25,119.25,1101.0,397595.75,81571.75,3078.99645206,2075.966040939,983.797373606,21.8295002,1010.2844406090001,861.3521001299999,7.5184399723851625,0.6742346323751287,0.3195188396361389,0.2931682576933454,0.41491627663639125
REL00152,Ronneby Miljöteknik,30420.732012195123,5971.765427811601,30211.75,57646.33597912685,40455.79578502933,66604.24744000673,107060.04322503606,124250.58341913359,125990.30067618217,17190.54019409752,0.29820698752340546,406160483.0,0.5294473810018107,18132242.73,0.11646374632344902,0.79439452,89,0.00845188651545592,10738.938610409048,0.93134881,0.13695429000000003,deduction,0.714757657387647,122,0.01736981717580566,5376.607983837239,0.07963686261235303,-33,-0.8917930660349741,5362.330626571809,12155.5,60.25,226.75,142328.0,121132.5,1064.935,1001.569,31.207,38.938,579.773,304.205,11.41431167160437,0.9404977768596205,0.029304135933179022,0.511226920074783,0.30372845006185295
REL00156,Rödeby Elverk,14534.910577195122,1813.5300892183384,7757.25,25799.4185199124,21287.974969367402,24105.69066641346,45393.66563578086,49905.10918632586,53341.77852233065,4511.443550544998,0.17486609425181404,116564696.296,0.374618328956196,6850494.0,0.15682303382476984,0.72659169,114,0.012558749696464533,6783.72189383438,0.93134881,0.20475712000000001,deduction,0.665809065229216,141,0.01824460109856996,2700.6611159929844,0.060782624770784,-27,-0.5685851402105427,4083.060777841396,4221.25,17.0,237.25,50629.25,0.0,710.234,567.947,142.287,0.0,180.161,372.436,5.9434637035118,0.7996618016034152,0.2003381983965848,0.2211617355344107,0.6557583718199057
REL00157,Sala-Heby Energi,33457.052539647695,6233.962339089885,20825.0,44817.88634177817,35735.04508709538,60516.01487873758,96251.05996583296,105333.90122051575,105201.01668552903,9082.84125468279,0.2026610801191662,294167629.3229984,0.43709835325567703,14081571.0,0.1134685256141808,0.93126916,38,4.978087827733901e-06,5.237025076580528,0.93134881,7.964999999998668e-05,coverage,0.946702495086936,46,0.01,3379.3299263376407,-0.015433335086936006,-8,-0.9995021912172266,-3374.09290126106,13806.25,47.0,522.25,164146.5,33995.75,1298.0203224769034,1085.8204074769033,193.56323700000002,0.0,479.241668993196,556.5787384837073,10.636389708949002,0.8365203446159635,0.1491218848027275,0.3219020513590485,0.5125882094784135
REL00158,Sandhult-Sandared,6909.545038089432,813.7152161296436,9523.0,12063.17468929075,8181.4031891645,17246.260254219076,25427.663443383575,29309.434943509827,30299.366145144668,3881.7715001262504,0.32178689276317507,112780180.275,0.5149865230866809,5835606.0,0.19581168904923685,0.91393676,42,0.001086481180092358,329.55477144350397,0.93134881,0.017412050000000012,deduction,1.0,1,0.01,697.8986656676734,-0.08606323999999999,41,-0.8913518819907642,-368.34389422416945,3556.5,16.7425,81.25,54726.75,0.0,334.83299999999997,331.64,1.894,0.34199999999999997,181.462,120.43599999999999,10.621712913601707,0.9904639029008492,0.005656551176258015,0.4735282488611828,0.3631528163068387
REL00160,SEVAB,41235.343938577236,7972.902009703295,44835.0,94932.54745284264,78184.104982332,94043.24594828053,172227.35093061253,188975.79340112317,209872.17006350803,16748.442470510636,0.17642466066583073,440428012.181,0.3850399020985594,17633679.0,0.04267299236123802,0.66343693,138,0.01633963667292715,34857.26731616439,0.93134881,0.26791188,deduction,0.75140361728714,116,0.01518775541781503,6784.701072790104,-0.08796668728713997,22,0.11518812551121194,28072.566243374287,17786.75,77.0,603.75,229459.75,75519.0,1752.04025,1673.61625,59.897,52.082,609.376,897.011,10.152021336267817,0.9552384712622898,0.03418699998473208,0.33297028658512706,0.5359717318710308
REL00163,Sjogerstads El,9770.45388808943,1227.3538099756754,9523.25,15316.63387352338,13033.705140529652,20521.057698065106,33554.76283859476,35837.69157158848,36152.02822056743,2282.9287329937288,0.14904898503450173,69327934.13659142,0.3256777903847877,3894505.839,0.07241177391156059,0.64406203,141,0.01749113918685663,6434.975746396487,0.93134881,0.2872867800000001,deduction,0.72386760185956,121,0.01682868206342425,1672.1426015274774,-0.07980557185956005,20,0.06624571234323806,4762.83314486901,2859.0,12.4575,149.75,39596.75,50.75,468.807,418.005,50.802,3.894,102.424,277.23699999999997,6.098458427455221,0.8916355771138229,0.10836442288617704,0.19879010524233726,0.6632384780086362
REL00164,Sjöbo Elnät,22777.386444065043,3670.0062349059926,16550.0,41596.0493520079,32983.14300187307,42997.39267897104,75980.5356808441,84593.44203097894,88054.10759959607,8612.906350134836,0.2070606820673723,234629906.7611416,0.3786216871100762,8880270.0,0.09639662775769829,0.89344866,49,0.0023603890616981094,2083.331195491691,0.93134881,0.03790015000000002,deduction,0.786694836297244,97,0.01307297712560418,3016.864807422975,0.10675382370275599,-48,-1.071258806390607,-933.5336119312842,7926.0,35.695,358.0,122885.5,2056.25,1605.982,1300.674,305.308,4.661,379.2,668.813,4.935298154026633,0.8098932615683114,0.19010673843168852,0.20876528470446468,0.5142049429757187
REL00167,Skurups Elverk,6910.599932249323,1717.8431397918562,13904.25,15128.66342863071,10488.491009638972,22532.693072041176,33021.18408168015,37661.356500671885,39237.298808243795,4640.172418991739,0.30671396986797256,132333319.59599999,0.6083471935708786,6216189.0,0.1600908606478986,0.72910177,113,0.012407601095171472,4929.188447188299,0.93134881,0.20224704000000004,deduction,0.986508010219151,34,0.01,698.0052152628423,-0.25740624021915104,79,0.24076010951714719,4231.183231925456,3997.75,17.525,50.0,58946.5,6385.25,253.22799999999998,253.22799999999998,0.0,8.936,202.56499999999997,11.727,15.787156238646597,1.0,0.0,0.7327227298350975,0.04631004470279748
REL00168,Skyllbergs Bruk,6409.070723983739,0.0,2569.4075000000003,8016.518554017678,7929.88360079891,8978.47822398374,16908.361824782653,16994.99677800142,17849.629051273194,86.6349532187678,0.010807054538076075,1119670.864,0.022063866412192875,1268610.0,0.08611692245281816,0.98679101,22,-0.0034832952919131577,-619.5933004565321,0.93134881,-0.0554422,reward,0.866498043880622,72,0.01,647.3482525666848,0.12029296611937801,-50,-1.3483295291913158,-1266.9415530232168,1341.5,5.0,154.75,13825.0,2988.25,334.939,159.793,170.897,0.0,0.0,146.143,4.005206918274671,0.4770809012984454,0.5102332066435977,0.0,0.914576983973015
REL00169,Skånska Energi,39596.60735987805,10597.13404022746,49982.25,79932.58685717691,58005.83999361594,100175.9914001055,158181.83139372146,180108.5782572824,183427.23065844143,21926.74686356097,0.2743154916622373,614591351.4979578,0.48078929962162437,23383019.52,0.11321715921043674,0.78955991,91,0.008746386772304549,16184.190274957415,0.93134881,0.1417889,deduction,0.935464705748319,51,0.01,4236.969003365555,-0.14590479574831894,40,-0.12536132276954517,11947.22127159186,18974.5,92.0,618.0,258650.0,65132.75,2018.9497448620575,1860.6833296620575,158.26641519999998,16.008612207261407,966.6784049240931,777.0963125307031,9.398203223377614,0.9216095320833192,0.07839046791668079,0.4253817802164335,0.4176402830845169
REL00170,Skövde Energi,30975.04759882114,5309.491469419548,35853.25,68073.84812772916,47270.17393383077,72137.78906824069,119407.96300207145,140211.63719596984,144666.99146812502,20803.67419389839,0.30560449814536395,564105061.238734,0.6027994784917906,20424621.0,0.12188745143701975,0.94759676,34,-0.0010170474013734276,-1469.8362239165767,0.93134881,-0.01624795000000001,reward,1.0,1,0.01,3425.9937419094053,-0.05240323999999996,33,-1.1017047401373428,-4895.829965825982,20813.75,77.4,192.5,237968.25,76007.25,994.328,994.328,0.0,108.734,737.986,112.508,20.932479021007154,1.0,0.0,0.7564508578565026,0.11314978558383149
REL00171,Smedjebacken Energi,6563.997323333333,1244.6828744900931,5640.0,11999.34698301016,8691.649188272073,13448.680197823425,22140.3293860955,25448.027180833586,25440.68138147652,3307.6977947380874,0.2756564835921027,121432202.95724341,0.5450933637988918,6089328.0,0.1780896331328897,0.90987905,43,0.0013391675430109995,341.1498988314313,0.93134881,0.021469760000000004,deduction,0.920377616589051,56,0.01,662.9966152832567,-0.010498566589051017,-13,-0.8660832456989,-321.8467164518254,3541.0,12.75,72.25,45654.25,9953.75,294.4667120441369,264.98325332947906,4.057398,4.8623892334936425,190.06008911813572,66.26277497784972,12.025128325775745,0.8998750707338402,0.013778800231218823,0.579249415632371,0.25006401025448527
REL00173,Sollentuna Energi,57133.891429539304,10328.155239996833,45290.0,91004.97199041263,59396.5522460441,112752.04666953614,172148.59891558025,203757.01865994878,215837.3892319536,31608.419744368526,0.3473262949599993,890586976.2211753,0.5812744710606144,17633679.0,0.0689043352821795,0.99214487,21,-0.003821604987080618,-8216.99029083105,0.93134881,-0.06079605999999993,reward,0.980845098485844,37,0.01,5770.809275179532,0.011299771514155954,-16,-1.3821604987080618,-13987.799566010583,29213.25,118.0,255.5,414720.75,58506.5,1484.1643315219267,1484.1643315219267,0.0,93.74481124305875,1270.6935681444086,102.9377466996376,19.68329879619426,1.0,0.0,0.8096284605885317,0.06935737809712807
REL00175,Staffanstorps Energi,19206.024315514907,3935.9707070534055,34686.5,44256.29179743752,36279.49186234793,57828.49502256831,94107.98688491624,102084.78682000583,105977.20646403535,7976.799935089592,0.18024103717500017,220949053.445,0.5243817773303001,15411074.28,0.14475961846492333,0.56922822,144,0.018244601098569957,19691.109839233126,0.93134881,0.3621205900000001,deduction,0.781203835877377,102,0.013402888403661219,2608.8950395633383,-0.211975615877377,42,0.4841712694908738,17082.21479966979,7632.5,40.0,199.5,132392.5,15551.75,680.246,674.626,5.219,7.219,354.534,150.263,11.220205631492137,0.9917382829152983,0.0076722244599747745,0.46501676896886485,0.2227352636868428
REL00177,Sturefors El,941.6595020325203,0.0,1156.0,1477.157581738303,1070.2832120305698,2097.6595020325203,3167.94271406309,3574.817083770823,3809.0936492863084,406.8743697077332,0.2754441196645573,6621708.631,0.42374961351136453,253722.0,0.04555545999573751,0.9242403,41,0.00044398610198204125,16.91935670608911,0.93134881,0.007108510000000012,deduction,0.886780834119038,64,0.01,95.11232741938974,0.03745946588096205,-23,-0.9556013898017959,-78.19297071330064,236.25,2.0,21.5,2551.5,0.0,36.574,27.033,9.541,0.0,10.691,15.342,6.4595067534314,0.7391316235577187,0.26086837644228145,0.2548569805112966,0.5675285761846632
REL00178,Sundsvall Elnät,89439.8037687263,11930.722154024445,23623.0,121124.4156857012,81233.14188374626,124993.52592275075,206226.66780649702,246117.94160845195,243437.46921739925,39891.27380195494,0.32934131055349336,978098763.6103647,0.5830046783924102,51632427.0,0.2009332023189536,0.94832356,33,-0.0010626143995114967,-2584.054289212106,0.93134881,-0.016974749999999927,reward,0.785766376761616,98,0.01312878364280312,12282.869736170465,0.16255718323838397,-65,-1.4191398042314616,-14866.924025382572,28102.25,145.45,514.0,451495.75,141004.5,2024.6269006213124,1986.9735234803322,0.0,145.41991090853,1349.2445184584442,218.85909411335803,13.880211702895014,0.9814023131227658,0.0,0.6528525480766094,0.11014696045371053
REL00182,Njudung Sävsjö,8239.671975596208,0.0,14211.0,16141.61181219503,12443.954995089745,22450.671975596208,34894.62697068595,38592.28378779124,39450.40473579652,3697.656817105284,0.2290760588302399,124623234.31833206,0.49171524365818436,5708745.0,0.15230720099205533,0.70120381,124,0.014083731879302785,5634.892280714335,0.93134881,0.23014500000000004,deduction,0.931373545515055,52,0.01,832.2481502918147,-0.23016973551505504,72,0.40837318793027855,4802.644130422521,3506.25,18.5,123.75,52995.0,14726.25,396.36278,355.76661,40.59617,2.75965,201.97312,142.81784,8.846062690346455,0.8975782488961249,0.1024217511038751,0.4512369205970062,0.4014368858280432
REL00183,Söderhamn Elnät,17489.155267140923,3000.19801699358,8111.0,35209.07745494865,25559.166671538158,28600.353284134504,54159.51995567266,63809.43073908315,63499.923910758174,9649.910783410494,0.2740745137602063,275205821.2904142,0.5530808275448772,16999374.0,0.1715739324867241,0.95868174,29,-0.0017127031312134111,-1085.7041033990804,0.93134881,-0.027332929999999922,reward,0.822311835102247,85,0.010925163915681319,1931.7080774744886,0.1363699048977529,-56,-1.263786704689473,-3017.412180873569,9297.5,34.0,199.0,104162.5,24612.75,686.3077013495648,644.8949025423244,0.0,26.538116900605687,397.40678953665235,135.94999610506642,13.547130509707628,0.9396585544271094,0.0,0.5435234372448344,0.21080953744419467
REL00184,Södra Hallands Kraft,49757.88871550135,11887.776461749943,47947.2045,119335.4082425264,98552.81636261666,109592.86967725129,208145.68603986796,228928.2779197777,252066.26895789636,20782.59187990974,0.17415276979379915,609152879.5614074,0.41010351855362787,24611034.0,0.10357249145697513,0.68049801,133,0.01532239997758067,39218.940616052765,0.93134881,0.25085080000000004,deduction,0.761719923305372,111,0.014570931857049269,7356.601948460034,-0.08122191330537198,22,0.07514681205314008,31862.338667592732,20591.5,89.375,869.25,291081.0,35235.75,2813.415501768857,2405.3944637688573,404.137753,11.131267917837805,974.0601440075911,1299.2030518434285,7.319039788845147,0.8549730611267806,0.14364666461314,0.3058144070099035,0.5401205795609054
REL00185,Sölvesborg Energi,10574.371039295394,2006.4106671748148,19966.0,22088.15324538365,14116.931993043761,32546.78170647021,46663.71369951397,54634.934951853866,57535.39016584038,7971.22125233989,0.36088219616123174,218900109.27308905,0.6146091428481921,9895158.0,0.1320098160905163,0.67002047,136,0.015947466749731687,9322.932673680252,0.93134881,0.26132834000000005,deduction,0.80756680052149,89,0.011815993807644089,1264.3181518463512,-0.13754633052149,47,0.4131472942087598,8058.614521833901,5685.25,21.475,90.25,67533.5,12081.5,389.274,383.127,5.4319999999999995,25.7,313.449,32.078,14.604751409033225,0.9842090661076774,0.013954181373531238,0.768060816613854,0.08372680599383495
REL00186,Telge Nät,87330.23928781843,0.0,83036.25,178188.885590083,137370.42062458303,170366.48928781843,307736.90991240146,348555.3748779014,400230.99282169837,40818.46496549997,0.22907413574268234,1097571306.4574583,0.4909575120083374,54042786.0,0.12392643141316399,1.0,1,-0.004318594304211887,-17209.869791472956,0.93134881,-0.06865118999999997,reward,1.0,1,0.01,9979.622172298496,0.0,0,-1.4318594304211887,-27189.491963771452,53262.0,209.915,1083.0,648425.75,326483.5,4108.4728437950625,2819.4979437950624,181.183429,170.98485240470046,1497.8881440068744,1150.624947383487,12.963941110245,0.6862642278513023,0.04409994562179896,0.3594876800062405,0.4080956859414263
REL00187,Tibro Elnät,11350.320320772356,1699.7606128829411,12475.0,22257.89700914234,16343.076569720757,25525.0809336553,41868.15750337606,47782.97794279764,49868.46509681964,5914.820439421583,0.2657403094727276,227674122.3701878,0.49964796121429367,10275741.0,0.1605008859712895,0.83223608,73,0.006137805066257496,3079.6736755575575,0.93134881,0.09911272999999998,deduction,0.881178093796028,65,0.01,1146.4392175028152,-0.04894201379602792,8,-0.38621949337425043,1933.2344580547424,5374.75,23.45,162.5,76234.75,15193.25,599.080619926841,591.3654945921228,7.715125334718266,3.2984480832514373,363.25164880163294,214.0874895558979,8.971663948428773,0.9871217243921855,0.012878275607814568,0.5341616340069177,0.36202228826955574
REL00191,Trollhättan Energi,43247.05006716802,7737.828659047199,41019.0,70912.59910782923,53599.16243629599,92003.87872621522,145603.04116251122,162916.47783404443,163414.56435943028,17313.436671533236,0.24415177118535084,530627614.9405271,0.4956325292024394,26006505.0,0.12864339566382035,0.93841233,35,-0.0004417626451496126,-721.5856620666902,0.93134881,-0.00706351999999999,reward,1.0,1,0.01,4368.168724504807,-0.06158766999999998,34,-1.0441762645149613,-5089.754386571497,25001.5,85.09,502.25,294932.0,68263.5,1567.469,1526.968,35.836999999999996,73.606,708.033,641.299,15.950235698441245,0.9741615304672693,0.02286297209067611,0.44078524731348334,0.41998195116073156
REL00193,Töre Energi,3392.569839796748,434.7348898384196,2961.5,5151.206193579867,3507.767324300116,6788.804729635168,10296.572053935284,11940.010923215035,11775.58942670014,1643.4388692797515,0.31903962053160057,51344762.525,0.5374881911521262,0.0,0.0,0.95563843,32,-0.0015215704937867613,-178.90147582199342,0.93134881,-0.024289620000000012,reward,0.582884693008715,145,0.01824460109856996,630.3569190170896,0.372753736991285,-113,-1.9766171592356723,-809.2583948390829,951.25,4.375,49.5,15144.5,60.75,232.785,150.885,58.9,7.0,71.085,54.8,4.086388727796035,0.6481732070365358,0.2530231758919174,0.29631087164558173,0.3631905093282964
REL00195,Uddevalla Energi,50906.85376766938,8521.40627269878,35750.0,78567.97184101606,55387.01636777517,95178.26004036816,150565.27640814334,173746.2318813842,181133.48037686548,23180.955473240887,0.2950433227441334,632481400.9302416,0.49827518067590837,30827223.0,0.1614349693358518,0.95680427,31,-0.0015947771669158062,-2884.072265373778,0.93134881,-0.025455459999999985,reward,0.925627095214959,53,0.01,5141.847273871985,0.031177174785041006,-22,-1.1594777166915806,-8025.919539245762,26477.75,92.0,531.5,284044.25,75432.25,1882.8811170771103,1803.2033091177332,62.642046,83.97556056610757,859.6451819414398,732.609074610186,14.062358881745398,0.9576830383837165,0.03326925180345021,0.44265808989588495,0.40628201540326314
REL00201,Vallebygdens Energi,7572.35011895664,1164.0647759908811,7035.0,15226.23800618228,13810.178844342707,15771.41489494752,29581.593739290227,30997.6529011298,35972.962566108385,1416.0591618395738,0.0930012496366216,47340868.965168364,0.19527962109838512,3298386.0,0.0737530507337458,0.85949229,62,0.004461091611738022,1611.9618994819914,0.93134881,0.07185651999999998,deduction,0.995391803492238,30,0.01,764.8452994887166,-0.13589951349223794,32,-0.5538908388261978,847.1165999932748,2662.5,11.5,209.5,37838.5,0.0,588.2465040859272,572.1397033748515,16.106800711075696,0.0,75.79536914571062,454.41254376657383,4.526163745141576,0.9726189605901628,0.02738103940983714,0.11233988680931624,0.7942335431122042
REL00203,Vara Energi,16046.510586829269,1845.9280096477992,16250.0,19305.43956735783,15078.92526819824,34142.43859647706,49221.3638646753,53447.87816383489,54399.99511703999,4226.514299159589,0.21892867470916832,115230402.389,0.36877277966705735,5708745.0,0.10536373734948845,0.69818363,126,0.014264688781703061,7871.475602035134,0.93134881,0.23316517999999997,deduction,0.86052405711349,73,0.01,1620.777962287796,-0.16234042711348995,53,0.4264688781703061,6250.697639747338,4510.25,20.0,237.0,68144.25,14043.75,656.856,562.583,94.273,7.9,174.659,351.374,6.866421255191397,0.856478436674096,0.143521563325904,0.2438579645372899,0.6245727297127713
REL00204,Varberg Energi,48120.916717479675,8909.428108853243,34350.0,79253.45174763906,53211.83227006938,91380.34482633292,144592.1770964023,170633.79657397198,173325.9519389659,26041.61947756968,0.3285865650431491,757847708.5918947,0.5592419751470413,28163142.0,0.13389091791766505,0.88121121,55,0.0031189776029294514,5422.885117774693,0.93134881,0.050137600000000004,deduction,0.867089045081541,71,0.01,4860.453674258201,0.014122164918458968,-16,-0.6881022397070549,562.4314435164915,23678.0,73.95499999999998,348.0,295266.75,49306.25,1630.842482327003,1620.168978716225,9.173459,74.02265049233118,1107.7338677718762,374.9124604520174,14.518876137083781,0.99345522101218,0.0056249816272327235,0.6375969534700405,0.23140330754208563
REL00205,Varbergsortens Elkraft,40329.28949466125,6940.689530898534,30750.0,75955.01866052406,62434.85568987987,78019.97902555979,140454.83471543965,153974.99768608384,153042.15052389482,13520.162970644189,0.17800223354656344,341380099.7454437,0.3110529743130025,26513949.0,0.12762339160956365,0.6968612,127,0.01434389292875804,22269.347026370007,0.93134881,0.23448761000000007,deduction,0.707890820226033,126,0.01777714062295965,7297.982727964966,-0.011029620226033043,1,-0.343324769420161,14971.364298405042,11399.5,49.2,753.5,165839.75,36222.0,2217.466714146996,2078.0250261509923,96.755528,1.3548344047530536,500.51779295535766,1519.8523987908816,5.140776151124823,0.9371166714222164,0.04363336206253695,0.19740553696696483,0.7313927309172102
REL00235,Värnamo Elnät,24125.86891418699,6991.170055622733,32150.0,41591.21329882056,31964.393664867282,63267.03896980973,95231.43263467701,104858.25226863028,108572.56404418277,9626.81963395328,0.23146282280315866,305654455.1246041,0.47625194187264236,507444.0,0.003707014017901937,0.79658845,87,0.00831815812332315,9106.673781156585,0.93134881,0.13476036000000002,deduction,0.91406503991315,59,0.01,2436.8336309361466,-0.11747658991315002,28,-0.1681841876676851,6669.840150220439,10672.5,53.0,282.0,158111.75,83973.0,900.734473923103,873.3830451816026,26.62142874150022,0.0,517.9025968092778,331.97958799349203,11.848663850420282,0.9696343045222054,0.029555245760220488,0.5013049213425366,0.38010766275462043
REL00239,Västerviks Elnät,24534.59925365854,4784.344102763189,17337.0,43148.61731343977,30981.755271308873,46655.94335642173,77637.6986277306,89804.5606698615,88259.39632176443,12166.862042130895,0.2819757109190427,355487392.40497065,0.537562664273096,19282872.0,0.16221478226022576,0.98196671,23,-0.003178743269362183,-2796.6356951216476,0.93134881,-0.05061789999999999,reward,0.936229629461262,50,0.01,2478.1174429617736,0.04573708053873804,-27,-1.3178743269362183,-5274.753138083421,12735.25,52.6175,331.5,155621.75,48853.5,1100.63268869366,831.2035756936599,269.429113,52.658928509029415,503.14271210868037,219.68553907595012,11.570844779392713,0.7552052417053093,0.24479475829469063,0.44640949627232435,0.26429811600920644
REL00242,Västra Orust Energi,16245.381884810298,2109.6321064520307,10625.0,21206.97724002375,17615.447302194952,28980.013991262327,46595.46129345728,50186.991231286076,50617.91808826775,3591.5299378287964,0.16935605188704272,86493631.437,0.32832999366575155,3425247.0,0.07461303622945585,0.70431298,122,0.013897341807128205,7132.987770447263,0.93134881,0.22703583000000005,deduction,0.734367236064318,117,0.01620392510820223,2675.3912662380035,-0.030054256064317997,5,-0.23065833010740244,4457.596504209259,5633.75,19.3925,163.0,62336.5,1810.25,585.11,532.171,30.259,0.0,93.166,393.30499999999995,9.628531387260514,0.9095229956760268,0.0517150621250705,0.13882593067110735,0.7390575585667012
REL00243,Växjö Energi,72278.88542861523,11181.803190243472,58830.0,121996.5075161221,84670.86235245863,142290.6886188587,226961.55097131734,264287.19613498077,271492.0762698135,37325.645163663474,0.30595666977377045,1002878147.068079,0.6153500803456262,44020767.0,0.16437737078346204,0.80594348,81,0.007747335410993594,21196.98678431652,0.93134881,0.12540532999999998,deduction,0.827112918605114,82,0.010634594765541521,8228.987529823336,-0.021169438605114,-1,-0.2887259354547927,12967.999254493183,36668.25,106.75,416.25,370741.0,79175.5,1779.677690295067,1722.7090777435526,56.968612551514326,168.93166764370852,1352.880212137927,180.8971979619172,20.603871251496376,0.967989365230471,0.032010634769529,0.7577014869053984,0.10500739811440528
REL00244,Ystad Energi,28870.169751680216,0.0,35656.0,50534.76716098785,35662.288323010216,64526.169751680216,100188.45807469042,115060.93691266807,121901.82013885325,14872.478837977636,0.29430191674968254,406692484.03598976,0.5607244316988506,16999374.0,0.1402104702642644,0.75320896,105,0.010952487719289028,13498.314175031548,0.93134881,0.17813985,deduction,0.785292897715068,99,0.01315723929358903,3848.824971462136,-0.03208393771506801,6,-0.22047515743000012,9649.489203569412,13971.5,50.25,195.0,158404.25,52186.0,912.245,912.245,0.0,67.866,548.919,185.76999999999998,15.315512828242413,1.0,0.0,0.5990176207331452,0.20364046939144637
REL00246,Ålem Energi,8288.256889241193,1220.5728150205798,7306.5,15858.49128871142,12327.253105444563,16815.32970426177,29142.582809706335,32673.82099297319,32975.437781145054,3531.238183266858,0.22267176107606818,100255856.569,0.4491403270327406,5455023.0,0.13680027470181833,0.70174812,123,0.014051108733259987,4698.977911879065,0.93134881,0.22960069000000005,deduction,0.728609706480224,118,0.01654665650280673,1394.3103330859333,-0.026861586480224076,5,-0.24955477695467432,3304.6675787931317,3302.75,11.225,112.75,40206.0,1592.0,391.169,366.303,24.866,0.675,158.768,177.85999999999999,8.443281548384459,0.9364315679412224,0.06356843205877767,0.35560004785331883,0.4855543088645192
REL00249,Årsunda Kraft,5702.009490718157,712.7542294322507,4152.75,5116.043821278654,4378.002980838313,10567.513720150408,14945.516700988721,15683.557541429062,16251.591763469736,738.0408404403406,0.14426007012893058,22270274.56,0.4038553242188281,1776054.0,0.1809733133616605,0.71995355,118,0.012958150359671405,2133.3716025905037,0.93134881,0.21139525999999997,deduction,0.851886232445242,75,0.01,575.9315256300823,-0.13193268244524192,43,0.29581503596714054,1557.4400769604213,1510.25,5.0,72.25,17802.0,0.0,164.939,118.466,45.47,0.0,34.799,60.667,9.15641540205773,0.7182412892038875,0.27567767477673566,0.18394757686224592,0.5121047389124306
REL00255,Östra Kinds Elkraft,10236.639928658537,892.8263713933901,14649.139,17908.63453077368,15776.396197615533,25778.605300051924,41555.00149766746,43687.23983082561,43358.13172374474,2132.2383331581477,0.11906202728600948,59814199.92289705,0.21306035297882736,4186413.0,0.07477571775062036,0.97815514,26,-0.002938320869263822,-1270.2631055972736,0.93134881,-0.04680633000000001,reward,1.0,1,0.01,1033.9519183605548,-0.021844859999999966,25,-1.2938320869263822,-2304.2150239578286,2828.5,19.6075,276.25,41660.0,39286.25,719.1820429999999,604.202317,59.751987,0.0,91.50405591113558,482.6982610888644,3.9329402444493464,0.8401243091104266,0.08308325768361823,0.11093080736465062,0.7989017047891666
REL00257,Övik Energi,31963.532542757508,5517.440893262781,16201.0,46430.45649158666,33946.44916046413,53681.973436020286,87628.42259648442,100112.42992760695,102931.51011968285,12484.007331122528,0.2688753950412843,360377467.2257556,0.5626737452192714,12984857.655,0.158427646747958,,,,,0.93134881,,,,,0.01,3228.4769241165477,,,,,9200.5,85.0,145.0,152883.5,349895.75,743.5812517775371,736.8515727775371,0.0,68.27313928198451,480.7801891593539,90.9982443361987,12.373227509443156,0.9909496386791454,0.0,0.6555435991698733,0.12349603054138013
REL00267,Mälarenergi,212283.2567984011,39529.22818338212,152975.0,379906.1815826159,302858.72290906444,404787.4849817832,707646.2078908477,784693.6665643991,818326.2811033975,77047.45867355145,0.2028065412165356,2230798364.3072424,0.4688932366030171,90705615.0,0.10181664298300354,0.88310065,53,0.003001965233704329,24639.72710379293,0.93134881,0.048248159999999984,deduction,0.875359323880976,67,0.01,23763.095871837573,0.007741326119024006,-14,-0.6998034766295671,876.6312319553581,108157.75,388.0,2104.25,1094993.5,663209.5,8339.186203866133,7964.745424831488,351.07931766906347,376.3538589278335,2990.1484314842387,2922.6210539197186,12.969820718220316,0.9550986427355405,0.042099949453856714,0.35775291209121707,0.3669446916417361
REL00332,Tidaholms Elnät,21776.61539634146,4615.573271151084,7895.5,39442.70524496723,34080.67429138142,34287.68866749255,68368.36295887397,73730.39391245978,74848.24683644812,5362.030953585803,0.13594480703805129,168250421.9708361,0.32673088316782,9387714.0,0.10881388487070702,0.73693049,109,0.011935746469624586,9040.965196982086,0.93134881,0.19441832000000003,deduction,0.683982747561912,136,0.01824460109856996,4046.2071043702736,0.052947742438087975,-27,-0.6308854628945374,4994.758092611813,6829.0,29.9575,321.5,91870.0,33122.25,1028.935,934.056,93.167,7.449,255.554,575.053,6.636959574705886,0.9077891217618218,0.09054702192072386,0.22378315154773937,0.6156515241056211
REL00364,Österlens Kraft,17116.267420514905,2572.9975840233046,24200.0,31207.15523738869,24173.81606663258,43889.26500453821,68063.08107117079,75096.4202419269,79271.25287453308,7033.339170756113,0.2253758510589778,207937318.72036058,0.47382065598902295,10025824.83,0.11854240682352894,0.6930165,128,0.014574057780031735,11722.64337034792,0.93134881,0.23833231,deduction,0.801730236798409,92,0.012167964112857371,2108.198068502417,-0.10871373679840901,36,0.2406093667174364,9614.445301845502,7659.75,33.5,167.25,104209.5,34150.25,661.8629999999999,661.8629999999999,0.0,28.459000000000003,291.078,327.826,11.57301435493448,1.0,0.0,0.4264334924455975,0.4953079413715528
REL00570,Västerbergslagens Elnät,78993.70954609757,16869.522032608675,58550.0,156897.3297735366,130756.46649815951,154413.23157870624,285169.69807686575,311310.56135224283,321052.72312778153,26140.86327537708,0.1666112693766582,734502712.1967034,0.4349719404411455,44781933.0,0.13974928736869144,1.0,1,-0.004318594304211887,-13805.216638203801,0.93134881,-0.06865118999999997,reward,0.942725179427019,49,0.01,8387.75495938318,0.057274820572980945,-48,-1.4318594304211887,-22192.971597586984,26935.0,238.925,990.25,326478.0,551515.75,3109.946594123,2480.626005424,538.587688,90.790514825,1030.579569896,1130.941068703,8.660920432170839,0.7976426380156322,0.17318229483997966,0.3181146944984618,0.4559095430871669
REL00576,Härjeåns,96746.92847121951,26888.766938559384,37700.0,166856.8884156364,156751.16122592764,161335.69540977888,318086.8566357065,328192.5838254153,326713.8584773169,10105.727189708763,0.06056523818504661,412782013.50376016,0.3002944903679747,0.0,0.0,0.89151609,50,0.0024803018858086112,8123.614032806717,0.93134881,0.039832720000000044,deduction,0.819784810614173,87,0.011078002834926881,11429.766903565327,0.07173127938582702,-37,-0.859770094911827,-3306.1528707586103,27147.5,199.75,1781.75,380557.75,87003.75,6245.648704286141,3013.766912433871,3208.831029747175,0.0,643.9790678951967,1996.4911405342136,4.346626152919832,0.4825386529289811,0.5137706556478403,0.0898969303609096,0.662457050774998
REL00584,Umeå Energi,142875.15943600272,33778.22261626092,-2511.25,326061.0727683359,262305.5879278362,174142.13205226365,436447.7199800999,500203.2048205995,489223.35032581276,63755.484840499645,0.19553234091760924,1753390181.283044,0.4955643332927611,90832476.0,0.14370150955752573,1.0,1,-0.004318594304211887,-21036.527178209417,0.93134881,-0.06865118999999997,reward,0.800056060574887,93,0.012268856521452381,18226.323529395453,0.19994393942511302,-92,-1.658745082566427,-39262.85070760487,63398.25,288.75,1636.0,826099.75,612514.75,5888.496217277056,4956.664444526627,883.244596750428,240.01228824271354,2457.318449937666,1648.8337063462482,10.766458474404264,0.8417538640822421,0.14999493319855706,0.40459722802605214,0.33264985451394935
REL00585,Götene Elförening,28173.906248021685,4430.980525624795,32567.75,47955.30529178684,40736.26460839507,65172.63677364648,105908.90138204154,113127.94206543332,114298.10486365171,7219.040683391773,0.15053685175116915,205370969.67436576,0.30547526414380693,10783185.0,0.09728950126881089,1.0,1,-0.004318594304211887,-4914.8005461733055,0.93134881,-0.06865118999999997,reward,0.924279618847868,54,0.01,2845.705682320494,0.07572038115213198,-53,-1.4318594304211887,-7760.506228493799,7410.5,54.5,464.5,102553.5,197191.75,1423.135250107869,1356.1513164301166,66.75948601739422,5.856885438952678,298.95219188175093,858.8422391094131,5.207164954587632,0.9529321379168457,0.04691014856974,0.18726518845701703,0.6332938136801711
REL00590,LKAB Nät,5362.749034552846,444.52960047542064,2526.5,7082.656631682998,4462.4696453403885,8333.778635028266,12796.248280368654,15416.435266711263,15083.28213304772,2620.186986342609,0.36994409338180695,66948106.79000001,0.5920829194296164,0.0,0.0,0.84945874,67,0.005079299245099866,770.0263066116897,0.93134881,0.08189007000000004,deduction,0.70715925404743,127,0.01782050646691102,972.851831749846,0.14229948595257003,-60,-1.2741207221811153,-202.8255251381563,700.0,10.0,27.5,20937.75,822.75,128.24,122.94,3.5,0.0,113.48,8.01,5.458515283842794,0.9586712414223331,0.02729257641921397,0.771518744849712,0.06515373352855051
REL00594,VänerEnergi,31211.027530989162,4540.229604301155,25700.0,52652.30526642993,40178.59745845155,61451.25713529032,101629.85459374187,114103.56240172025,116735.8941253025,12473.707807978382,0.2369071542994979,379665845.828824,0.4590944883995602,18267984.0,0.14455512673696672,0.83725845,71,0.005829474942383506,6844.875559406619,0.93134881,0.09409036000000004,deduction,0.836827593230811,81,0.01004587950717317,3167.078823331848,0.00043085676918896976,-10,-0.4216404564789665,3677.7967360747707,14769.0,47.825,384.5,162685.0,47892.25,1299.0759435473442,1287.948527561161,0.0,57.90865087465122,518.1476907971803,577.8921858893295,11.368850353483396,0.9914343606765607,0.0,0.3923288454193193,0.44869198847846586
REL00824,Skellefteå Kraft,152439.85759897018,32316.548779591103,87430.75,316537.0727906332,269005.0160634313,272187.1563785613,541192.1724419926,588724.2291691945,589689.9955359215,47532.05672720191,0.15016268492076754,1585904181.3208618,0.39473318427479015,7738521.0,0.02284989629243139,1.0,1,-0.004318594304211887,-25356.577133017272,0.93134881,-0.06865118999999997,reward,1.0,1,0.01,15397.18934118256,0.0,0,-1.4318594304211887,-40753.76647419983,63952.0,353.5,4080.5,997791.75,268852.0,12803.250099226896,7905.8114608010565,4773.074629462203,300.1639993964959,2087.8241235685296,4153.323337836031,4.994981704205062,0.6174847323554538,0.37280179583076467,0.16561972286974677,0.525350668736438
REL00885,Gävle Energi,88650.19678936919,0.0,56500.0,159171.8899199518,110092.5528282533,145150.1967893692,255242.7496176225,304322.086709321,323724.93728991656,49079.337091698486,0.30834173745364646,1475122299.9982667,0.5706201633449384,67236330.0,0.1823504980953788,1.0,1,-0.004318594304211887,-13920.12142721339,0.93134881,-0.06865118999999997,reward,0.90079423152508,61,0.01,8954.114013212204,0.09920576847492002,-60,-1.4318594304211887,-22874.235440425593,48699.5,150.3,840.75,575680.75,110704.25,3576.8581005689175,3391.075064343845,152.25804808115123,175.24928284017562,2038.3280078220528,720.8437763083891,13.615161303786163,0.948059713021458,0.0425675393879712,0.5458427171833576,0.21257086989546442
REL00886,Kraftringen,237712.94633514906,42053.25417186021,266695.0,421649.2177260368,322290.5514360823,546461.2005070093,868751.7519430916,968110.4182330461,1015467.8862157201,99358.6662899545,0.2356429518019692,2905218550.103937,0.47134183791883966,103148141.88,0.09793586582170836,0.72056856,117,0.012921166564947129,132916.6686085448,0.93134881,0.21078025,deduction,0.793547303468252,96,0.01266081333776437,32823.00301266313,-0.07297874346825195,21,0.026035322718275834,100093.66559588167,100485.0,428.5,2623.25,1197326.25,589291.25,9954.23097432613,8987.19209834044,883.811915147801,365.50579935942693,4105.250938432303,4024.4353605487104,10.09470246965035,0.9028514730590571,0.08878756354230892,0.3962879831650569,0.4477967441345619
REL00899,Kvänumbygdens Energi,17345.3170647019,3964.601232882876,27403.0,36165.95966252762,33373.61373667563,48712.91829758478,82086.53203426041,84878.8779601124,90053.59307171442,2792.345925851987,0.07720923077689545,76131368.711,0.1669730841939529,6089328.0,0.08547237400662491,1.0,1,-0.004318594304211887,-3872.290349360655,0.93134881,-0.06865118999999997,reward,1.0,1,0.01,1751.9639235733862,0.0,0,-1.4318594304211887,-5624.254272934041,3995.0,76.5,468.25,74064.5,23050.5,1212.078,986.384,224.304,0.0,118.70100000000001,832.683,3.2959925021327012,0.8137958118206914,0.18505739729621362,0.08538360228844111,0.8441773183668835
REL00904,Öresundskraft,191560.1245702168,39941.36052318007,238870.0,350473.8304967065,250084.4199769819,470371.48509339686,720455.9050703788,820845.3155901034,841084.9819831944,100389.41051972457,0.286439105531641,2855661632.6612086,0.5668424094650273,122547726.0,0.17582029855188555,0.80339741,82,0.007902786902654224,66996.52426869248,0.93134881,0.12795140000000005,deduction,0.84321809732907,78,0.01,19348.532297815997,-0.03982068732907007,4,-0.20972130973457762,47647.99197087648,102067.75,370.25,1426.25,1089545.25,684322.75,5841.925580825886,5617.201067018761,224.72451380712502,388.14625582285765,3952.7386988393077,906.4161123565954,17.471593670245017,0.9615324586563194,0.03846754134368059,0.6563609894472228,0.16136437018047872
REL00936,Njudung Vetlanda,16481.093368726288,3494.4547324664186,24424.25,35343.42074993736,27785.866655644975,44399.798101192704,72185.66475683768,79743.21885113006,79540.38666859186,7557.5540942923835,0.2138319928838744,264957689.47,0.4978764535989651,12812961.0,0.1440732775584132,0.81890355,78,0.006954935064422463,5570.590800266395,0.93134881,0.11244525999999999,deduction,0.90223564727209,60,0.01,1664.6730005191325,-0.08333209727209001,18,-0.3045064935577537,3905.917799747262,8899.5,41.175,207.25,106794.75,79050.5,668.93615,664.32974,4.60641,19.6036,406.57514,231.781,13.303960325660379,0.9931138270820018,0.006886172917998228,0.5592213755661645,0.34889451133107485
REL00937,Tranås Energi,29826.054531571815,3692.609371221476,13300.0,39967.18771742355,32670.203414263065,46818.66390279329,79488.86731705636,86785.85162021684,89991.42464125188,7296.984303160483,0.18257437462830015,262523115.91656086,0.5134267557627455,13320405.0,0.11295351459625366,0.77453484,99,0.009659996229676615,8777.55058709173,0.93134881,0.15681397000000008,deduction,0.724842135255096,120,0.01677074312964577,5086.644895903018,0.04969270474490395,-21,-0.7110746899969156,3690.905691188712,10407.5,33.23,277.25,112082.0,45013.75,969.7552242228181,828.8191606373102,137.2454273231741,19.969683144493647,388.93652979043947,262.4879084368279,10.732089644931571,0.8546684152194622,0.14152584476476054,0.3702696628485445,0.31670106206882465
REL00938,Hedemora Elnät,24224.545869105692,3149.37927496728,22537.75,56268.23593592583,46759.28325261042,49911.67514407297,96670.95839668339,106179.9110799988,112875.67959362504,9508.952683315416,0.16899326103173945,288020339.16529876,0.42784321771923806,507444.0,0.005924221671877502,0.68223421,132,0.015218710569559812,17441.64875621226,0.93134881,0.24911460000000007,deduction,0.705712994100013,129,0.01790622168339517,4416.070613712451,-0.023478784100013028,3,-0.2687511113835358,13025.57814249981,9223.75,37.25,411.25,112467.25,39783.0,1226.068158781976,1000.8032225305019,118.6956422514742,42.84978682306159,398.2617339356967,549.8487017717435,7.523032005955716,0.8162704620962825,0.09680998678686108,0.3181563655415601,0.5494074053653295
REL00944,Linde Energi,32826.85549151762,6523.283595658938,36600.0,61195.04647360237,51942.918279518046,75950.13908717656,127893.05736669461,137145.18556077895,144471.1299259467,9252.128194084326,0.1511908026424231,283569846.2542053,0.38596427584189524,16618791.0,0.13072188586724393,1.0,1,-0.004318594304211887,-6212.23588189275,0.93134881,-0.06865118999999997,reward,0.992853161126674,32,0.01,3315.6768671892924,0.007146838873326011,-31,-1.4318594304211887,-9527.912749082043,11914.0,70.20750000000001,625.5,159876.25,204197.0,1709.6839714578791,1358.175111457879,339.854973,24.409083084411787,409.2740927143641,798.4919356591031,6.968539331769433,0.7944012660420148,0.19878233560919412,0.22298975338339688,0.5879153055617355
REL00945,Gotlands Elnät,123615.2238910569,36436.35835050803,73865.0,276276.3227007691,239069.58158726842,233916.58224156493,472986.1638288334,510192.90494233405,546356.8204692221,37206.7411135007,0.1346722033570672,936566439.3496088,0.31637164854628724,40595520.0,0.08106350264537378,0.8098039,80,0.0075114983496151755,41349.011836168705,0.93134881,0.12154491,deduction,0.807509867372513,90,0.011819428899786379,15432.07674104119,0.0022940326274870637,-10,-0.43079305501712034,25916.935095127516,42872.0,177.5,2251.0,533861.5,368223.25,7675.248972300143,6132.434999999991,1481.6045558480632,120.03699999999985,1123.3859999999977,3566.591999999994,5.585747140545459,0.7989884135526881,0.19303667688112158,0.143250224546604,0.5815947498832029
REL00958,Vimmerby Energi,13669.924941056912,823.5098969014132,17464.75,21954.96837450299,16105.1911826496,31958.184837958324,48063.376020607924,53913.153212461315,53734.21418424642,5849.777191853391,0.2664443460846395,165093357.73401454,0.5195207268699819,10275741.0,0.20428445151969812,0.74902626,106,0.011205406758994396,6088.985417918586,0.93134881,0.18232254999999997,deduction,0.76479538967042,110,0.01438682839091032,1995.1668836858587,-0.01576912967041999,-4,-0.31814216319159244,4093.818534232727,4960.5,22.5,112.25,63228.5,53722.0,398.4019758455128,396.3392618455128,0.0,0.0,271.00614908226953,123.5117527632433,12.450992466773103,0.9948225306974886,0.0,0.5930732360569358,0.311631384153373
REL00959,Åsele Elnät,6643.179759485096,853.6475466657486,4800.0,5506.174681735101,4375.928919021637,12296.827306150844,16672.75622517248,17803.001987885946,17527.747272619235,1130.2457627134645,0.2052687806041966,55606682.480000004,0.5954971903982381,0.0,0.0,0.84317042,68,0.0054661673500289165,963.3474407934868,0.93134881,0.08817839000000005,deduction,1.0,1,0.01,670.9944380385897,-0.15682958000000002,67,-0.45338326499710835,292.35300275489715,1840.25,7.0,100.0,23912.0,710.25,266.46999999999997,104.37,162.1,0.0,94.27,10.1,6.90603069763951,0.39167636131647093,0.6083236386835291,0.30844366121337025,0.0967711028073201
REL00965,Sörbylunds Elnät,40.45995934959349,4.52063999547936,8.0,20.1739467461,20.1739467461,52.98059934507285,73.15454609117285,73.15454609117285,67.69267689530287,0.0,0.0,,,,,,,,,0.93134881,,,,,0.01,4.086658598705284,,,,,7.0,0.08,0.0,107.0,0.0,0.86,0.86,0.0,0.0,0.0,0.0,8.13953488372093,1.0,0.0,0.0,0.0
REL01010,Sandviken Energi,55624.045501192406,9050.321252604168,26651.5,77134.67426409999,61004.59540541004,91325.86675379658,152330.46215920663,168460.54101789655,168167.36030998197,16130.07885868995,0.20911579665796567,515679256.091,0.5114420156459026,34252470.0,0.1985115144168516,0.85053592,66,0.005012984470797566,8472.570169074914,0.93134881,0.08081289000000003,deduction,0.794309452699404,95,0.0126149402969169,7106.018146585915,0.056226467300595995,-29,-0.7601955826119335,1366.5520224889988,21270.5,80.0,584.25,238713.75,112829.25,1734.8423,1412.3434,269.2795,47.0024,763.1231,469.0179,12.260768601272865,0.8141047748259308,0.15521843109313163,0.4106107500215127,0.33208488813697856
REL01012,Brittedals Elnät,15292.778471341464,3051.431897722781,20707.5,29438.05499330461,25306.452664559743,39051.71036906424,64358.16303362398,68489.76536236885,69883.32311897704,4131.602328744866,0.14034902542591748,110947920.145,0.27868767347223744,7104216.0,0.105285325672557,0.65679844,139,0.01673462073253318,11892.058618184936,0.93134881,0.27455037000000004,deduction,0.766158777009128,109,0.014305181264512079,2219.179028777501,-0.10936033700912806,30,0.24294394680210996,9672.879589407436,4629.0,22.0,300.25,63784.25,29514.0,930.8,808.956,116.782,0.752,176.571,595.033,4.973141383755909,0.8690975504941986,0.1254641168886979,0.16619959012359106,0.7355566928238372
REL03009,Dala Energi,79147.9992397832,15668.538161048531,66900.0,171942.5795231811,128247.10401706153,161716.53740083173,289963.64141789323,333659.11692401284,335547.85438110074,43695.475506119576,0.2541283004319974,1143198716.8462617,0.46895676979152484,68885523.0,0.18657705138867728,0.79360582,90,0.00849994778774188,28764.854845911526,0.93134881,0.13774299,deduction,0.783118452468011,101,0.013287890652894601,10657.780621672642,0.010487367531988978,-11,-0.47879428651527217,18107.074224238884,33931.5,133.25,1319.75,445455.25,111806.75,4651.692831420207,3801.6038176284965,777.438777,25.503089875646992,1774.2189890216418,1729.3817387312079,7.294441234555976,0.8172516878049814,0.16713029109504643,0.3380248106895206,0.45490846013775965
REL03015,Falu Elnät,63458.165326273716,19211.966756390917,46300.0,170514.4901754355,128581.64848882824,128970.13208266464,257551.78057149288,299484.62225810013,295218.61115163256,41932.84168660725,0.24591952064287462,1210096237.5201607,0.48949852549722866,56072562.0,0.1467760411539016,0.79862721,85,0.008193840220370285,24388.761542207885,0.93134881,0.1327216,deduction,0.799747984537437,94,0.01228741910257014,7893.770363140136,-0.0011207745374369749,-9,-0.40935788821998553,16494.99117906775,33519.0,109.235,981.25,418802.75,110009.25,3646.943452934099,3288.743288934099,290.184121,135.17848701945147,1728.6368444976802,1414.9279574169673,9.190984294816182,0.9017807189437459,0.07956913090235504,0.45032817224397464,0.4302336282001365
REL03016,Vaggeryds Elverk,16733.680564593495,2251.2786614464108,16580.0,30381.60922771465,25409.146642019932,35564.95922603991,60974.105868059836,65946.56845375456,66816.03049155224,4972.462585694717,0.16366686005423134,137891872.64309794,0.3530813652740024,9007131.0,0.08362937751920899,1.0,1,-0.004318594304211887,-2873.07881040331,0.93134881,-0.06865118999999997,reward,1.0,1,0.01,1690.1855727635716,0.0,0,-1.4318594304211887,-4563.264383166881,4198.25,43.1,291.5,60756.5,156058.25,705.647,661.216,44.431,8.226,190.739,453.251,5.949504497291138,0.9370350897828517,0.06296491021714823,0.24732649924607664,0.6854809925954605
REL03019,Trelleborgs Elnät,42959.99030239837,7565.291177095944,39950.0,71674.78145284049,52842.39999557102,90475.28147949431,143317.68147506533,162150.06293233478,165217.10305990855,18832.38145726947,0.2627476648765301,530914613.19502604,0.5364170828955208,17253096.0,0.11317969529385269,0.69152809,129,0.014663120130238738,24583.822802740353,0.93134881,0.23982072,deduction,0.703742767723734,130,0.01802295588907099,7883.467768743539,-0.012214677723733969,-1,-0.33598357588322525,16700.355033996813,17306.5,71.75,188.25,219086.0,59515.0,1094.773,1094.773,0.0,67.169,741.178,248.797,15.808299985476442,1.0,0.0,0.6516220904006325,0.22725898428258645
REL03028,E.ON,1972242.659599702,451422.0581171013,2623789.25,4832331.880195849,3828446.152867796,5047453.967716804,8875900.1205846,9879785.847912652,10110050.409262072,1003885.7273280527,0.2077435391890688,29566430316.916527,0.421267052954412,1414119567.0,0.1184270940812022,0.8293202,75,0.006316684925377292,642666.7483950595,0.93134881,0.10202861000000008,deduction,1.0,1,0.01,220572.48434564448,-0.17067980000000005,74,-0.36833150746227084,422094.264049415,1035833.25,4870.6875,46038.75,13409449.5,3905286.0,144787.957,116733.31,26097.203,4427.125,39744.067,61386.665,7.154139553195022,0.80623632254166,0.18024429338415213,0.26990296798739494,0.525871021733214
REL03030,Vattenfall,1962716.294983699,483442.5127651071,2221192.75,4379939.023763056,3544881.4115204434,4667351.557748806,8212232.96926925,9047290.581511863,9416021.893572332,835057.6122426125,0.19065507709401097,21543422813.600334,0.38471123721615613,1145808552.0,0.10141215807040074,0.78950922,92,0.008749473187432466,831092.174085967,0.93134881,0.14183959000000002,deduction,0.944440390499575,47,0.01,215940.9637890615,-0.15493117049957494,45,-0.12505268125675342,615151.2102969055,896386.5,3819.5,42611.0,10936351.25,2828429.0,104742.673,86769.877,14032.08,3132.633,28331.939,55305.30499999999,8.55798763126849,0.8284099929357349,0.1339671749641142,0.2657402088408477,0.6373790872147945
REL03035,Ellevio,1616607.3177378455,400118.83676754625,1574742.75,3530396.942196433,2952683.154792767,3591468.9045053916,6544152.059298159,7121865.846701825,7202412.154882031,577713.787403666,0.16363989570086188,16861149683.080126,0.42880522039036756,811910400.0,0.09358018501070424,0.8524787,65,0.004893347289659733,354167.87027116725,0.93134881,0.07887011,deduction,0.980898507616999,36,0.01,177188.22239312925,-0.128419807616999,29,-0.5106652710340267,176979.647878038,968386.25,3518.29,24455.25,10863817.5,3635858.0,85982.126,77409.157,5800.606,2109.529,23132.293,33664.362,11.262646029478265,0.9002935912517446,0.06746292828348999,0.2590984038780009,0.434888626935958
REL03038,Lidköping Elnät,45187.25424455285,9505.398868140335,31438.0,98416.65740489957,79590.12954443482,86130.6531126932,165720.782657128,184547.31051759276,193313.19743585843,18826.527860464746,0.19129411988673664,624356626.4539498,0.39949380343022,25118478.0,0.07584048868195392,1.0,1,-0.004318594304211887,-8312.437108853655,0.93134881,-0.06865118999999997,reward,0.962292238680491,44,0.01,4564.139066843603,0.03770776131950904,-43,-1.4318594304211887,-12876.576175697259,23082.0,93.5,856.0,256139.75,190179.0,3011.7599808822515,2734.073663800316,275.1734179934257,69.37725964928765,861.7602742615908,1347.34554353786,7.663957336081762,0.9077993203825654,0.09136631728296543,0.27250456347022606,0.4927978208403766
REL03041,Hjo Elnät,7816.460616978319,858.9215733101415,9760.25,12752.48982424101,7998.100479396395,18435.63219028846,26433.732669684854,31188.122014529472,31658.59807558365,4754.389344844616,0.3728204774417519,142816703.54215378,0.6001971343645647,7357938.0,0.14624067650516415,0.77187094,100,0.009821717872392943,3140.1082848963197,0.93134881,0.15947787000000002,deduction,0.82487849390343,83,0.010769856849080378,850.9368439710336,-0.05300755390343004,17,-0.09481389766874351,2289.1714409252863,3602.75,13.65,63.75,43089.5,12380.75,294.7417945848734,294.7417945848734,0.0,11.432773260435992,216.46201934807934,20.126719527188317,12.223410680776587,1.0,0.0,0.6790996484925982,0.06828593669769714
REL03042,Skara Elnät,14276.40047605691,2163.879676451298,20325.0,22460.81713727744,15822.246313966527,36765.2801525082,52587.52646647473,59226.09728978564,61260.30967585562,6638.570823310914,0.29556230224113744,179130526.02746361,0.5222084828593894,11544351.0,0.17516146106192929,0.93158776,37,-1.4934709565039839e-05,-9.148912691358838,0.93134881,-0.00023894999999996003,reward,1.0,1,0.01,1441.9879728481328,-0.06841224000000001,36,-1.001493470956504,-1451.1368855394917,7525.5,36.0,159.5,93072.0,62436.25,452.7837989844747,452.7837989844747,0.0,27.39895004344022,251.52706006433866,139.90070391533968,16.6205151705484,1.0,0.0,0.5448457037616468,0.30897904083387195
REL03043,Karlsborgs Elnät,10724.75556197832,523.6408261662177,11949.0,16738.4419627772,12132.928690466606,23197.396388144538,35330.325078611146,39935.83835092174,41848.55488526524,4605.513272310594,0.2751458757363615,144863026.52866006,0.472614075126854,7484799.0,0.12449783278133099,0.73761252,108,0.011894607712547245,5037.282446680059,0.93134881,0.19373629000000003,deduction,0.778825065742791,104,0.013545710128226812,1472.5563939538154,-0.041212545742790985,4,-0.1651102415679567,3564.7260527262442,4023.5,16.225,122.25,54111.75,9389.5,495.7388444508991,484.99592234787127,7.972154299343421,6.297603900221338,224.67979561222305,213.34452283542691,8.116168512993157,0.9783294728196514,0.016081358942476476,0.4078532415623899,0.43988931247632646
REL03044,Ulricehamn Energi,19939.497057452576,3899.805419400951,22105.0,47365.22316117388,37680.63712859202,45944.302476853525,83624.93960544554,93309.52563802741,95711.69170097986,9684.586032581865,0.20446617552349025,244509236.329,0.36250462284539364,12051795.0,0.11419459989073441,0.80174033,83,0.008003922067881142,7722.250548333129,0.93134881,0.12960848000000003,deduction,0.821826641019228,86,0.010954514691027711,2208.3341536894113,-0.020086311019227976,-3,-0.2950592623146569,5513.9163946437175,8915.25,47.64999999999999,311.5,124383.0,66916.0,1152.184,1127.535,24.649,20.759,357.397,679.095,7.737696409601244,0.9786067155940371,0.02139328440596294,0.2884625673365829,0.6022828559645599
REL03047,Karlshamn Elnät,15695.755909457994,2428.3371918766693,19408.25,22515.29076908376,15436.24000319866,37532.34310133466,52968.583104533325,60047.63387041842,63175.68465507361,7079.0507658851,0.31441080812536076,215100627.0367943,0.6157838513151567,10022019.0,0.14793763343810482,0.78766745,94,0.008861595756980423,5648.204520059975,0.93134881,0.14368135999999998,deduction,0.964080217507298,43,0.01,1585.3499825923639,-0.17641276750729795,51,-0.11384042430195776,4062.8545374676114,8249.0,24.625,92.25,87047.0,15244.0,420.868,418.638,1.307,54.395,258.69599999999997,41.847,19.599969586663754,0.9947014265755534,0.0031054867559424807,0.6651580206349894,0.09995986986370087
REL03049,Alingsås Energi,37401.84219901084,5348.670834159488,23135.0,53264.00181656522,38151.15175675049,65885.51303317033,104036.66478992082,119149.51484973554,121654.45735300754,15112.85005981473,0.2837347841767796,437831787.3374217,0.578069929554842,23215563.0,0.13550999978548905,0.78032511,96,0.009308208758999514,11429.747100807457,0.93134881,0.15102369999999998,deduction,0.754654429113537,115,0.01499350704656921,5692.561378865666,0.02567068088646307,-19,-0.5685298287569696,5737.185721941792,14945.0,53.2675,236.75,179313.5,33074.5,994.355,991.358,2.997,0.0,720.67,153.057,15.029843466367645,0.9969859858903509,0.003014014109648968,0.6318960581143932,0.15439124917537358
REL03050,Näckåns Elnät (Viggafors),698.1695460704607,0.0,721.5,855.6873680764546,855.6873680764545,1419.6695460704607,2275.356914146915,2275.356914146915,2337.0768393512517,1.1368683772161603e-13,1.3286025009014536e-16,0.0,0.0,0.0,0.0,0.9265549,40,0.00029948481140840144,7.0012866298485585,0.93134881,0.004793910000000068,deduction,1.0,1,0.01,70.51862198254234,-0.07344510000000004,39,-0.9700515188591599,-63.517335352693785,277.25,1.0,15.0,2627.75,0.0,26.88,25.67,1.21,0.0,0.0,24.82,10.314360119047619,0.9549851190476192,0.04501488095238095,0.0,0.966887417218543
