reid,nf_norm,nf_obs,ug_norm,ug_obs,k_upstream,cemi4_norm,cemi4_obs,aif_a_1_obs,aif_a_2_obs,aif_a_3_obs,aif_a_4_obs,aif_a_5_obs,aif_a_6_obs,aif_o_1_obs,aif_o_2_obs,aif_o_3_obs,aif_o_4_obs,aif_o_5_obs,aif_o_6_obs,aif_a_1_norm,aif_a_2_norm,aif_a_3_norm,aif_a_4_norm,aif_a_5_norm,aif_a_6_norm,aif_o_1_norm,aif_o_2_norm,aif_o_3_norm,aif_o_4_norm,aif_o_5_norm,aif_o_6_norm,ait_a_1_obs,ait_a_2_obs,ait_a_3_obs,ait_a_4_obs,ait_a_5_obs,ait_a_6_obs,ait_o_1_obs,ait_o_2_obs,ait_o_3_obs,ait_o_4_obs,ait_o_5_obs,ait_o_6_obs,ait_a_1_norm,ait_a_2_norm,ait_a_3_norm,ait_a_4_norm,ait_a_5_norm,ait_a_6_norm,ait_o_1_norm,ait_o_2_norm,ait_o_3_norm,ait_o_4_norm,ait_o_5_norm,ait_o_6_norm,e_in,reid_original,year,ame_1,ame_2,ame_3,ame_4,ame_5,ame_6,capcost,kpi,inc_aif_a_1,inc_aif_a_2,inc_aif_a_3,inc_aif_a_4,inc_aif_a_5,inc_aif_a_6,inc_aif_o_1,inc_aif_o_2,inc_aif_o_3,inc_aif_o_4,inc_aif_o_5,inc_aif_o_6,inc_ait_a_1,inc_ait_a_2,inc_ait_a_3,inc_ait_a_4,inc_ait_a_5,inc_ait_a_6,inc_ait_o_1,inc_ait_o_2,inc_ait_o_3,inc_ait_o_4,inc_ait_o_5,inc_ait_o_6,inc_inter,cemi4_diff,cemi4_adj_factor,inter_incentive_a,k_nf,loss_incentive_a,util_incentive_a,max_adj,inter_incentive,loss_incentive,util_incentive,incentive_total_year,incentive_total,inter_incentive_sum,loss_incentive_sum,util_incentive_sum
1,.0393,.038985491,.5014999999999999,.4041,19612000,.0852,.1390776876415991,.8795419653826737,.0859091002368499,.1027819478789311,.0569072998216132,.3314046865490004,,3.276144422162119,.767851814598567,1.088770822616555,1.296064795590828,1.798478038324679,,.9086,.2614,.295,.2857,.4211,,2.5972,.5647,.7067,.6929,1.0869,,1.461828758642918,.1425633087764532,.1433755929496867,.1281811500150762,.5566721480997605,,4.958271757121317,.7673627520735214,.9108315962122761,1.146403565849163,2.28374417326663,,1.4152,.418,.2069,.1837,.4559,,4.2289,.5333,.7063,.6582,1.4553,,196509,1,2024,558.4212328767123,3727.09703196347,4405.272945205479,1758.082305936073,11072.10810502283,,1000000,1.1546,32.224648,15640.008,5807.4438,427.26837,2121.3062,,-4281.2104,-61851.383,-34552.543,-9366.3027,-17738.588,,-423.90295,90081.922,25625.535,4924.8462,-6415.5181,,-16153.594,-161118.7,-182117.52,-96096.844,-61849.754,,-507305.31,-.053877689,.053877689,-507305.31,753.44,34924.141,-1910208.8,333333.34,-333333.34,34924.141,-333333.34,-333333.34,-1333333.4,-1333333.4,139696.56,-1333333.4
1,.0393,.038985491,.5014999999999999,.4041,19612000,.0852,.1390776876415991,.8795419653826737,.0859091002368499,.1027819478789311,.0569072998216132,.3314046865490004,,3.276144422162119,.767851814598567,1.088770822616555,1.296064795590828,1.798478038324679,,.6898,.2025,.2269,.2207,.333,,2.1085,.4953,.6213,.6106,.9601,,1.461828758642918,.1425633087764532,.1433755929496867,.1281811500150762,.5566721480997605,,4.958271757121317,.7673627520735214,.9108315962122761,1.146403565849163,2.28374417326663,,1.0535,.3188,.1731,.1571,.3728,,3.2346,.4716,.5999,.5599,1.2045,,196509,1,2025,558.4212328767123,3727.09703196347,4405.272945205479,1758.082305936073,11072.10810502283,,1000000,1.1546,-210.41917,10390.753,3749.9526,305.88144,37.729378,,-7362.7993,-82980.828,-42275.684,-10644.306,-20899.523,,-3712.1248,57638.438,11990.728,2565.2708,-11705.964,,-38174.625,-203590.33,-276857.41,-115445.98,-80573.906,,-807755.13,-.053877689,.053877689,-807755.13,753.44,34924.141,-1910208.8,333333.34,-333333.34,34924.141,-333333.34,-333333.34,-1333333.4,-1333333.4,139696.56,-1333333.4
1,.0393,.038985491,.5014999999999999,.4041,19612000,.0852,.1390776876415991,.8795419653826737,.0859091002368499,.1027819478789311,.0569072998216132,.3314046865490004,,3.276144422162119,.767851814598567,1.088770822616555,1.296064795590828,1.798478038324679,,.471,.1436,.1588,.1556,.245,,1.6198,.426,.5359,.5284,.8333,,1.461828758642918,.1425633087764532,.1433755929496867,.1281811500150762,.5566721480997605,,4.958271757121317,.7673627520735214,.9108315962122761,1.146403565849163,2.28374417326663,,.6919,.2196,.1393,.1305,.2897,,2.2403,.41,.4934,.4616,.9537,,196509,1,2026,558.4212328767123,3727.09703196347,4405.272945205479,1758.082305936073,11072.10810502283,,1000000,1.1546,-453.06302,5141.498,1692.4617,184.30775,-2043.4824,,-10444.388,-104079.84,-49998.828,-11920.757,-24060.459,,-6999.4375,25194.949,-1644.0807,205.69553,-16996.41,,-60195.656,-245993.11,-371686.38,-134795.13,-99298.07,,-1108190.1,-.053877689,.053877689,-1108190.1,753.44,34924.141,-1910208.8,333333.34,-333333.34,34924.141,-333333.34,-333333.34,-1333333.4,-1333333.4,139696.56,-1333333.4
1,.0393,.038985491,.5014999999999999,.4041,19612000,.0852,.1390776876415991,.8795419653826737,.0859091002368499,.1027819478789311,.0569072998216132,.3314046865490004,,3.276144422162119,.767851814598567,1.088770822616555,1.296064795590828,1.798478038324679,,.2522,.0847,.0907,.0906,.1569,,1.131,.3567,.4504,.4461,.7065,,1.461828758642918,.1425633087764532,.1433755929496867,.1281811500150762,.5566721480997605,,4.958271757121317,.7673627520735214,.9108315962122761,1.146403565849163,2.28374417326663,,.3302,.1205,.1055,.1039,.2066,,1.2461,.3483,.387,.3633,.7029,,196509,1,2027,558.4212328767123,3727.09703196347,4405.272945205479,1758.082305936073,11072.10810502283,,1000000,1.1546,-695.70685,-107.7568,-365.02936,62.920826,-4127.0591,,-13526.607,-125178.84,-57731.012,-13198.76,-27221.396,,-10287.659,-7215.8335,-15278.889,-2153.8796,-22286.855,,-82214.477,-288464.72,-466426.28,-154144.27,-118022.23,,-1408584.3,-.053877689,.053877689,-1408584.3,753.44,34924.141,-1910208.8,333333.34,-333333.34,34924.141,-333333.34,-333333.34,-1333333.4,-1333333.4,139696.56,-1333333.4
4,.03,.026225694,.8561,.59210002,21705000,.0062,0,0,.0016240628039531,0,0,.0021531323667276,,.1534589338809094,.3098800636884979,.257725813126109,.2598399759204088,.1736505520210436,,.0887,.0392,.0457,.0596,.1416,,.5041,.2295,.3311,.4108,.4815,,0,.0003924818442887,0,0,.0005203403219592,,.3529555479260915,.1202547285125791,.1197824141354477,.1003485379587189,.1390272586410148,,.0506,.0251,.0257,.03,.0939,,.5434,.0843,.2365,.4006,.5798,,120340,4,2024,191.8514840182648,6347.461301369863,2345.621347031964,781.2751141552511,3612.131506849315,,1000000,1.1546,33.794716,5703.2388,735.17737,49.461769,1075.9092,,759.62341,-41677.957,3533.1699,1041.739,2503.6182,,158.03976,13761.771,5520.1455,1182.601,1939.4418,,1449.0781,-42150.141,55336.629,26263.832,10735.511,,47954.688,.0062000002,.0062000002,47954.688,753.44,256659.36,-5730119.5,333333.34,47954.688,256659.36,-333333.34,-28719.297,-114877.19,191818.75,1026637.4,-1333333.4
4,.03,.026225694,.8561,.59210002,21705000,.0062,0,0,.0016240628039531,0,0,.0021531323667276,,.1534589338809094,.3098800636884979,.257725813126109,.2598399759204088,.1736505520210436,,.0887,.0392,.0457,.0596,.1416,,.5041,.2295,.3311,.4108,.4815,,0,.0003924818442887,0,0,.0005203403219592,,.3529555479260915,.1202547285125791,.1197824141354477,.1003485379587189,.1390272586410148,,.0506,.0251,.0257,.03,.0939,,.5434,.0843,.2365,.4006,.5798,,120340,4,2025,191.8514840182648,6347.461301369863,2345.621347031964,781.2751141552511,3612.131506849315,,1000000,1.1546,33.794716,5703.2388,735.17737,49.461769,1075.9092,,759.62341,-41677.957,3533.1699,1041.739,2503.6182,,158.03976,13761.771,5520.1455,1182.601,1939.4418,,1449.0781,-42150.141,55336.629,26263.832,10735.511,,47954.688,.0062000002,.0062000002,47954.688,753.44,256659.36,-5730119.5,333333.34,47954.688,256659.36,-333333.34,-28719.297,-114877.19,191818.75,1026637.4,-1333333.4
4,.03,.026225694,.8561,.59210002,21705000,.0062,0,0,.0016240628039531,0,0,.0021531323667276,,.1534589338809094,.3098800636884979,.257725813126109,.2598399759204088,.1736505520210436,,.0887,.0392,.0457,.0596,.1416,,.5041,.2295,.3311,.4108,.4815,,0,.0003924818442887,0,0,.0005203403219592,,.3529555479260915,.1202547285125791,.1197824141354477,.1003485379587189,.1390272586410148,,.0506,.0251,.0257,.03,.0939,,.5434,.0843,.2365,.4006,.5798,,120340,4,2026,191.8514840182648,6347.461301369863,2345.621347031964,781.2751141552511,3612.131506849315,,1000000,1.1546,33.794716,5703.2388,735.17737,49.461769,1075.9092,,759.62341,-41677.957,3533.1699,1041.739,2503.6182,,158.03976,13761.771,5520.1455,1182.601,1939.4418,,1449.0781,-42150.141,55336.629,26263.832,10735.511,,47954.688,.0062000002,.0062000002,47954.688,753.44,256659.36,-5730119.5,333333.34,47954.688,256659.36,-333333.34,-28719.297,-114877.19,191818.75,1026637.4,-1333333.4
4,.03,.026225694,.8561,.59210002,21705000,.0062,0,0,.0016240628039531,0,0,.0021531323667276,,.1534589338809094,.3098800636884979,.257725813126109,.2598399759204088,.1736505520210436,,.0887,.0392,.0457,.0596,.1416,,.5041,.2295,.3311,.4108,.4815,,0,.0003924818442887,0,0,.0005203403219592,,.3529555479260915,.1202547285125791,.1197824141354477,.1003485379587189,.1390272586410148,,.0506,.0251,.0257,.03,.0939,,.5434,.0843,.2365,.4006,.5798,,120340,4,2027,191.8514840182648,6347.461301369863,2345.621347031964,781.2751141552511,3612.131506849315,,1000000,1.1546,33.794716,5703.2388,735.17737,49.461769,1075.9092,,759.62341,-41677.957,3533.1699,1041.739,2503.6182,,158.03976,13761.771,5520.1455,1182.601,1939.4418,,1449.0781,-42150.141,55336.629,26263.832,10735.511,,47954.688,.0062000002,.0062000002,47954.688,753.44,256659.36,-5730119.5,333333.34,47954.688,256659.36,-333333.34,-28719.297,-114877.19,191818.75,1026637.4,-1333333.4
5,.0348,.029664073,.5064,.45930001,12321000,.0001,0,0,.0027086782261111,.0034403460591392,.0002082999519308,.0293335351125247,,.7840887066336159,.046338590927037,.0476469012512333,.163612546949497,.1147588548619798,,0,.0039,.0283,.0437,.0602,,.595,.2779,.1267,.2077,.2342,,0,.0014153407847844,.0044490213704143,.0001440741334188,.0581813148403829,,.7710205615230555,.0860460221493941,.0818556030352444,.2445787109290394,.1710515873214091,,0,.0075,.0465,.0617,.1104,,.3011,.0738,.0751,.1617,.1947,,142799,5,2026,11.19075342465753,3973.024086757991,3943.63401826484,1809.60502283105,6627.495662100457,,1000000,1.1546,0,113.17798,672.37213,83.600632,436.95795,,-23.894356,75152.836,6399.9829,704.67975,1782.2539,,0,2121.3025,15185.609,5620.3926,1989.9231,,-208.56531,-8985.8506,-5384.9194,-16791.742,1056.8074,,79924.922,.000099999997,.000099999997,79924.922,753.44,414432.63,-580318.94,333333.34,79924.922,333333.34,-333333.34,79924.922,319699.69,319699.69,1333333.4,-1333333.4
5,.0348,.029664073,.5064,.45930001,12321000,.0001,0,0,.0027086782261111,.0034403460591392,.0002082999519308,.0293335351125247,,.7840887066336159,.046338590927037,.0476469012512333,.163612546949497,.1147588548619798,,0,.0039,.0283,.0437,.0602,,.595,.2779,.1267,.2077,.2342,,0,.0014153407847844,.0044490213704143,.0001440741334188,.0581813148403829,,.7710205615230555,.0860460221493941,.0818556030352444,.2445787109290394,.1710515873214091,,0,.0075,.0465,.0617,.1104,,.3011,.0738,.0751,.1617,.1947,,142799,5,2024,11.19075342465753,3973.024086757991,3943.63401826484,1809.60502283105,6627.495662100457,,1000000,1.1546,0,113.17798,672.37213,83.600632,436.95795,,-23.894356,75152.836,6399.9829,704.67975,1782.2539,,0,2121.3025,15185.609,5620.3926,1989.9231,,-208.56531,-8985.8506,-5384.9194,-16791.742,1056.8074,,79924.922,.000099999997,.000099999997,79924.922,753.44,414432.63,-580318.94,333333.34,79924.922,333333.34,-333333.34,79924.922,319699.69,319699.69,1333333.4,-1333333.4
5,.0348,.029664073,.5064,.45930001,12321000,.0001,0,0,.0027086782261111,.0034403460591392,.0002082999519308,.0293335351125247,,.7840887066336159,.046338590927037,.0476469012512333,.163612546949497,.1147588548619798,,0,.0039,.0283,.0437,.0602,,.595,.2779,.1267,.2077,.2342,,0,.0014153407847844,.0044490213704143,.0001440741334188,.0581813148403829,,.7710205615230555,.0860460221493941,.0818556030352444,.2445787109290394,.1710515873214091,,0,.0075,.0465,.0617,.1104,,.3011,.0738,.0751,.1617,.1947,,142799,5,2025,11.19075342465753,3973.024086757991,3943.63401826484,1809.60502283105,6627.495662100457,,1000000,1.1546,0,113.17798,672.37213,83.600632,436.95795,,-23.894356,75152.836,6399.9829,704.67975,1782.2539,,0,2121.3025,15185.609,5620.3926,1989.9231,,-208.56531,-8985.8506,-5384.9194,-16791.742,1056.8074,,79924.922,.000099999997,.000099999997,79924.922,753.44,414432.63,-580318.94,333333.34,79924.922,333333.34,-333333.34,79924.922,319699.69,319699.69,1333333.4,-1333333.4
5,.0348,.029664073,.5064,.45930001,12321000,.0001,0,0,.0027086782261111,.0034403460591392,.0002082999519308,.0293335351125247,,.7840887066336159,.046338590927037,.0476469012512333,.163612546949497,.1147588548619798,,0,.0039,.0283,.0437,.0602,,.595,.2779,.1267,.2077,.2342,,0,.0014153407847844,.0044490213704143,.0001440741334188,.0581813148403829,,.7710205615230555,.0860460221493941,.0818556030352444,.2445787109290394,.1710515873214091,,0,.0075,.0465,.0617,.1104,,.3011,.0738,.0751,.1617,.1947,,142799,5,2027,11.19075342465753,3973.024086757991,3943.63401826484,1809.60502283105,6627.495662100457,,1000000,1.1546,0,113.17798,672.37213,83.600632,436.95795,,-23.894356,75152.836,6399.9829,704.67975,1782.2539,,0,2121.3025,15185.609,5620.3926,1989.9231,,-208.56531,-8985.8506,-5384.9194,-16791.742,1056.8074,,79924.922,.000099999997,.000099999997,79924.922,753.44,414432.63,-580318.94,333333.34,79924.922,333333.34,-333333.34,79924.922,319699.69,319699.69,1333333.4,-1333333.4
7,.0418,.028790787,.4885,.38690001,5047000,.0001,0,0,.1386869311102933,.034334193104989,.0113722638278558,.0804815646806608,,2,.0869320343109809,.6033312346082207,.3269625136679664,.9877501701315174,,.2487,.0725,.0452,.0268,.1504,,.2626,.0041,.033,.0475,.1455,,0,.0336256052958247,.0220633348107399,.0073810113263601,.0548808942359218,,1.391270480795058,.0495964828949273,.392098697152812,.5702210686114721,.7137258294078263,,.3189,.0837,.0618,.0564,.1959,,.2349,.0026,.0262,.004,.0958,,28655,7,2027,1.558333333333333,518.8775114155251,857.409703196347,221.3287671232877,1583.015182648402,,1000000,1.1546,.76965511,-821.19965,63.895222,3.6270995,236.41774,,-30.572475,-3510.9221,-10038.732,-546.32922,-3001.8733,,8.0903177,2279.9521,3119.8904,547.41315,1283.583,,-71.468666,-4503.7383,-63411.457,-14031.137,-6595.7749,,-99019.57,.000099999997,.000099999997,-99009.672,753.44,210649.95,-512775.16,333333.34,-99009.672,210649.95,-333333.34,-221693.06,-885990.13,-395256.59,842599.81,-1333333.4
7,.0418,.028790787,.4885,.38690001,5047000,.0001,0,0,.1386869311102933,.034334193104989,.0113722638278558,.0804815646806608,,2,.0869320343109809,.6033312346082207,.3269625136679664,.9877501701315174,,.4303,.0725,.0452,.0268,.169,,.2626,.0041,.033,.0475,.1455,,0,.0336256052958247,.0220633348107399,.0073810113263601,.0548808942359218,,1.391270480795058,.0495964828949273,.392098697152812,.5702210686114721,.7137258294078263,,.9086,.0837,.0618,.0564,.2302,,.2349,.0026,.0262,.004,.0958,,28655,7,2024,1.558333333333333,518.8775114155251,857.409703196347,221.3287671232877,1583.015182648402,,1000000,1.1546,1.331655,-821.19965,63.895222,3.6270995,299.31061,,-30.572475,-3510.9221,-10038.732,-546.32922,-3001.8733,,23.050682,2279.9521,3119.8904,547.41315,1595.7881,,-71.468666,-4503.7383,-63411.457,-14031.137,-6595.7749,,-98628.945,.000099999997,.000099999997,-98619.086,753.44,210649.95,-512775.16,333333.34,-98619.086,210649.95,-333333.34,-221302.47,-885990.13,-395256.59,842599.81,-1333333.4
7,.0418,.028790787,.4885,.38690001,5047000,.0001,0,0,.1386869311102933,.034334193104989,.0113722638278558,.0804815646806608,,2,.0869320343109809,.6033312346082207,.3269625136679664,.9877501701315174,,.3092,.0725,.0452,.0268,.1566,,.2626,.0041,.033,.0475,.1455,,0,.0336256052958247,.0220633348107399,.0073810113263601,.0548808942359218,,1.391270480795058,.0495964828949273,.392098697152812,.5702210686114721,.7137258294078263,,.5155,.0837,.0618,.0564,.2074,,.2349,.0026,.0262,.004,.0958,,28655,7,2026,1.558333333333333,518.8775114155251,857.409703196347,221.3287671232877,1583.015182648402,,1000000,1.1546,.95688522,-821.19965,63.895222,3.6270995,257.38202,,-30.572475,-3510.9221,-10038.732,-546.32922,-3001.8733,,13.077951,2279.9521,3119.8904,547.41315,1388.2582,,-71.468666,-4503.7383,-63411.457,-14031.137,-6595.7749,,-98888.758,.000099999997,.000099999997,-98878.867,753.44,210649.95,-512775.16,333333.34,-98878.867,210649.95,-333333.34,-221562.25,-885990.13,-395256.59,842599.81,-1333333.4
7,.0418,.028790787,.4885,.38690001,5047000,.0001,0,0,.1386869311102933,.034334193104989,.0113722638278558,.0804815646806608,,2,.0869320343109809,.6033312346082207,.3269625136679664,.9877501701315174,,.3698,.0725,.0452,.0268,.1628,,.2626,.0041,.033,.0475,.1455,,0,.0336256052958247,.0220633348107399,.0073810113263601,.0548808942359218,,1.391270480795058,.0495964828949273,.392098697152812,.5702210686114721,.7137258294078263,,.7121,.0837,.0618,.0564,.2188,,.2349,.0026,.0262,.004,.0958,,28655,7,2025,1.558333333333333,518.8775114155251,857.409703196347,221.3287671232877,1583.015182648402,,1000000,1.1546,1.1444248,-821.19965,63.895222,3.6270995,278.34631,,-30.572475,-3510.9221,-10038.732,-546.32922,-3001.8733,,18.065584,2279.9521,3119.8904,547.41315,1492.0232,,-71.468666,-4503.7383,-63411.457,-14031.137,-6595.7749,,-98758.852,.000099999997,.000099999997,-98748.977,753.44,210649.95,-512775.16,333333.34,-98748.977,210649.95,-333333.34,-221432.38,-885990.13,-395256.59,842599.81,-1333333.4
8,.0318,.033969928,.322,.23549999,19859000,.1964,.2282814765250362,.1939366333677001,.4489801443077763,.035031818467728,.0149277147210249,.0979554927205166,,3.611720379402206,2.738774589097344,2.400132074116092,2.490092998132456,2.725563368175703,,.1201,.0408,.043,.0512,.1214,.3333,2.2493,.9271,1.0197,1.089,1.5375,.3333,.4506799890882962,3.333303804379405,.0485673294752787,.0451046119310107,.2046627147090283,,1.395281129147133,1.198583011154958,.635449874403647,.6703296680316125,.8926448588888339,,.3451,.0491,.0733,.1041,.212,2.2111,.9787,.5747,.8552,.9167999999999999,1.2643,.1611,261967,8,2025,241.5961187214612,1931.326826484018,4235.894748858447,1301.003196347032,9594.998059360731,,1000000,1.1546,-35.42598,-18850.346,231.48476,50.12711,480.49545,,-3716.8198,-285820.91,-120039.32,-16100.462,-25665.555,,-415.26205,-556584.38,9593.4688,3872.6604,404.80066,,-3991.6077,-222536.83,188145.05,35901.449,24045.258,,-991032.19,-.031881478,.031881478,-991032.19,753.44,-321219.41,-1717803.6,333333.34,-333333.34,-321219.41,-333333.34,-333333.34,-1333333.4,-1333333.4,-1284877.6,-1333333.4
8,.0318,.033969928,.322,.23549999,19859000,.1964,.2282814765250362,.1939366333677001,.4489801443077763,.035031818467728,.0149277147210249,.0979554927205166,,3.611720379402206,2.738774589097344,2.400132074116092,2.490092998132456,2.725563368175703,,.1201,.0408,.043,.0512,.1214,.3333,1.5765,.7573,.8697,.8844,1.1877,.3333,.4506799890882962,3.333303804379405,.0485673294752787,.0451046119310107,.2046627147090283,,1.395281129147133,1.198583011154958,.635449874403647,.6703296680316125,.8926448588888339,,.3451,.0491,.0733,.1041,.212,2.2111,.9787,.5747,.8552,.8984,1.2643,.1611,261967,8,2027,241.5961187214612,1931.326826484018,4235.894748858447,1301.003196347032,9594.998059360731,,1000000,1.1546,-35.42598,-18850.346,231.48476,50.12711,480.49545,,-5552.2856,-312609.59,-133082.98,-18451.594,-33222.234,,-415.26205,-556584.38,9593.4688,3872.6604,404.80066,,-3991.6077,-222536.83,188145.05,33221.262,24045.258,,-1045288.1,-.031881478,.031881478,-1045288.1,753.44,-321219.41,-1717803.6,333333.34,-333333.34,-321219.41,-333333.34,-333333.34,-1333333.4,-1333333.4,-1284877.6,-1333333.4
8,.0318,.033969928,.322,.23549999,19859000,.1964,.2282814765250362,.1939366333677001,.4489801443077763,.035031818467728,.0149277147210249,.0979554927205166,,3.611720379402206,2.738774589097344,2.400132074116092,2.490092998132456,2.725563368175703,,.1201,.0408,.043,.0512,.1214,.3333,2.5858,1.012,1.0947,1.1912,1.7123,.3333,.4506799890882962,3.333303804379405,.0485673294752787,.0451046119310107,.2046627147090283,,1.395281129147133,1.198583011154958,.635449874403647,.6703296680316125,.8926448588888339,,.3451,.0491,.0733,.1041,.212,2.2111,.9787,.5747,.8552,.926,1.2643,.1611,261967,8,2024,241.5961187214612,1931.326826484018,4235.894748858447,1301.003196347032,9594.998059360731,,1000000,1.1546,-35.42598,-18850.346,231.48476,50.12711,480.49545,,-2798.814,-272426.56,-113517.48,-14926.045,-21889.377,,-415.26205,-556584.38,9593.4688,3872.6604,404.80066,,-3991.6077,-222536.83,188145.05,37241.543,24045.258,,-963907.13,-.031881478,.031881478,-963907.13,753.44,-321219.41,-1717803.6,333333.34,-333333.34,-321219.41,-333333.34,-333333.34,-1333333.4,-1333333.4,-1284877.6,-1333333.4
8,.0318,.033969928,.322,.23549999,19859000,.1964,.2282814765250362,.1939366333677001,.4489801443077763,.035031818467728,.0149277147210249,.0979554927205166,,3.611720379402206,2.738774589097344,2.400132074116092,2.490092998132456,2.725563368175703,,.1201,.0408,.043,.0512,.1214,.3333,1.9129,.8421999999999999,.9447,.9867,1.3626,.3333,.4506799890882962,3.333303804379405,.0485673294752787,.0451046119310107,.2046627147090283,,1.395281129147133,1.198583011154958,.635449874403647,.6703296680316125,.8926448588888339,,.3451,.0491,.0733,.1041,.212,2.2111,.9787,.5747,.8552,.9076,1.2643,.1611,261967,8,2026,241.5961187214612,1931.326826484018,4235.894748858447,1301.003196347032,9594.998059360731,,1000000,1.1546,-35.42598,-18850.346,231.48476,50.12711,480.49545,,-4634.5527,-299215.25,-126561.16,-17276.027,-29443.895,,-415.26205,-556584.38,9593.4688,3872.6604,404.80066,,-3991.6077,-222536.83,188145.05,34561.355,24045.258,,-1018160.1,-.031881478,.031881478,-1018160.1,753.44,-321219.41,-1717803.6,333333.34,-333333.34,-321219.41,-333333.34,-333333.34,-1333333.4,-1333333.4,-1284877.6,-1333333.4
11,.0578,.046554986,.4593,.38240001,13471000,.0274,.1438519697572622,.4004261339552652,.1998693608083599,.1389202882424975,.3010803722106408,.3649883921983406,,1.299969669510699,1.342005857062113,.5168950568178816,.6711883676337668,1.005272604294548,,.2745,.179,.1389,.0762,.2082,,.5647,.8046,.625,.6004,.6048,,.7003163162333427,.6365905543159192,.1510574449013309,.276708917415982,.5636702963366336,,.982209836749124,1.194726578219646,.5724450581096999,.976769113413481,1.136967635095971,,.4073,.2368,.2051,.0837,.4043,,.6589,.6756,.5991,.5556,.6524,,72409,11,2025,302.9788812785388,1167.774200913242,799.7293378995433,546.2243150684932,5065.578310502283,,1000000,1.1546,-75.768417,-582.74652,-.11127701,-130.4794,-1696.4702,,-2515.5295,-51264.801,1774.8102,-341.52768,-4567.3892,,-1445.2894,-40967.227,3957.6594,-5319.3848,-4641.9165,,-3884.9871,-111963.15,4308.6304,-25757.072,-16551.137,,-261663.91,-.11645197,.11645197,-261663.91,753.44,460110.84,-1035919.8,333333.34,-261663.91,333333.34,-333333.34,-261663.91,-1046655.6,-1046655.6,1333333.4,-1333333.4
11,.0578,.046554986,.4593,.38240001,13471000,.0274,.1438519697572622,.4004261339552652,.1998693608083599,.1389202882424975,.3010803722106408,.3649883921983406,,1.299969669510699,1.342005857062113,.5168950568178816,.6711883676337668,1.005272604294548,,.2745,.179,.1389,.0762,.2082,,.5647,.8046,.625,.6004,.6048,,.7003163162333427,.6365905543159192,.1510574449013309,.276708917415982,.5636702963366336,,.982209836749124,1.194726578219646,.5724450581096999,.976769113413481,1.136967635095971,,.4073,.2368,.2051,.0837,.4043,,.6589,.6756,.5991,.5556,.6524,,72409,11,2026,302.9788812785388,1167.774200913242,799.7293378995433,546.2243150684932,5065.578310502283,,1000000,1.1546,-75.768417,-582.74652,-.11127701,-130.4794,-1696.4702,,-2515.5295,-51264.801,1774.8102,-341.52768,-4567.3892,,-1445.2894,-40967.227,3957.6594,-5319.3848,-4641.9165,,-3884.9871,-111963.15,4308.6304,-25757.072,-16551.137,,-261663.91,-.11645197,.11645197,-261663.91,753.44,460110.84,-1035919.8,333333.34,-261663.91,333333.34,-333333.34,-261663.91,-1046655.6,-1046655.6,1333333.4,-1333333.4
11,.0578,.046554986,.4593,.38240001,13471000,.0274,.1438519697572622,.4004261339552652,.1998693608083599,.1389202882424975,.3010803722106408,.3649883921983406,,1.299969669510699,1.342005857062113,.5168950568178816,.6711883676337668,1.005272604294548,,.2745,.179,.1389,.0762,.2082,,.5647,.8046,.625,.6004,.6048,,.7003163162333427,.6365905543159192,.1510574449013309,.276708917415982,.5636702963366336,,.982209836749124,1.194726578219646,.5724450581096999,.976769113413481,1.136967635095971,,.4073,.2368,.2051,.0837,.4043,,.6589,.6756,.5991,.5556,.6524,,72409,11,2027,302.9788812785388,1167.774200913242,799.7293378995433,546.2243150684932,5065.578310502283,,1000000,1.1546,-75.768417,-582.74652,-.11127701,-130.4794,-1696.4702,,-2515.5295,-51264.801,1774.8102,-341.52768,-4567.3892,,-1445.2894,-40967.227,3957.6594,-5319.3848,-4641.9165,,-3884.9871,-111963.15,4308.6304,-25757.072,-16551.137,,-261663.91,-.11645197,.11645197,-261663.91,753.44,460110.84,-1035919.8,333333.34,-261663.91,333333.34,-333333.34,-261663.91,-1046655.6,-1046655.6,1333333.4,-1333333.4
11,.0578,.046554986,.4593,.38240001,13471000,.0274,.1438519697572622,.4004261339552652,.1998693608083599,.1389202882424975,.3010803722106408,.3649883921983406,,1.299969669510699,1.342005857062113,.5168950568178816,.6711883676337668,1.005272604294548,,.2745,.179,.1389,.0762,.2082,,.5647,.8046,.625,.6004,.6048,,.7003163162333427,.6365905543159192,.1510574449013309,.276708917415982,.5636702963366336,,.982209836749124,1.194726578219646,.5724450581096999,.976769113413481,1.136967635095971,,.4073,.2368,.2051,.0837,.4043,,.6589,.6756,.5991,.5556,.6524,,72409,11,2024,302.9788812785388,1167.774200913242,799.7293378995433,546.2243150684932,5065.578310502283,,1000000,1.1546,-75.768417,-582.74652,-.11127701,-130.4794,-1696.4702,,-2515.5295,-51264.801,1774.8102,-341.52768,-4567.3892,,-1445.2894,-40967.227,3957.6594,-5319.3848,-4641.9165,,-3884.9871,-111963.15,4308.6304,-25757.072,-16551.137,,-261663.91,-.11645197,.11645197,-261663.91,753.44,460110.84,-1035919.8,333333.34,-261663.91,333333.34,-333333.34,-261663.91,-1046655.6,-1046655.6,1333333.4,-1333333.4
12,.0488,.04052439,.4675,.39019999,25279000,.122,.1479487925516439,.1076179378535773,.029710886017703,.0832225511825387,.124215072591029,.119625543853378,,1.790979476405552,.7193373415104695,1.400076189078211,1.263026542463263,1.671745575309633,,.2766,.1761,.1525,.1243,.1938,,1.3256,.3825,.7465000000000001,.7557,1.0469,,.2742690286143403,.0343804979976709,.1128762879501998,.3209365212774067,.2562183894199252,,1.095862387961988,.4105030912403191,.8028617449791691,.5892150993091773,.9137739761517749,,.3963,.3336,.2413,.2013,.3554,,1.7015,.4001,.718,.7412,1.1711,,214192,12,2027,514.6154109589041,2097.804337899543,2793.458789954338,1046.780479452055,16984.96164383562,,1000000,1.1546,172.69644,7343.2012,1327.2483,.094432801,2691.053,,-2704.3347,-57722.246,-37480.191,-4690.6841,-23894.803,,1022.3593,55080.773,32850.879,-6318.7676,9686.2715,,12361.009,-4030.606,-47915.133,17812.506,29470.852,,-14937.836,-.025948793,.025948793,-14937.836,753.44,1001643.6,-1954067,333333.34,-14937.836,333333.34,-333333.34,-14937.836,543668.25,543668.25,1333333.4,-1333333.4
12,.0488,.04052439,.4675,.39019999,25279000,.122,.1479487925516439,.1076179378535773,.029710886017703,.0832225511825387,.124215072591029,.119625543853378,,1.790979476405552,.7193373415104695,1.400076189078211,1.263026542463263,1.671745575309633,,.2766,.2012,.1702,.1243,.1938,,1.3256,.3825,.947,.916,1.1275,,.2742690286143403,.0343804979976709,.1128762879501998,.3209365212774067,.2562183894199252,,1.095862387961988,.4105030912403191,.8028617449791691,.5892150993091773,.9137739761517749,,.3963,.5411,.2881,.2284,.3554,,2.233,.4001,1.0119,.9722,1.4858,,214192,12,2024,514.6154109589041,2097.804337899543,2793.458789954338,1046.780479452055,16984.96164383562,,1000000,1.1546,172.69644,8602.2725,1666.3528,.094432801,2691.053,,-2704.3347,-57722.246,-25982.254,-3208.5684,-20812.566,,1022.3593,93277.688,44822.355,-4887.4438,9686.2715,,23208.877,-4030.606,118028.4,44885.516,65512.59,,294228.5,-.025948793,.025948793,286593.63,753.44,1001643.6,-1954067,333333.34,286593.63,333333.34,-333333.34,286593.63,543668.25,543668.25,1333333.4,-1333333.4
12,.0488,.04052439,.4675,.39019999,25279000,.122,.1479487925516439,.1076179378535773,.029710886017703,.0832225511825387,.124215072591029,.119625543853378,,1.790979476405552,.7193373415104695,1.400076189078211,1.263026542463263,1.671745575309633,,.2766,.1928,.1643,.1243,.1938,,1.3256,.3825,.8802,.8625,1.1006,,.2742690286143403,.0343804979976709,.1128762879501998,.3209365212774067,.2562183894199252,,1.095862387961988,.4105030912403191,.8028617449791691,.5892150993091773,.9137739761517749,,.3963,.472,.2725,.2194,.3554,,2.0558,.4001,.9139,.8952,1.3809,,214192,12,2025,514.6154109589041,2097.804337899543,2793.458789954338,1046.780479452055,16984.96164383562,,1000000,1.1546,172.69644,8180.9102,1553.3179,.094432801,2691.053,,-2704.3347,-57722.246,-29812.988,-3703.2234,-21841.254,,1022.3593,80557.648,40831.863,-5362.7915,9686.2715,,19592.24,-4030.606,62695.07,35861.18,53498.676,,191165.92,-.025948793,.025948793,186205.39,753.44,1001643.6,-1954067,333333.34,186205.39,333333.34,-333333.34,186205.39,543668.25,543668.25,1333333.4,-1333333.4
12,.0488,.04052439,.4675,.39019999,25279000,.122,.1479487925516439,.1076179378535773,.029710886017703,.0832225511825387,.124215072591029,.119625543853378,,1.790979476405552,.7193373415104695,1.400076189078211,1.263026542463263,1.671745575309633,,.2766,.1845,.1584,.1243,.1938,,1.3256,.3825,.8134,.8091,1.0737,,.2742690286143403,.0343804979976709,.1128762879501998,.3209365212774067,.2562183894199252,,1.095862387961988,.4105030912403191,.8028617449791691,.5892150993091773,.9137739761517749,,.3963,.4028,.2569,.2104,.3554,,1.8787,.4001,.8159,.8182,1.276,,214192,12,2026,514.6154109589041,2097.804337899543,2793.458789954338,1046.780479452055,16984.96164383562,,1000000,1.1546,172.69644,7764.5635,1440.2831,.094432801,2691.053,,-2704.3347,-57722.246,-33643.723,-4196.9536,-22869.939,,1022.3593,67819.211,36841.371,-5838.1387,9686.2715,,15977.646,-4030.606,7361.7358,26836.842,41484.766,,88092.953,-.025948793,.025948793,85807.047,753.44,1001643.6,-1954067,333333.34,85807.047,333333.34,-333333.34,85807.047,543668.25,543668.25,1333333.4,-1333333.4
14,.0629,.047548417,,0,274000,.4499,.4265873015873016,2.067144947373389,.5200018202324598,.5182035819425961,.7912090869939704,1.163087006294314,,5.595063010336526,1.772798699570633,2.339545218868365,2.856624345723182,3.981956836882819,,1.1345,1.2683,1.5577,1.3564,1.5801,,3.3755,2.4564,2.8518,2.9432,3.1077,,1.545213152719435,.2706079782823994,.6158814238251885,.536050687588801,.9461415643881995,,4.781320935793961,2.400265124154062,3.373980221358006,2.568074822673498,7.165936556438109,,1.5017,.4471,.6952,.6353,1.0579,,3.6147,2.2757,2.6078,2.452,3.7397,,23597,14,2024,12.09303652968037,198.1783105022831,392.3408675799087,165.4027397260274,1161.427283105023,,1000000,1.1546,-22.398129,3546.0305,2797.0779,99.301834,1034.5343,,-303.09116,11066.671,4125.8447,126.4828,-2286.1106,,-8.5665627,3069.2083,2849.6924,828.2915,746.33405,,-559.53009,-4559.2725,-60759.328,-2149.5605,-26832.045,,-67190.438,.023312699,.023312699,-65624.047,753.44,204700.97,,333333.34,-65624.047,204700.97,,,0,-459225.19,818803.88,0
14,.0629,.047548417,,0,274000,.4499,.4265873015873016,2.067144947373389,.5200018202324598,.5182035819425961,.7912090869939704,1.163087006294314,,5.595063010336526,1.772798699570633,2.339545218868365,2.856624345723182,3.981956836882819,,.7695,.7687,.7949000000000001,.7965,.9748,,2.9743,2.0415,2.2814,2.3559,2.6746,,1.545213152719435,.2706079782823994,.6158814238251885,.536050687588801,.9461415643881995,,4.781320935793961,2.400265124154062,3.373980221358006,2.568074822673498,7.165936556438109,,1.4795,.4471,.5745,.4497,.7956,,3.6147,2.0248,2.2793,2.3748,3.2983,,23597,14,2026,12.09303652968037,198.1783105022831,392.3408675799087,165.4027397260274,1161.427283105023,,1000000,1.1546,-31.16386,1178.5293,744.53497,.92959273,-467.10623,,-357.8768,4349.9463,-468.31802,-731.53381,-3418.6318,,-12.937142,3069.2083,-1486.7177,-720.6452,-1005.3317,,-559.53009,-13742.593,-86809.906,-3579.208,-30288.801,,-134337.16,.023312699,.023312699,-131205.39,753.44,204700.97,,333333.34,-131205.39,204700.97,,,0,-459225.19,818803.88,0
14,.0629,.047548417,,0,274000,.4499,.4265873015873016,2.067144947373389,.5200018202324598,.5182035819425961,.7912090869939704,1.163087006294314,,5.595063010336526,1.772798699570633,2.339545218868365,2.856624345723182,3.981956836882819,,.587,.5189,.4136,.5165999999999999,.6722,,2.7737,1.834,1.9962,2.0623,2.4581,,1.545213152719435,.2706079782823994,.6158814238251885,.536050687588801,.9461415643881995,,4.781320935793961,2.400265124154062,3.373980221358006,2.568074822673498,7.165936556438109,,1.4683,.4471,.5142,.3569,.6644,,3.6147,1.8994,2.1151,2.3363,3.0775,,23597,14,2027,12.09303652968037,198.1783105022831,392.3408675799087,165.4027397260274,1161.427283105023,,1000000,1.1546,-35.546726,-5.2212987,-281.46741,-48.247742,-1217.8025,,-385.26959,990.77441,-2765.3994,-1160.4691,-3984.7617,,-15.142119,3069.2083,-3653.1262,-1495.1135,-1881.4984,,-559.53009,-18332.424,-99831.234,-4292.1797,-32017.963,,-167902.41,.023312699,.023312699,-163988.14,753.44,204700.97,,333333.34,-163988.14,204700.97,,,0,-459225.19,818803.88,0
14,.0629,.047548417,,0,274000,.4499,.4265873015873016,2.067144947373389,.5200018202324598,.5182035819425961,.7912090869939704,1.163087006294314,,5.595063010336526,1.772798699570633,2.339545218868365,2.856624345723182,3.981956836882819,,.952,1.0185,1.1763,1.0764,1.2775,,3.1749,2.2489,2.5666,2.6495,2.8912,,1.545213152719435,.2706079782823994,.6158814238251885,.536050687588801,.9461415643881995,,4.781320935793961,2.400265124154062,3.373980221358006,2.568074822673498,7.165936556438109,,1.4906,.4471,.6349,.5425,.9268,,3.6147,2.1503,2.4436,2.4134,3.519,,23597,14,2025,12.09303652968037,198.1783105022831,392.3408675799087,165.4027397260274,1161.427283105023,,1000000,1.1546,-26.780994,2362.28,1770.8064,50.106926,283.83807,,-330.48398,7707.4995,1828.7634,-302.59854,-2852.2405,,-10.751852,3069.2083,683.28369,53.823151,-129.1649,,-559.53009,-9149.1025,-73780.656,-2864.3843,-28560.424,,-100756.51,.023312699,.023312699,-98407.602,753.44,204700.97,,333333.34,-98407.602,204700.97,,,0,-459225.19,818803.88,0
15,.0404,.019906284,.6016,.63569999,23667000,.2212,.2882603868404137,.6317560144942813,1.819288837694039,.2059290854206342,.4806943505888201,.6243136659106646,,2.763592604824712,2.852076611907393,1.387143734618106,1.590374552943031,2.515363826841865,,.2853,.0566,.0322,.1348,.2177,,1.2874,.4973,.5976,.5999,.876,,.5312221956759197,1.861749192353419,.358153275045629,.3433794924940728,.4134548381830811,,2.39006027962626,3.308798109805673,1.282416119425853,1.684246564884137,2.48504068875461,,.3138,.0964,.1794,.159,.2965,,1.1803,.496,.5515,.5511,.9364,,892482,15,2027,487.3595890410959,4864.969748858448,79084.82534246576,854.7785388127854,13362.51164383562,,1000000,1.1546,-335.3186,-205053.63,-94228.813,-314.06277,-11605.754,,-8123.8696,-935810.38,-1281836.6,-7478.0771,-49320.742,,-1725.0594,-753626.06,-1294513.8,-7952.0522,-8986.0166,,-23383.373,-2527328.3,-11683667,-108444.78,-139535,,-19143268,-.067060389,.067060389,-19143268,753.44,10335467,807044.38,333333.34,-333333.34,333333.34,333333.34,333333.34,1333333.4,-1333333.4,1333333.4,1333333.4
15,.0404,.019906284,.6016,.63569999,23667000,.2212,.2882603868404137,.6317560144942813,1.819288837694039,.2059290854206342,.4806943505888201,.6243136659106646,,2.763592604824712,2.852076611907393,1.387143734618106,1.590374552943031,2.515363826841865,,.2902,.0566,.0322,.2009,.273,,1.9591,.8068,.7276,1.248,2.2841,,.5312221956759197,1.861749192353419,.358153275045629,.3433794924940728,.4134548381830811,,2.39006027962626,3.308798109805673,1.282416119425853,1.684246564884137,2.48504068875461,,.3138,.0964,.5065,.2733,.4267,,1.1803,.5747,.6914,.9084,1.3911,,892482,15,2025,487.3595890410959,4864.969748858448,79084.82534246576,854.7785388127854,13362.51164383562,,1000000,1.1546,-330.57611,-205053.63,-94228.813,-254.04576,-10027.355,,-4427.3311,-812812.19,-1070779.6,-2584.9258,-6957.6406,,-1725.0594,-753626.06,1074312.5,-3022.439,1017.6683,,-23383.373,-2456615.5,-9447371,-74250.336,-98565.805,,-13990686,-.067060389,.067060389,-13990686,753.44,10335467,807044.38,333333.34,-333333.34,333333.34,333333.34,333333.34,1333333.4,-1333333.4,1333333.4,1333333.4
15,.0404,.019906284,.6016,.63569999,23667000,.2212,.2882603868404137,.6317560144942813,1.819288837694039,.2059290854206342,.4806943505888201,.6243136659106646,,2.763592604824712,2.852076611907393,1.387143734618106,1.590374552943031,2.515363826841865,,.2926,.0566,.0322,.234,.3006,,2.2949,.9615,.7926,1.572,2.9882,,.5312221956759197,1.861749192353419,.358153275045629,.3433794924940728,.4134548381830811,,2.39006027962626,3.308798109805673,1.282416119425853,1.684246564884137,2.48504068875461,,.3138,.0964,.67,.3305,.4918,,1.1803,.6141,.7613,1.0871,1.6185,,892482,15,2024,487.3595890410959,4864.969748858448,79084.82534246576,854.7785388127854,13362.51164383562,,1000000,1.1546,-328.25327,-205053.63,-94228.813,-223.99184,-9239.584,,-2579.3367,-751332.94,-965251.06,-138.72777,14225.416,,-1725.0594,-753626.06,2258363.5,-555.47607,6019.5107,,-23383.373,-2421214.3,-8330022,-57148.324,-78076.703,,-11415519,-.067060389,.067060389,-11415519,753.44,10335467,807044.38,333333.34,-333333.34,333333.34,333333.34,333333.34,1333333.4,-1333333.4,1333333.4,1333333.4
15,.0404,.019906284,.6016,.63569999,23667000,.2212,.2882603868404137,.6317560144942813,1.819288837694039,.2059290854206342,.4806943505888201,.6243136659106646,,2.763592604824712,2.852076611907393,1.387143734618106,1.590374552943031,2.515363826841865,,.2878,.0566,.0322,.1679,.2453,,1.6232,.652,.6626,.924,1.58,,.5312221956759197,1.861749192353419,.358153275045629,.3433794924940728,.4134548381830811,,2.39006027962626,3.308798109805673,1.282416119425853,1.684246564884137,2.48504068875461,,.3138,.0964,.3429,.2162,.3616,,1.1803,.5354,.6214,.7298,1.1638,,892482,15,2026,487.3595890410959,4864.969748858448,79084.82534246576,854.7785388127854,13362.51164383562,,1000000,1.1546,-332.89896,-205053.63,-94228.813,-284.00888,-10817.982,,-6275.8755,-874331.19,-1176308.1,-5031.124,-28140.697,,-1725.0594,-753626.06,-110462.73,-5485.0894,-3984.1738,,-23383.373,-2491927,-10566318,-91342.773,-119045.9,,-16568105,-.067060389,.067060389,-16568105,753.44,10335467,807044.38,333333.34,-333333.34,333333.34,333333.34,333333.34,1333333.4,-1333333.4,1333333.4,1333333.4
16,.0415,.03503548,.5016,.4332,21756000,0,0,0,0,0,0,0,,.6968101579436358,.0288185628320316,.0395216673804668,.0363150553501173,.2031688356155029,,.2406,.0041,.0011,.007,.0093,,1.0769,.0974,.093,.1178,.1245,,0,0,0,0,0,,.6387426447816661,.0241378161240422,.0231878726828411,.0255456519440674,.1588568038811081,,.2927,.004,.0022,.0096,.0126,,1.1677,.0272,.0546,.1244,.0901,,240128,16,2026,2.211643835616438,1755.056164383562,6877.887214611872,1158.874429223744,16398.11232876712,,1000000,1.1546,1.0567465,172.06262,51.887859,8.6169548,325.74677,,9.4923086,9832.3105,7550.8564,834.07819,-2904.4424,,10.538737,616.02191,1385.598,561.33307,1188.0243,,46.397453,992.57935,43668.762,12826.292,-7602.4565,,69574.758,0,0,69574.758,753.44,877180.63,-1488110.4,333333.34,69574.758,333333.34,-333333.34,69574.758,278299.03,278299.03,1333333.4,-1333333.4
16,.0415,.03503548,.5016,.4332,21756000,0,0,0,0,0,0,0,,.6968101579436358,.0288185628320316,.0395216673804668,.0363150553501173,.2031688356155029,,.2406,.0041,.0011,.007,.0093,,1.0769,.0974,.093,.1178,.1245,,0,0,0,0,0,,.6387426447816661,.0241378161240422,.0231878726828411,.0255456519440674,.1588568038811081,,.2927,.004,.0022,.0096,.0126,,1.1677,.0272,.0546,.1244,.0901,,240128,16,2025,2.211643835616438,1755.056164383562,6877.887214611872,1158.874429223744,16398.11232876712,,1000000,1.1546,1.0567465,172.06262,51.887859,8.6169548,325.74677,,9.4923086,9832.3105,7550.8564,834.07819,-2904.4424,,10.538737,616.02191,1385.598,561.33307,1188.0243,,46.397453,992.57935,43668.762,12826.292,-7602.4565,,69574.758,0,0,69574.758,753.44,877180.63,-1488110.4,333333.34,69574.758,333333.34,-333333.34,69574.758,278299.03,278299.03,1333333.4,-1333333.4
16,.0415,.03503548,.5016,.4332,21756000,0,0,0,0,0,0,0,,.6968101579436358,.0288185628320316,.0395216673804668,.0363150553501173,.2031688356155029,,.2406,.0041,.0011,.007,.0093,,1.0769,.0974,.093,.1178,.1245,,0,0,0,0,0,,.6387426447816661,.0241378161240422,.0231878726828411,.0255456519440674,.1588568038811081,,.2927,.004,.0022,.0096,.0126,,1.1677,.0272,.0546,.1244,.0901,,240128,16,2027,2.211643835616438,1755.056164383562,6877.887214611872,1158.874429223744,16398.11232876712,,1000000,1.1546,1.0567465,172.06262,51.887859,8.6169548,325.74677,,9.4923086,9832.3105,7550.8564,834.07819,-2904.4424,,10.538737,616.02191,1385.598,561.33307,1188.0243,,46.397453,992.57935,43668.762,12826.292,-7602.4565,,69574.758,0,0,69574.758,753.44,877180.63,-1488110.4,333333.34,69574.758,333333.34,-333333.34,69574.758,278299.03,278299.03,1333333.4,-1333333.4
16,.0415,.03503548,.5016,.4332,21756000,0,0,0,0,0,0,0,,.6968101579436358,.0288185628320316,.0395216673804668,.0363150553501173,.2031688356155029,,.2406,.0041,.0011,.007,.0093,,1.0769,.0974,.093,.1178,.1245,,0,0,0,0,0,,.6387426447816661,.0241378161240422,.0231878726828411,.0255456519440674,.1588568038811081,,.2927,.004,.0022,.0096,.0126,,1.1677,.0272,.0546,.1244,.0901,,240128,16,2024,2.211643835616438,1755.056164383562,6877.887214611872,1158.874429223744,16398.11232876712,,1000000,1.1546,1.0567465,172.06262,51.887859,8.6169548,325.74677,,9.4923086,9832.3105,7550.8564,834.07819,-2904.4424,,10.538737,616.02191,1385.598,561.33307,1188.0243,,46.397453,992.57935,43668.762,12826.292,-7602.4565,,69574.758,0,0,69574.758,753.44,877180.63,-1488110.4,333333.34,69574.758,333333.34,-333333.34,69574.758,278299.03,278299.03,1333333.4,-1333333.4
17,.0409,.035485338,.4128,.55449998,10276000,.0067,0,.9720241985242845,.0177835497139273,.2146269032362311,.0054675785354776,.2877485685012685,,0,0,.0002155971476795,0,.0027945962633846,,.3031,.2231,.2294,.2207,.2544,,.6819,.3774,.48,.4304,.5569,,2.392011712261,.0355670994278546,.4186769449151004,.0106070229883929,.5545722124112372,,0,0,.000431194295359,0,.0043975536252693,,.2414,.0681,.0872,.0576,.087,,1.0062,.648,.7044,.7060999999999999,.837,,57094,17,2024,156.3361872146119,198.7432648401827,1992.97796803653,546.5384703196347,3006.536187214612,,1000000,1.1546,-207.68085,975.72589,201.9259,124.95332,-214.16423,,1203.7897,6127.0625,19629.623,2077.7151,3750.8093,,-5473.5894,567.36212,-60494.422,1295.8857,-8083.0645,,6238.8154,23785.396,283579.22,43207.18,16879.07,,335171.63,.0066999998,.0066999998,335171.63,753.44,174691.48,1456109,333333.34,333333.34,174691.48,333333.34,333333.34,1333333.4,984727.94,698765.94,1333333.4
17,.0409,.035485338,.4128,.55449998,10276000,.0067,0,.9720241985242845,.0177835497139273,.2146269032362311,.0054675785354776,.2877485685012685,,0,0,.0002155971476795,0,.0027945962633846,,.2669,.1278,.1349,.131,.1852,,.6819,.3543,.4506,.4304,.5569,,2.392011712261,.0355670994278546,.4186769449151004,.0106070229883929,.5545722124112372,,0,0,.000431194295359,0,.0043975536252693,,.2414,.0681,.0872,.0576,.087,,1.0062,.4384,.4819,.4651,.7321,,57094,17,2026,156.3361872146119,198.7432648401827,1992.97796803653,546.5384703196347,3006.536187214612,,1000000,1.1546,-218.91985,522.83148,-1089.7463,72.87793,-658.56604,,1203.7897,5752.0356,18426.768,2077.7151,3750.8093,,-5473.5894,567.36212,-60494.422,1295.8857,-8083.0645,,6238.8154,16091.848,193949.72,28460.074,14752.468,,217144.7,.0066999998,.0066999998,217144.7,753.44,174691.48,1456109,333333.34,217144.7,174691.48,333333.34,333333.34,1333333.4,984727.94,698765.94,1333333.4
17,.0409,.035485338,.4128,.55449998,10276000,.0067,0,.9720241985242845,.0177835497139273,.2146269032362311,.0054675785354776,.2877485685012685,,0,0,.0002155971476795,0,.0027945962633846,,.2489,.0801,.0876,.0861,.1507,,.6819,.3427,.4358,.4304,.5569,,2.392011712261,.0355670994278546,.4186769449151004,.0106070229883929,.5545722124112372,,0,0,.000431194295359,0,.0043975536252693,,.2414,.0681,.0872,.0576,.087,,1.0062,.3337,.3706,.3447,.6796,,57094,17,2027,156.3361872146119,198.7432648401827,1992.97796803653,546.5384703196347,3006.536187214612,,1000000,1.1546,-224.50832,296.14664,-1736.2659,46.811207,-880.12476,,1203.7897,5563.7104,17821.248,2077.7151,3750.8093,,-5473.5894,567.36212,-60494.422,1295.8857,-8083.0645,,6238.8154,12248.745,149114.81,21092.643,13688.153,,158114.67,.0066999998,.0066999998,158114.67,753.44,174691.48,1456109,333333.34,158114.67,174691.48,333333.34,333333.34,1333333.4,984727.94,698765.94,1333333.4
17,.0409,.035485338,.4128,.55449998,10276000,.0067,0,.9720241985242845,.0177835497139273,.2146269032362311,.0054675785354776,.2877485685012685,,0,0,.0002155971476795,0,.0027945962633846,,.285,.1754,.1821,.1758,.2198,,.6819,.3658,.4653,.4304,.5569,,2.392011712261,.0355670994278546,.4186769449151004,.0106070229883929,.5545722124112372,,0,0,.000431194295359,0,.0043975536252693,,.2414,.0681,.0872,.0576,.087,,1.0062,.5432,.5931,.5856,.7845,,57094,17,2025,156.3361872146119,198.7432648401827,1992.97796803653,546.5384703196347,3006.536187214612,,1000000,1.1546,-213.30034,749.04108,-444.59363,98.886597,-436.36514,,1203.7897,5938.7373,19028.195,2077.7151,3750.8093,,-5473.5894,567.36212,-60494.422,1295.8857,-8083.0645,,6238.8154,19938.621,238744.33,35833.625,15814.756,,276135.22,.0066999998,.0066999998,276135.22,753.44,174691.48,1456109,333333.34,276135.22,174691.48,333333.34,333333.34,1333333.4,984727.94,698765.94,1333333.4
18,.0312,.029925445,.7819,.83130002,26913000,.0395,.1018699321529042,.1885412788151392,.1348077225967081,.1852394742521662,.1865206972963254,.2487128698606703,,1.595651069863918,.5128130979115108,.4734596229080433,.5961155857862727,1.239373931638494,,.1907,.0686,.0972,.1275,.1621,,1.1308,.3846,.4501,.5545,.7546,,.1449453691062615,.7382770820657015,.4749599994967454,.1506723470358087,.2115402186309372,,.9572509868369428,.2962732549834382,.3326563782252507,.3578283626306151,.7198241237736857,,.3041,.0312,.1154,.184,.1782,,.8108,.324,.3685,.3362,.6486,,462750,18,2025,800.2020547945206,7634.128652968036,21292.08847031964,4609.66997716895,15276.45479452055,,1000000,1.1546,3.4304905,-12085.922,-12856.232,-288.99716,-2826.2351,,-4200.335,-79955.781,-10210.51,-1694.4114,-16673.547,,2073.3357,-473665.09,-701050.25,7751.5322,-2928.5452,,-4647.8306,39093.207,154258.33,-11162.524,-7336.5874,,-1138402.9,-.062369931,.062369931,-1138402.9,753.44,333284.34,1329502.8,333333.34,-333333.34,333284.34,333333.34,333284.34,1333137.4,-1333333.4,1333137.4,1333333.4
18,.0312,.029925445,.7819,.83130002,26913000,.0395,.1018699321529042,.1885412788151392,.1348077225967081,.1852394742521662,.1865206972963254,.2487128698606703,,1.595651069863918,.5128130979115108,.4734596229080433,.5961155857862727,1.239373931638494,,.1907,.0686,.0831,.0795,.1414,,1.0924,.3219,.4141,.408,.6645,,.1449453691062615,.7382770820657015,.4749599994967454,.1506723470358087,.2115402186309372,,.9572509868369428,.2962732549834382,.3326563782252507,.3578283626306151,.7198241237736857,,.3034,.0312,.0847,.0876,.1782,,.8108,.3118,.3463,.3169,.6449,,462750,18,2027,800.2020547945206,7634.128652968036,21292.08847031964,4609.66997716895,15276.45479452055,,1000000,1.1546,3.4304905,-12085.922,-14915.228,-524.03101,-3501.6899,,-4547.3125,-119056.52,-25946.137,-7659.2739,-19772.49,,2064.2166,-473665.09,-760907.44,-14669.72,-2928.5452,,-4647.8306,21891.869,58717.348,-21123.367,-7717.7139,,-1410991.5,-.062369931,.062369931,-1410991.5,753.44,333284.34,1329502.8,333333.34,-333333.34,333284.34,333333.34,333284.34,1333137.4,-1333333.4,1333137.4,1333333.4
18,.0312,.029925445,.7819,.83130002,26913000,.0395,.1018699321529042,.1885412788151392,.1348077225967081,.1852394742521662,.1865206972963254,.2487128698606703,,1.595651069863918,.5128130979115108,.4734596229080433,.5961155857862727,1.239373931638494,,.1907,.0686,.0902,.1035,.1517,,1.1116,.3533,.4321,.4813,.7096,,.1449453691062615,.7382770820657015,.4749599994967454,.1506723470358087,.2115402186309372,,.9572509868369428,.2962732549834382,.3326563782252507,.3578283626306151,.7198241237736857,,.3037,.0312,.1001,.1358,.1782,,.8108,.3179,.3574,.3265,.6468,,462750,18,2026,800.2020547945206,7634.128652968036,21292.08847031964,4609.66997716895,15276.45479452055,,1000000,1.1546,3.4304905,-12085.922,-13878.429,-406.5141,-3165.594,,-4373.8237,-99474.977,-18078.324,-4674.8071,-18221.299,,2068.1248,-473665.09,-730881.31,-3459.0938,-2928.5452,,-4647.8306,30492.539,106487.84,-16168.752,-7522,,-1274580.4,-.062369931,.062369931,-1274580.4,753.44,333284.34,1329502.8,333333.34,-333333.34,333284.34,333333.34,333284.34,1333137.4,-1333333.4,1333137.4,1333333.4
18,.0312,.029925445,.7819,.83130002,26913000,.0395,.1018699321529042,.1885412788151392,.1348077225967081,.1852394742521662,.1865206972963254,.2487128698606703,,1.595651069863918,.5128130979115108,.4734596229080433,.5961155857862727,1.239373931638494,,.1907,.0686,.1043,.1514,.1724,,1.15,.416,.4682,.6277,.7996,,.1449453691062615,.7382770820657015,.4749599994967454,.1506723470358087,.2115402186309372,,.9572509868369428,.2962732549834382,.3326563782252507,.3578283626306151,.7198241237736857,,.3044,.0312,.1307,.2323,.1782,,.8108,.3301,.3796,.3458,.6505,,462750,18,2024,800.2020547945206,7634.128652968036,21292.08847031964,4609.66997716895,15276.45479452055,,1000000,1.1546,3.4304905,-12085.922,-11819.434,-171.96986,-2490.1394,,-4026.8462,-60374.23,-2298.9854,1285.9843,-15125.796,,2077.2439,-473665.09,-671219.13,18985.418,-2928.5452,,-4647.8306,47693.879,202028.83,-6207.9087,-7140.874,,-1002128,-.062369931,.062369931,-1002128,753.44,333284.34,1329502.8,333333.34,-333333.34,333284.34,333333.34,333284.34,1333137.4,-1333333.4,1333137.4,1333333.4
19,.0336,.029302683,.585,.46849999,37128000,.0088,0,.0743411690732794,.0362717348105698,.036675367943992,.033968902954863,.0413792005495813,,.1050075562860578,.0305511708064269,.049533511256684,.0734498231439276,.1873414760512143,,.1888,.0519,.0775,.0608,.204,,.6966,.3019,.4618,.5293,.7314000000000001,,.0673176379527797,.2087997904140634,.0949464274733511,.1255393779557591,.0239673521070198,,.1056120591706838,.0139028292405832,.0357592523413115,.0556122990970944,.1490800050206098,,.1045,.1156,.0417,.019,.0676,,.249,.1506,.2722,.2921,.4581,,555171,19,2025,41.39406392694064,13891.56381278539,24413.69897260274,7025.74497716895,18951.4095890411,,1000000,1.1546,9.4090843,5191.2695,6835.5566,200.2397,6582.9551,,276.52289,307919.44,206621.23,28288.344,23214.178,,25.056807,-113608.6,-119037.44,-37767.266,4754.6001,,235.40138,350714.41,1166740.9,186024.39,39488.672,,2062709.3,.0088,.0088,2062709.3,753.44,1348137.4,-4325412.5,333333.34,333333.34,333333.34,-333333.34,333333.34,1333333.4,1333333.4,1333333.4,-1333333.4
19,.0336,.029302683,.585,.46849999,37128000,.0088,0,.0743411690732794,.0362717348105698,.036675367943992,.033968902954863,.0413792005495813,,.1050075562860578,.0305511708064269,.049533511256684,.0734498231439276,.1873414760512143,,.1888,.0514,.073,.0594,.1575,,.6966,.2785,.4029,.4321,.6576,,.0673176379527797,.2087997904140634,.0949464274733511,.1255393779557591,.0239673521070198,,.1056120591706838,.0139028292405832,.0357592523413115,.0556122990970944,.1490800050206098,,.1045,.0798,.0417,.019,.0676,,.249,.1506,.2701,.2599,.4581,,555171,19,2026,41.39406392694064,13891.56381278539,24413.69897260274,7025.74497716895,18951.4095890411,,1000000,1.1546,9.4090843,5025.1836,6082.0898,189.79155,4700.6167,,276.52289,281365.75,177101.52,22256.477,20065.24,,25.056807,-157248.06,-119037.44,-37767.266,4754.6001,,235.40138,350714.41,1156378.1,160695.44,39488.672,,1915311.6,.0088,.0088,1915311.6,753.44,1348137.4,-4325412.5,333333.34,333333.34,333333.34,-333333.34,333333.34,1333333.4,1333333.4,1333333.4,-1333333.4
19,.0336,.029302683,.585,.46849999,37128000,.0088,0,.0743411690732794,.0362717348105698,.036675367943992,.033968902954863,.0413792005495813,,.1050075562860578,.0305511708064269,.049533511256684,.0734498231439276,.1873414760512143,,.1888,.0524,.082,.0622,.2505,,.6966,.3254,.5206,.6266,.8053,,.0673176379527797,.2087997904140634,.0949464274733511,.1255393779557591,.0239673521070198,,.1056120591706838,.0139028292405832,.0357592523413115,.0556122990970944,.1490800050206098,,.1045,.1515,.0418,.019,.0676,,.249,.1506,.2742,.3244,.4581,,555171,19,2024,41.39406392694064,13891.56381278539,24413.69897260274,7025.74497716895,18951.4095890411,,1000000,1.1546,9.4090843,5357.3555,7589.0229,210.68787,8465.2939,,276.52289,334586.59,236090.83,34326.414,26367.383,,25.056807,-69847.25,-118813.88,-37767.266,4754.6001,,235.40138,350714.41,1176610,211432,39488.672,,2210111.3,.0088,.0088,2210111.3,753.44,1348137.4,-4325412.5,333333.34,333333.34,333333.34,-333333.34,333333.34,1333333.4,1333333.4,1333333.4,-1333333.4
19,.0336,.029302683,.585,.46849999,37128000,.0088,0,.0743411690732794,.0362717348105698,.036675367943992,.033968902954863,.0413792005495813,,.1050075562860578,.0305511708064269,.049533511256684,.0734498231439276,.1873414760512143,,.1888,.0508,.0684,.0581,.111,,.6966,.255,.3441,.3349,.5837,,.0673176379527797,.2087997904140634,.0949464274733511,.1255393779557591,.0239673521070198,,.1056120591706838,.0139028292405832,.0357592523413115,.0556122990970944,.1490800050206098,,.1045,.0439,.0416,.019,.0676,,.249,.1506,.2681,.2276,.4581,,555171,19,2027,41.39406392694064,13891.56381278539,24413.69897260274,7025.74497716895,18951.4095890411,,1000000,1.1546,9.4090843,4825.8804,5311.8794,180.08969,2818.2778,,276.52289,254698.56,147631.91,16224.612,16912.035,,25.056807,-201009.41,-119261,-37767.266,4754.6001,,235.40138,350714.41,1146509,135287.83,39488.672,,1767866.5,.0088,.0088,1767866.5,753.44,1348137.4,-4325412.5,333333.34,333333.34,333333.34,-333333.34,333333.34,1333333.4,1333333.4,1333333.4,-1333333.4
21,.0308,.030970732,.5673,.4664,8556000,0,0,0,0,0,0,.0008328443275115,,0,.0295094286716591,.2641701143773522,.0443788976727306,.129296046016334,,.0024,.0152,.0585,.009,.0989,,.2615,.2583,.4367,.3449,.4625,,0,0,0,0,.0013325509240183,,0,.0412287787748136,.3754370170741828,.0650758041594559,.2192359323820112,,.0047,.0255,.1732,.0114,.1865,,.7118,.2673,.7633,.5057,.7405,,63447,21,2024,153.0904109589041,2252.147602739726,1216.533105022831,530.0222602739726,3168.023401826484,,1000000,1.1546,.72965783,818.56299,488.08765,5.0670595,663.61359,,452.05377,42091.363,4308.7529,1406.8962,2376.6472,,11.713765,5039.439,19294.402,304.86807,3372.9812,,4321.7959,94034.039,95371.969,26147.574,11135.009,,311645.56,0,0,311645.56,753.44,-6121.1826,-863300.44,333333.34,311645.56,-6121.1826,-333333.34,-27808.965,-362806.22,995011.88,-24484.73,-1333333.4
21,.0308,.030970732,.5673,.4664,8556000,0,0,0,0,0,0,.0008328443275115,,0,.0295094286716591,.2641701143773522,.0443788976727306,.129296046016334,,.0024,.0152,.0585,.009,.0989,,.2615,.2583,.4151,.3449,.4625,,0,0,0,0,.0013325509240183,,0,.0412287787748136,.3754370170741828,.0650758041594559,.2192359323820112,,.0047,.0255,.0854,.0114,.1816,,.7118,.2673,.3475,.3183,.6466,,63447,21,2027,153.0904109589041,2252.147602739726,1216.533105022831,530.0222602739726,3168.023401826484,,1000000,1.1546,.72965783,818.56299,488.08765,5.0670595,663.61359,,452.05377,42091.363,3769.3154,1406.8962,2376.6472,,11.713765,5039.439,9513.5215,304.86807,3283.7236,,4321.7959,94034.039,-6869.4575,15026.861,9129.1592,,185868,0,0,185868,753.44,-6121.1826,-863300.44,333333.34,185868,-6121.1826,-333333.34,-153586.53,-362806.22,995011.88,-24484.73,-1333333.4
21,.0308,.030970732,.5673,.4664,8556000,0,0,0,0,0,0,.0008328443275115,,0,.0295094286716591,.2641701143773522,.0443788976727306,.129296046016334,,.0024,.0152,.0585,.009,.0989,,.2615,.2583,.4223,.3449,.4625,,0,0,0,0,.0013325509240183,,0,.0412287787748136,.3754370170741828,.0650758041594559,.2192359323820112,,.0047,.0255,.1146,.0114,.1833,,.7118,.2673,.4861,.3807,.6778999999999999,,63447,21,2026,153.0904109589041,2252.147602739726,1216.533105022831,530.0222602739726,3168.023401826484,,1000000,1.1546,.72965783,818.56299,488.08765,5.0670595,663.61359,,452.05377,42091.363,3949.1279,1406.8962,2376.6472,,11.713765,5039.439,12766.389,304.86807,3314.6907,,4321.7959,94034.039,27211.018,18729.809,9797.7764,,227783.69,0,0,227783.69,753.44,-6121.1826,-863300.44,333333.34,227783.69,-6121.1826,-333333.34,-111670.84,-362806.22,995011.88,-24484.73,-1333333.4
21,.0308,.030970732,.5673,.4664,8556000,0,0,0,0,0,0,.0008328443275115,,0,.0295094286716591,.2641701143773522,.0443788976727306,.129296046016334,,.0024,.0152,.0585,.009,.0989,,.2615,.2583,.4295,.3449,.4625,,0,0,0,0,.0013325509240183,,0,.0412287787748136,.3754370170741828,.0650758041594559,.2192359323820112,,.0047,.0255,.1439,.0114,.1849,,.7118,.2673,.6247,.4432,.7092000000000001,,63447,21,2025,153.0904109589041,2252.147602739726,1216.533105022831,530.0222602739726,3168.023401826484,,1000000,1.1546,.72965783,818.56299,488.08765,5.0670595,663.61359,,452.05377,42091.363,4128.9404,1406.8962,2376.6472,,11.713765,5039.439,16030.396,304.86807,3343.8359,,4321.7959,94034.039,61291.492,22438.691,10466.393,,269714.63,0,0,269714.63,753.44,-6121.1826,-863300.44,333333.34,269714.63,-6121.1826,-333333.34,-69739.898,-362806.22,995011.88,-24484.73,-1333333.4
23,.0296,.027118733,.6827,.50160003,69131000,0,.0510872229419798,.2384192437839824,.4307551567824518,.2237446464032116,.0831561954571496,.0715632788161909,,.325844764653986,.1641860823819892,.5033891762567185,.5712130048970078,.4080483729112053,,.025,.0062,.0373,.022,.1623,,.0742,.0311,.0482,.1055,.0689,,.2837372526993296,.1443734705718708,.2050674978369753,.0714395418866426,.316954070699528,,.4343255017099532,.2115090101202615,.7101373798423132,.7543056167588693,.7027469565801017,,.0061,.0069,.0131,.0336,.0514,,.1725,.1461,.1101,.2794,.2665,,460641,23,2024,504.2439497716895,9886.2850456621,16715.09394977169,7496.213812785388,16419.82808219178,,1000000,1.1546,-213.71465,-100364.22,-21373.555,-486.96957,3182.4016,,-1432.8444,-107479.04,-156193.91,-30835.666,-12537.892,,-2279.1301,-119260.65,-293829.94,-14312.017,-25071.625,,-5236.1362,-119430.06,-2027242.1,-398582.5,-48299.809,,-3481279.3,-.051087223,.051087223,-3481279.3,753.44,645871.31,-12519622,333333.34,-333333.34,333333.34,-333333.34,-333333.34,-1333333.4,-1333333.4,1333333.4,-1333333.4
23,.0296,.027118733,.6827,.50160003,69131000,0,.0510872229419798,.2384192437839824,.4307551567824518,.2237446464032116,.0831561954571496,.0715632788161909,,.325844764653986,.1641860823819892,.5033891762567185,.5712130048970078,.4080483729112053,,.025,.0062,.0373,.022,.1496,,.0742,.0311,.0482,.1055,.0689,,.2837372526993296,.1443734705718708,.2050674978369753,.0714395418866426,.316954070699528,,.4343255017099532,.2115090101202615,.7101373798423132,.7543056167588693,.7027469565801017,,.0061,.0069,.0131,.0336,.0514,,.1725,.1461,.1101,.2749,.2665,,460641,23,2025,504.2439497716895,9886.2850456621,16715.09394977169,7496.213812785388,16419.82808219178,,1000000,1.1546,-213.71465,-100364.22,-21373.555,-486.96957,2736.9756,,-1432.8444,-107479.04,-156193.91,-30835.666,-12537.892,,-2279.1301,-119260.65,-293829.94,-14312.017,-25071.625,,-5236.1362,-119430.06,-2027242.1,-402359.31,-48299.809,,-3485501.5,-.051087223,.051087223,-3485501.5,753.44,645871.31,-12519622,333333.34,-333333.34,333333.34,-333333.34,-333333.34,-1333333.4,-1333333.4,1333333.4,-1333333.4
23,.0296,.027118733,.6827,.50160003,69131000,0,.0510872229419798,.2384192437839824,.4307551567824518,.2237446464032116,.0831561954571496,.0715632788161909,,.325844764653986,.1641860823819892,.5033891762567185,.5712130048970078,.4080483729112053,,.025,.0062,.0373,.022,.1241,,.0742,.0311,.0482,.1055,.0689,,.2837372526993296,.1443734705718708,.2050674978369753,.0714395418866426,.316954070699528,,.4343255017099532,.2115090101202615,.7101373798423132,.7543056167588693,.7027469565801017,,.0061,.0069,.0131,.0336,.0514,,.1725,.1461,.1101,.2659,.2665,,460641,23,2027,504.2439497716895,9886.2850456621,16715.09394977169,7496.213812785388,16419.82808219178,,1000000,1.1546,-213.71465,-100364.22,-21373.555,-486.96957,1842.6161,,-1432.8444,-107479.04,-156193.91,-30835.666,-12537.892,,-2279.1301,-119260.65,-293829.94,-14312.017,-25071.625,,-5236.1362,-119430.06,-2027242.1,-409912.88,-48299.809,,-3493949.3,-.051087223,.051087223,-3493949.3,753.44,645871.31,-12519622,333333.34,-333333.34,333333.34,-333333.34,-333333.34,-1333333.4,-1333333.4,1333333.4,-1333333.4
23,.0296,.027118733,.6827,.50160003,69131000,0,.0510872229419798,.2384192437839824,.4307551567824518,.2237446464032116,.0831561954571496,.0715632788161909,,.325844764653986,.1641860823819892,.5033891762567185,.5712130048970078,.4080483729112053,,.025,.0062,.0373,.022,.1369,,.0742,.0311,.0482,.1055,.0689,,.2837372526993296,.1443734705718708,.2050674978369753,.0714395418866426,.316954070699528,,.4343255017099532,.2115090101202615,.7101373798423132,.7543056167588693,.7027469565801017,,.0061,.0069,.0131,.0336,.0514,,.1725,.1461,.1101,.2704,.2665,,460641,23,2026,504.2439497716895,9886.2850456621,16715.09394977169,7496.213812785388,16419.82808219178,,1000000,1.1546,-213.71465,-100364.22,-21373.555,-486.96957,2291.5496,,-1432.8444,-107479.04,-156193.91,-30835.666,-12537.892,,-2279.1301,-119260.65,-293829.94,-14312.017,-25071.625,,-5236.1362,-119430.06,-2027242.1,-406136.09,-48299.809,,-3489723.8,-.051087223,.051087223,-3489723.8,753.44,645871.31,-12519622,333333.34,-333333.34,333333.34,-333333.34,-333333.34,-1333333.4,-1333333.4,1333333.4,-1333333.4
24,.0485,.00085194426,.5596,.54000002,12000,0,0,,0,,,0,,,0,,,0,,.3121,.1672,.1464,.1701,.2385,,1.4144,0,.7171,.7249,0,,,0,,,0,,,0,,,0,,.5265,.1875,.2299,.1938,.1779,,1.6563,0,.6851,.7037,0,,16433,24,2027,,1708.469520547945,,,23.10616438356164,,1000000,1.1546,,6830.542,,,11.771168,,,0,,,0,,,28109.535,,,23.635496,,,0,,,0,,34975.484,0,0,34975.484,753.44,442457.94,-235.19974,333333.34,34975.484,333333.34,-235.19974,333333.34,1333333.4,144975.83,1333333.4,-940.79895
24,.0485,.00085194426,.5596,.54000002,12000,0,0,,0,,,0,,,0,,,0,,.3121,.1879,.1464,.1701,.2385,,1.4144,0,.7171,.7249,0,,,0,,,0,,,0,,,0,,.5265,.1875,.2299,.1938,.1779,,1.6563,0,.6851,.7037,0,,16433,24,2026,,1708.469520547945,,,23.10616438356164,,1000000,1.1546,,7676.1895,,,11.771168,,,0,,,0,,,28109.535,,,23.635496,,,0,,,0,,35821.133,0,0,35821.133,753.44,442457.94,-235.19974,333333.34,35821.133,333333.34,-235.19974,333333.34,1333333.4,144975.83,1333333.4,-940.79895
24,.0485,.00085194426,.5596,.54000002,12000,0,0,,0,,,0,,,0,,,0,,.3121,.2086,.1464,.1701,.2385,,1.4144,0,.7171,.7249,0,,,0,,,0,,,0,,,0,,.5265,.1875,.2299,.1938,.1779,,1.6563,0,.6851,.7037,0,,16433,24,2025,,1708.469520547945,,,23.10616438356164,,1000000,1.1546,,8521.8369,,,11.771168,,,0,,,0,,,28109.535,,,23.635496,,,0,,,0,,36666.781,0,0,36666.781,753.44,442457.94,-235.19974,333333.34,36666.781,333333.34,-235.19974,333333.34,1333333.4,144975.83,1333333.4,-940.79895
24,.0485,.00085194426,.5596,.54000002,12000,0,0,,0,,,0,,,0,,,0,,.3121,.2293,.1464,.1701,.2385,,1.4144,0,.7171,.7249,0,,,0,,,0,,,0,,,0,,.5265,.1875,.2299,.1938,.1779,,1.6563,0,.6851,.7037,0,,16433,24,2024,,1708.469520547945,,,23.10616438356164,,1000000,1.1546,,9367.4834,,,11.771168,,,0,,,0,,,28109.535,,,23.635496,,,0,,,0,,37512.426,0,0,37512.426,753.44,442457.94,-235.19974,333333.34,37512.426,333333.34,-235.19974,333333.34,1333333.4,144975.83,1333333.4,-940.79895
29,.0491,.058466185,.442,.36000001,9378000,.2241,.0097601784718349,.1281591074460344,.1202590735544414,.2314180294224874,.1384688761053419,.2728455062515105,,.9461816809864346,.6460718524311149,.7121738137553861,.4406303133196114,1.013306010068969,,.3021,.1239,.2473,.1945,.2894,,1.9365,2.0208,2.0025,2.2484,2.0533,,.1281591074460344,.1381663063311714,.2885156590177289,.1491838338057086,.3327759949668586,,1.544452872160851,1.056687342257388,1.298100836132892,.9538204621445923,1.960461083931953,,.4548,.1623,.465,.2385,.4304,,2.5178,2.5008,2.4734,2.7498,2.6271,,59590,29,2024,232.9777397260274,620.4052511415525,880.7989726027397,632.591095890411,3858.866666666667,,1000000,1.1546,80.477806,54.013092,95.939888,37.650593,136.45171,,2605.3115,69670.719,23331.338,10100.879,9035.5957,,1238.8983,1313.8458,14234.509,2850.7961,2166.094,,8993.7432,165470.09,209239.52,127201.84,17345.82,,665203.56,.21433982,.21433982,665203.56,753.44,-315388.66,-768995.88,333333.34,333333.34,-315388.66,-333333.34,-315388.66,-1297444,639912,-1261554.6,-1333333.4
29,.0491,.058466185,.442,.36000001,9378000,.2241,.0097601784718349,.1281591074460344,.1202590735544414,.2314180294224874,.1384688761053419,.2728455062515105,,.9461816809864346,.6460718524311149,.7121738137553861,.4406303133196114,1.013306010068969,,.3021,.1239,.2168,.1907,.2869,,1.7782,1.5651,1.5888,1.756,1.7235,,.1281591074460344,.1381663063311714,.2885156590177289,.1491838338057086,.3327759949668586,,1.544452872160851,1.056687342257388,1.298100836132892,.9538204621445923,1.960461083931953,,.4548,.1623,.3923,.2273,.4121,,2.2533,1.8873,1.8938,2.0866,2.1495,,59590,29,2025,232.9777397260274,620.4052511415525,880.7989726027397,632.591095890411,3858.866666666667,,1000000,1.1546,80.477806,54.013092,-88.304665,35.097149,115.84526,,2188.8586,46576.012,15850.923,7349.6035,6170.2524,,1238.8983,1313.8458,8370.8223,2493.3142,1760.0513,,6549.7588,95173.703,106052.84,80230.117,4918.7573,,386434.88,.21433982,.21433982,386434.88,753.44,-315388.66,-768995.88,333333.34,333333.34,-315388.66,-333333.34,-315388.66,-1297444,639912,-1261554.6,-1333333.4
29,.0491,.058466185,.442,.36000001,9378000,.2241,.0097601784718349,.1281591074460344,.1202590735544414,.2314180294224874,.1384688761053419,.2728455062515105,,.9461816809864346,.6460718524311149,.7121738137553861,.4406303133196114,1.013306010068969,,.3021,.1239,.1862,.1868,.2843,,1.6198,1.1095,1.1751,1.2636,1.3937,,.1281591074460344,.1381663063311714,.2885156590177289,.1491838338057086,.3327759949668586,,1.544452872160851,1.056687342257388,1.298100836132892,.9538204621445923,1.960461083931953,,.4548,.1623,.3196,.2162,.3938,,1.9888,1.2738,1.3142,1.4234,1.672,,59590,29,2026,232.9777397260274,620.4052511415525,880.7989726027397,632.591095890411,3858.866666666667,,1000000,1.1546,80.477806,54.013092,-273.15329,32.476509,94.414558,,1772.1428,23486.369,8370.5088,4598.3276,3304.9097,,1238.8983,1313.8458,2507.1365,2139.0239,1354.0084,,4105.7744,24877.318,2866.1479,33258.387,-7505.7036,,107675.33,.21433982,.21433982,107675.33,753.44,-315388.66,-768995.88,333333.34,107675.33,-315388.66,-333333.34,-333333.34,-1297444,639912,-1261554.6,-1333333.4
29,.0491,.058466185,.442,.36000001,9378000,.2241,.0097601784718349,.1281591074460344,.1202590735544414,.2314180294224874,.1384688761053419,.2728455062515105,,.9461816809864346,.6460718524311149,.7121738137553861,.4406303133196114,1.013306010068969,,.3021,.1239,.1556,.183,.2818,,1.4614,.6538,.7614,.7712,1.0639,,.1281591074460344,.1381663063311714,.2885156590177289,.1491838338057086,.3327759949668586,,1.544452872160851,1.056687342257388,1.298100836132892,.9538204621445923,1.960461083931953,,.4548,.1623,.2468,.205,.3754,,1.7243,.6603,.7346,.7602,1.1944,,59590,29,2027,232.9777397260274,620.4052511415525,880.7989726027397,632.591095890411,3858.866666666667,,1000000,1.1546,80.477806,54.013092,-458.00192,29.923069,73.808113,,1355.427,391.6597,890.09491,1847.0519,439.5668,,1238.8983,1313.8458,-3364.6152,1781.542,945.74689,,1661.7904,-45419.066,-100320.54,-13713.341,-19932.768,,-171104.48,.21433982,.21433982,-134429.98,753.44,-315388.66,-768995.88,333333.34,-134429.98,-315388.66,-333333.34,-333333.34,-1297444,639912,-1261554.6,-1333333.4
30,.0296,.025819136,.4789,.58209997,17015000,0,.0001523229246002,0,0,0,0,.0028541865162274,,.8147413897238034,.0453116797635341,.0800451682895049,.0823530645117525,.1016087632958061,,.2466,.1546,.1502,.1574,.2027,,.341,.1967,.0876,.0859,.2268,,0,0,0,0,.0028541865162274,,1.833612822389442,.0929666022196274,.1584192838341879,.178018731751517,.2168116337876351,,.0663,.065,.0629,.0627,.1671,,.4654,.216,.0811,.0915,.2637,,92567,30,2025,32.13082191780822,2587.106506849315,2484.771461187215,1851.13698630137,3218.175799086758,,1000000,1.1546,15.735296,9563.9092,2559.6135,309.50143,1373.7512,,-171.88326,31993.717,385.36703,57.994236,907.08893,,34.680553,14756.142,14311.877,5856.2432,3039.24,,-1743.5475,58786.863,-38832.27,-17931.543,1017.4645,,86289.945,-.00015232293,.00015232293,86276.805,753.44,197768.53,1755947.5,333333.34,86276.805,197768.53,333333.34,333333.34,1333333.4,337071,791074.13,1333333.4
30,.0296,.025819136,.4789,.58209997,17015000,0,.0001523229246002,0,0,0,0,.0028541865162274,,.8147413897238034,.0453116797635341,.0800451682895049,.0823530645117525,.1016087632958061,,.2521,.2011,.1876,.202,.2413,,.341,.1967,.0876,.0859,.2268,,0,0,0,0,.0028541865162274,,1.833612822389442,.0929666022196274,.1584192838341879,.178018731751517,.2168116337876351,,.0663,.065,.0629,.0627,.174,,.4654,.216,.0811,.0915,.2637,,92567,30,2024,32.13082191780822,2587.106506849315,2484.771461187215,1851.13698630137,3218.175799086758,,1000000,1.1546,16.086245,12440.506,3196.9607,397.20007,1639.0898,,-171.88326,31993.717,385.36703,57.994236,907.08893,,34.680553,14756.142,14311.877,5856.2432,3166.9189,,-1743.5475,58786.863,-38832.27,-17931.543,1017.4645,,90284.961,-.00015232293,.00015232293,90271.211,753.44,197768.53,1755947.5,333333.34,90271.211,197768.53,333333.34,333333.34,1333333.4,337071,791074.13,1333333.4
30,.0296,.025819136,.4789,.58209997,17015000,0,.0001523229246002,0,0,0,0,.0028541865162274,,.8147413897238034,.0453116797635341,.0800451682895049,.0823530645117525,.1016087632958061,,.2411,.1081,.1128,.1129,.1642,,.341,.1967,.0876,.0859,.2268,,0,0,0,0,.0028541865162274,,1.833612822389442,.0929666022196274,.1584192838341879,.178018731751517,.2168116337876351,,.0663,.065,.0628,.0627,.1601,,.4654,.216,.0811,.0915,.2637,,92567,30,2026,32.13082191780822,2587.106506849315,2484.771461187215,1851.13698630137,3218.175799086758,,1000000,1.1546,15.384347,6687.313,1922.2664,221.99945,1109.1001,,-171.88326,31993.717,385.36703,57.994236,907.08893,,34.680553,14756.142,14289.124,5856.2432,2909.7104,,-1743.5475,58786.863,-38832.27,-17931.543,1017.4645,,82271.211,-.00015232293,.00015232293,82258.68,753.44,197768.53,1755947.5,333333.34,82258.68,197768.53,333333.34,333333.34,1333333.4,337071,791074.13,1333333.4
30,.0296,.025819136,.4789,.58209997,17015000,0,.0001523229246002,0,0,0,0,.0028541865162274,,.8147413897238034,.0453116797635341,.0800451682895049,.0823530645117525,.1016087632958061,,.2357,.0616,.0754,.0683,.1256,,.341,.1967,.0876,.0859,.2268,,0,0,0,0,.0028541865162274,,1.833612822389442,.0929666022196274,.1584192838341879,.178018731751517,.2168116337876351,,.0663,.065,.0628,.0627,.1532,,.4654,.216,.0811,.0915,.2637,,92567,30,2027,32.13082191780822,2587.106506849315,2484.771461187215,1851.13698630137,3218.175799086758,,1000000,1.1546,15.039778,3810.7168,1284.9192,134.30081,843.7616,,-171.88326,31993.717,385.36703,57.994236,907.08893,,34.680553,14756.142,14289.124,5856.2432,2782.0313,,-1743.5475,58786.863,-38832.27,-17931.543,1017.4645,,78276.211,-.00015232293,.00015232293,78264.289,753.44,197768.53,1755947.5,333333.34,78264.289,197768.53,333333.34,333333.34,1333333.4,337071,791074.13,1333333.4
31,.0273,.02369239,.6511,.60869998,13627000,.0055,.0003229974160207,0,.0027914174824011,.0574023882795631,.0028893504590072,.0677316180597176,,1.794789709327951,.2153101098741166,.6126263486573027,.4924121747580006,.8170682184464267,,.0716,.0019,.0366,.0803,.0784,,.9681999999999999,.1612,.2507,.0871,.2583,,0,.0055259554852161,.0797298815949757,.0052697883881679,.1393711575237882,,1.747288143456979,.226288643420348,.574677039069733,.3229166334550371,.7627147189296376,,.0303,.0019,.0808,.0798,.1204,,.5859,.188,.2098,.0848,.2378,,97162,31,2026,4.920890410958904,7490.670662100457,1063.536643835616,465.4551369863014,2156.114155251142,,1000000,1.1546,.69970781,-159.6664,-151.73427,38.273479,49.133034,,-45.930809,-33109.844,-7901.981,-1666.3279,-2712.4993,,2.4273758,-2383.3528,104.21825,1750.343,-235.19414,,-226.66235,-52970.449,-78436.367,-12408.992,-7631.4121,,-198095.31,.0051770024,.0051770024,-197069.77,753.44,198073.31,-577785.13,333333.34,-197069.77,198073.31,-333333.34,-332329.81,-1329319.3,-788279.06,792293.25,-1333333.4
31,.0273,.02369239,.6511,.60869998,13627000,.0055,.0003229974160207,0,.0027914174824011,.0574023882795631,.0028893504590072,.0677316180597176,,1.794789709327951,.2153101098741166,.6126263486573027,.4924121747580006,.8170682184464267,,.0716,.0019,.0366,.0803,.0784,,.9681999999999999,.1612,.2507,.0871,.2583,,0,.0055259554852161,.0797298815949757,.0052697883881679,.1393711575237882,,1.747288143456979,.226288643420348,.574677039069733,.3229166334550371,.7627147189296376,,.0303,.0019,.0808,.0798,.1204,,.5859,.188,.2098,.0848,.2378,,97162,31,2025,4.920890410958904,7490.670662100457,1063.536643835616,465.4551369863014,2156.114155251142,,1000000,1.1546,.69970781,-159.6664,-151.73427,38.273479,49.133034,,-45.930809,-33109.844,-7901.981,-1666.3279,-2712.4993,,2.4273758,-2383.3528,104.21825,1750.343,-235.19414,,-226.66235,-52970.449,-78436.367,-12408.992,-7631.4121,,-198095.31,.0051770024,.0051770024,-197069.77,753.44,198073.31,-577785.13,333333.34,-197069.77,198073.31,-333333.34,-332329.81,-1329319.3,-788279.06,792293.25,-1333333.4
31,.0273,.02369239,.6511,.60869998,13627000,.0055,.0003229974160207,0,.0027914174824011,.0574023882795631,.0028893504590072,.0677316180597176,,1.794789709327951,.2153101098741166,.6126263486573027,.4924121747580006,.8170682184464267,,.0716,.0019,.0366,.0803,.0784,,.9681999999999999,.1612,.2507,.0871,.2583,,0,.0055259554852161,.0797298815949757,.0052697883881679,.1393711575237882,,1.747288143456979,.226288643420348,.574677039069733,.3229166334550371,.7627147189296376,,.0303,.0019,.0808,.0798,.1204,,.5859,.188,.2098,.0848,.2378,,97162,31,2024,4.920890410958904,7490.670662100457,1063.536643835616,465.4551369863014,2156.114155251142,,1000000,1.1546,.69970781,-159.6664,-151.73427,38.273479,49.133034,,-45.930809,-33109.844,-7901.981,-1666.3279,-2712.4993,,2.4273758,-2383.3528,104.21825,1750.343,-235.19414,,-226.66235,-52970.449,-78436.367,-12408.992,-7631.4121,,-198095.31,.0051770024,.0051770024,-197069.77,753.44,198073.31,-577785.13,333333.34,-197069.77,198073.31,-333333.34,-332329.81,-1329319.3,-788279.06,792293.25,-1333333.4
31,.0273,.02369239,.6511,.60869998,13627000,.0055,.0003229974160207,0,.0027914174824011,.0574023882795631,.0028893504590072,.0677316180597176,,1.794789709327951,.2153101098741166,.6126263486573027,.4924121747580006,.8170682184464267,,.0716,.0019,.0366,.0803,.0784,,.9681999999999999,.1612,.2507,.0871,.2583,,0,.0055259554852161,.0797298815949757,.0052697883881679,.1393711575237882,,1.747288143456979,.226288643420348,.574677039069733,.3229166334550371,.7627147189296376,,.0303,.0019,.0808,.0798,.1204,,.5859,.188,.2098,.0848,.2378,,97162,31,2027,4.920890410958904,7490.670662100457,1063.536643835616,465.4551369863014,2156.114155251142,,1000000,1.1546,.69970781,-159.6664,-151.73427,38.273479,49.133034,,-45.930809,-33109.844,-7901.981,-1666.3279,-2712.4993,,2.4273758,-2383.3528,104.21825,1750.343,-235.19414,,-226.66235,-52970.449,-78436.367,-12408.992,-7631.4121,,-198095.31,.0051770024,.0051770024,-197069.77,753.44,198073.31,-577785.13,333333.34,-197069.77,198073.31,-333333.34,-332329.81,-1329319.3,-788279.06,792293.25,-1333333.4
33,.0266,.021097891,.553,.4844,92642000,.0036,0,.109546967899624,.0065042247598299,.018613251795479,.0242376505011508,.0729581343276993,,.012041374136446,.0416838738540552,.1340574930015849,.0675587002525836,.1004972274810171,,.0289,.0946,.0162,.0241,.0843,0,1.017,.3816,.4075,.3219,.6087,.0801,.2185415778175184,.0323957667406533,.0147221788250933,.0260757620537874,.1374782388029853,,.0189316031790972,.042320700040397,.1254809797574783,.0572490847946855,.1054108217797598,,.0441,.057,.0187,.0289,.1246,0,.3281,.3551,.2142,.1686,.3024,.0093,744719,33,2024,382.2342465753425,33165.55285388128,23058.34349315069,6125.10296803653,20562.42123287671,,1000000,1.1546,-61.217789,69864.086,-381.6355,-.89559275,498.15219,,4337.5869,920909.63,129436.7,13760.153,23527.59,,-1085.5011,71604.813,8399.1025,872.82599,-1522.6204,,4686.8711,1915879.5,413488.41,76361.797,27312.473,,3677888,.0035999999,.0035999999,3677888,753.44,2315429.5,-6355241,333333.34,333333.34,333333.34,-333333.34,333333.34,1333333.4,1333333.4,1333333.4,-1333333.4
33,.0266,.021097891,.553,.4844,92642000,.0036,0,.109546967899624,.0065042247598299,.018613251795479,.0242376505011508,.0729581343276993,,.012041374136446,.0416838738540552,.1340574930015849,.0675587002525836,.1004972274810171,,.0289,.0813,.0162,.0241,.0843,0,1.017,.3432,.3903,.3219,.6049,.0801,.2185415778175184,.0323957667406533,.0147221788250933,.0260757620537874,.1374782388029853,,.0189316031790972,.042320700040397,.1254809797574783,.0572490847946855,.1054108217797598,,.0441,.0555,.0187,.0289,.1246,0,.3281,.3213,.2142,.1686,.3024,.0093,744719,33,2025,382.2342465753425,33165.55285388128,23058.34349315069,6125.10296803653,20562.42123287671,,1000000,1.1546,-61.217789,59316.563,-381.6355,-.89559275,498.15219,,4337.5869,816875.38,121294.91,13760.153,23351.668,,-1085.5011,67239.422,8399.1025,872.82599,-1522.6204,,4686.8711,1708843,413488.41,76361.797,27312.473,,3343586.8,.0035999999,.0035999999,3343586.8,753.44,2315429.5,-6355241,333333.34,333333.34,333333.34,-333333.34,333333.34,1333333.4,1333333.4,1333333.4,-1333333.4
33,.0266,.021097891,.553,.4844,92642000,.0036,0,.109546967899624,.0065042247598299,.018613251795479,.0242376505011508,.0729581343276993,,.012041374136446,.0416838738540552,.1340574930015849,.0675587002525836,.1004972274810171,,.0289,.0547,.0162,.0241,.0843,0,1.017,.2665,.3561,.3219,.5975,.0801,.2185415778175184,.0323957667406533,.0147221788250933,.0260757620537874,.1374782388029853,,.0189316031790972,.042320700040397,.1254809797574783,.0572490847946855,.1054108217797598,,.0441,.0525,.0187,.0289,.1246,0,.3281,.2536,.2142,.1686,.3024,.0093,744719,33,2027,382.2342465753425,33165.55285388128,23058.34349315069,6125.10296803653,20562.42123287671,,1000000,1.1546,-61.217789,38221.512,-381.6355,-.89559275,498.15219,,4337.5869,609077.69,105106.01,13760.153,23009.078,,-1085.5011,58508.629,8399.1025,872.82599,-1522.6204,,4686.8711,1294157.5,413488.41,76361.797,27312.473,,2674746,.0035999999,.0035999999,2674746,753.44,2315429.5,-6355241,333333.34,333333.34,333333.34,-333333.34,333333.34,1333333.4,1333333.4,1333333.4,-1333333.4
33,.0266,.021097891,.553,.4844,92642000,.0036,0,.109546967899624,.0065042247598299,.018613251795479,.0242376505011508,.0729581343276993,,.012041374136446,.0416838738540552,.1340574930015849,.0675587002525836,.1004972274810171,,.0289,.068,.0162,.0241,.0843,0,1.017,.3049,.3732,.3219,.6012,.0801,.2185415778175184,.0323957667406533,.0147221788250933,.0260757620537874,.1374782388029853,,.0189316031790972,.042320700040397,.1254809797574783,.0572490847946855,.1054108217797598,,.0441,.054,.0187,.0289,.1246,0,.3281,.2874,.2142,.1686,.3024,.0093,744719,33,2026,382.2342465753425,33165.55285388128,23058.34349315069,6125.10296803653,20562.42123287671,,1000000,1.1546,-61.217789,48769.039,-381.6355,-.89559275,498.15219,,4337.5869,713112,113200.46,13760.153,23180.373,,-1085.5011,62874.023,8399.1025,872.82599,-1522.6204,,4686.8711,1501194,413488.41,76361.797,27312.473,,3008995.3,.0035999999,.0035999999,3008995.3,753.44,2315429.5,-6355241,333333.34,333333.34,333333.34,-333333.34,333333.34,1333333.4,1333333.4,1333333.4,-1333333.4
35,.0302,.02793281,.52,.47850001,51161000,.0066,.0001006988500191,.0666074493501004,.0073162703696903,.0208654037338171,.0460518889974804,.0403073606175931,,.1544334780809615,.1232445556211933,.1485291483579687,.074462291713108,.2120780279020164,,.0908,.0108,.0182,.0177,.0512,,.3281,.1186,.2823,.2724,.4116,,.1406620002078535,.0244272316884836,.0482034330920642,.0778143768722546,.0755519194511362,,.2530339066218249,.1548255353925244,.1389339877848404,.0659795478644943,.1775474905132561,,.1839,.0125,.0287,.0314,.0957,,.6718,.1355,.2675,.2492,.4385,,594677,35,2024,436.4390410958904,14715.91860730594,22755.64440639269,7916.970319634704,20221.49840182648,,1000000,1.1546,20.968399,1225.8673,-415.97778,-238.42973,470.48929,,855.87457,-5583.2817,62490.492,13841.417,9083.8555,,307.2132,-15401.825,-40640.563,-18540.633,2342.6528,,7248.5879,-52524.492,591335.31,162405.95,35581.086,,753864.5,.0064993012,.0064993012,753864.5,753.44,761866.81,-2123181,333333.34,333333.34,333333.34,-333333.34,333333.34,1333333.4,1333333.4,1333333.4,-1333333.4
35,.0302,.02793281,.52,.47850001,51161000,.0066,.0001006988500191,.0666074493501004,.0073162703696903,.0208654037338171,.0460518889974804,.0403073606175931,,.1544334780809615,.1232445556211933,.1485291483579687,.074462291713108,.2120780279020164,,.0908,.0108,.0182,.0177,.0512,,.3281,.1186,.2823,.2724,.4116,,.1406620002078535,.0244272316884836,.0482034330920642,.0778143768722546,.0755519194511362,,.2530339066218249,.1548255353925244,.1389339877848404,.0659795478644943,.1775474905132561,,.1839,.0125,.0287,.0314,.0957,,.6718,.1355,.2675,.2409,.4385,,594677,35,2026,436.4390410958904,14715.91860730594,22755.64440639269,7916.970319634704,20221.49840182648,,1000000,1.1546,20.968399,1225.8673,-415.97778,-238.42973,470.48929,,855.87457,-5583.2817,62490.492,13841.417,9083.8555,,307.2132,-15401.825,-40640.563,-18540.633,2342.6528,,7248.5879,-52524.492,591335.31,155048.86,35581.086,,746507.44,.0064993012,.0064993012,746507.44,753.44,761866.81,-2123181,333333.34,333333.34,333333.34,-333333.34,333333.34,1333333.4,1333333.4,1333333.4,-1333333.4
35,.0302,.02793281,.52,.47850001,51161000,.0066,.0001006988500191,.0666074493501004,.0073162703696903,.0208654037338171,.0460518889974804,.0403073606175931,,.1544334780809615,.1232445556211933,.1485291483579687,.074462291713108,.2120780279020164,,.0908,.0108,.0182,.0177,.0512,,.3281,.1186,.2823,.2724,.4116,,.1406620002078535,.0244272316884836,.0482034330920642,.0778143768722546,.0755519194511362,,.2530339066218249,.1548255353925244,.1389339877848404,.0659795478644943,.1775474905132561,,.1839,.0125,.0287,.0314,.0957,,.6718,.1355,.2675,.2451,.4385,,594677,35,2025,436.4390410958904,14715.91860730594,22755.64440639269,7916.970319634704,20221.49840182648,,1000000,1.1546,20.968399,1225.8673,-415.97778,-238.42973,470.48929,,855.87457,-5583.2817,62490.492,13841.417,9083.8555,,307.2132,-15401.825,-40640.563,-18540.633,2342.6528,,7248.5879,-52524.492,591335.31,158771.72,35581.086,,750230.31,.0064993012,.0064993012,750230.31,753.44,761866.81,-2123181,333333.34,333333.34,333333.34,-333333.34,333333.34,1333333.4,1333333.4,1333333.4,-1333333.4
35,.0302,.02793281,.52,.47850001,51161000,.0066,.0001006988500191,.0666074493501004,.0073162703696903,.0208654037338171,.0460518889974804,.0403073606175931,,.1544334780809615,.1232445556211933,.1485291483579687,.074462291713108,.2120780279020164,,.0908,.0108,.0182,.0177,.0512,,.3281,.1186,.2823,.2724,.4116,,.1406620002078535,.0244272316884836,.0482034330920642,.0778143768722546,.0755519194511362,,.2530339066218249,.1548255353925244,.1389339877848404,.0659795478644943,.1775474905132561,,.1839,.0125,.0287,.0314,.0957,,.6718,.1355,.2675,.2368,.4385,,594677,35,2027,436.4390410958904,14715.91860730594,22755.64440639269,7916.970319634704,20221.49840182648,,1000000,1.1546,20.968399,1225.8673,-415.97778,-238.42973,470.48929,,855.87457,-5583.2817,62490.492,13841.417,9083.8555,,307.2132,-15401.825,-40640.563,-18540.633,2342.6528,,7248.5879,-52524.492,591335.31,151414.63,35581.086,,742873.19,.0064993012,.0064993012,742873.19,753.44,761866.81,-2123181,333333.34,333333.34,333333.34,-333333.34,333333.34,1333333.4,1333333.4,1333333.4,-1333333.4
37,.0372,.035547286,.3939,.29100001,33697000,.0621,.0281714583212819,.0691009436979354,.0024403810939982,.0065833967046668,.0047195661380308,.0371977299639367,,1.080129427232717,.0966750603805978,.1852364101391508,.2073406408500476,.4809793243423067,,.1007,.0029,.0146,.0136,.0306,,1.7155,.3832,.6076,.6715,.9566,,.1075253840699997,.0025479649428799,.0079265156342914,.0096845228231244,.0618862785513979,,.8298205312256228,.0373807521683507,.092139506641262,.0954962553580036,.3675312329240577,,.2312,.0039,.0297,.0353,.0685,,1.7268,.1854,.3808,.5354,.8298,,345596,37,2024,2810.944634703196,11003.87682648402,6375.350456621005,2014.928652968036,11712.52488584475,,1000000,1.1546,176.39507,120.93591,350.51971,19.006985,-165.06247,,20167.395,257552.73,55278.195,8260.7559,12542.307,,5659.5713,1305.5059,12711.345,2604.2048,445.40729,,99998.414,300820.13,371971.69,99239.891,36508.121,,1285567.5,.033928543,.033928543,1285567.5,753.44,322757.44,-3467421,333333.34,333333.34,322757.44,-333333.34,322757.44,1291029.8,1333333.4,1291029.8,-1333333.4
37,.0372,.035547286,.3939,.29100001,33697000,.0621,.0281714583212819,.0691009436979354,.0024403810939982,.0065833967046668,.0047195661380308,.0371977299639367,,1.080129427232717,.0966750603805978,.1852364101391508,.2073406408500476,.4809793243423067,,.1007,.0029,.0146,.0136,.0306,,1.3018,.3832,.6076,.6141,.8915999999999999,,.1075253840699997,.0025479649428799,.0079265156342914,.0096845228231244,.0618862785513979,,.8298205312256228,.0373807521683507,.092139506641262,.0954962553580036,.3675312329240577,,.2312,.0039,.0297,.0353,.0685,,1.4933,.1854,.3808,.5354,.8298,,345596,37,2027,2810.944634703196,11003.87682648402,6375.350456621005,2014.928652968036,11712.52488584475,,1000000,1.1546,176.39507,120.93591,350.51971,19.006985,-165.06247,,7036.0796,257552.73,55278.195,7239.1943,10828.231,,5659.5713,1305.5059,12711.345,2604.2048,445.40729,,73967.016,300820.13,371971.69,99239.891,36508.121,,1243669,.033928543,.033928543,1243669,753.44,322757.44,-3467421,333333.34,333333.34,322757.44,-333333.34,322757.44,1291029.8,1333333.4,1291029.8,-1333333.4
37,.0372,.035547286,.3939,.29100001,33697000,.0621,.0281714583212819,.0691009436979354,.0024403810939982,.0065833967046668,.0047195661380308,.0371977299639367,,1.080129427232717,.0966750603805978,.1852364101391508,.2073406408500476,.4809793243423067,,.1007,.0029,.0146,.0136,.0306,,1.4397,.3832,.6076,.6333,.9133,,.1075253840699997,.0025479649428799,.0079265156342914,.0096845228231244,.0618862785513979,,.8298205312256228,.0373807521683507,.092139506641262,.0954962553580036,.3675312329240577,,.2312,.0039,.0297,.0353,.0685,,1.5711,.1854,.3808,.5354,.8298,,345596,37,2026,2810.944634703196,11003.87682648402,6375.350456621005,2014.928652968036,11712.52488584475,,1000000,1.1546,176.39507,120.93591,350.51971,19.006985,-165.06247,,11413.185,257552.73,55278.195,7580.9014,11400.469,,5659.5713,1305.5059,12711.345,2604.2048,445.40729,,82640.43,300820.13,371971.69,99239.891,36508.121,,1257633.5,.033928543,.033928543,1257633.5,753.44,322757.44,-3467421,333333.34,333333.34,322757.44,-333333.34,322757.44,1291029.8,1333333.4,1291029.8,-1333333.4
37,.0372,.035547286,.3939,.29100001,33697000,.0621,.0281714583212819,.0691009436979354,.0024403810939982,.0065833967046668,.0047195661380308,.0371977299639367,,1.080129427232717,.0966750603805978,.1852364101391508,.2073406408500476,.4809793243423067,,.1007,.0029,.0146,.0136,.0306,,1.5776,.3832,.6076,.6524,.9349,,.1075253840699997,.0025479649428799,.0079265156342914,.0096845228231244,.0618862785513979,,.8298205312256228,.0373807521683507,.092139506641262,.0954962553580036,.3675312329240577,,.2312,.0039,.0297,.0353,.0685,,1.649,.1854,.3808,.5354,.8298,,345596,37,2025,2810.944634703196,11003.87682648402,6375.350456621005,2014.928652968036,11712.52488584475,,1000000,1.1546,176.39507,120.93591,350.51971,19.006985,-165.06247,,15790.29,257552.73,55278.195,7920.8286,11970.069,,5659.5713,1305.5059,12711.345,2604.2048,445.40729,,91324.992,300820.13,371971.69,99239.891,36508.121,,1271604.8,.033928543,.033928543,1271604.8,753.44,322757.44,-3467421,333333.34,333333.34,322757.44,-333333.34,322757.44,1291029.8,1333333.4,1291029.8,-1333333.4
38,.0264,.019581994,.5394,.46090001,40207000,.0016,0,0,.0012313073374143,.0022275154457293,.0069112496575482,.0452320247155033,,.2940560928058068,.3050343067816118,.2103170408628696,.2026679670977457,.2247136854070523,,.1083,.1483,.0639,.042,.0703,,.6415999999999999,.0226,.0989,.1617,.1443,,0,.0009830821401309,.0040209774712588,.0199218871998591,.1082991915432151,,.2946322406661461,.3195297018889623,.1624822534545515,.1675579115688101,.2159531868686599,,.2037,.5566,.0702,.0687,.3748,,.6016,.032,.1087,.1271,.1276,,326933,38,2024,429.6003424657534,14517.46130136986,10559.91529680365,1987.164497716895,9042.445205479453,,1000000,1.1546,92.395981,51053.152,4466.5264,74.066376,484.18176,,1685.9501,-334939.31,-24153.238,-719.07013,-1637.1257,,1424.6439,707801.19,63994.152,4890.709,13856.237,,5230.1685,-770932.5,-114793.66,-9001.3203,-5387.0688,,-406509.88,.0016,.0016,-405859.47,753.44,1259580.9,-3156249.3,333333.34,-333333.34,333333.34,-333333.34,-333333.34,-1333333.4,-1333333.4,1333333.4,-1333333.4
38,.0264,.019581994,.5394,.46090001,40207000,.0016,0,0,.0012313073374143,.0022275154457293,.0069112496575482,.0452320247155033,,.2940560928058068,.3050343067816118,.2103170408628696,.2026679670977457,.2247136854070523,,.1083,.0917,.0639,.042,.0703,,.6415999999999999,.0226,.0989,.1617,.1443,,0,.0009830821401309,.0040209774712588,.0199218871998591,.1082991915432151,,.2946322406661461,.3195297018889623,.1624822534545515,.1675579115688101,.2159531868686599,,.2037,.2337,.0677,.0687,.2302,,.6016,.032,.1087,.1271,.1276,,326933,38,2026,429.6003424657534,14517.46130136986,10559.91529680365,1987.164497716895,9042.445205479453,,1000000,1.1546,92.395981,31405.135,4466.5264,74.066376,484.18176,,1685.9501,-334939.31,-24153.238,-719.07013,-1637.1257,,1424.6439,296458.41,61576.688,4890.709,6338.0166,,5230.1685,-770932.5,-114793.66,-9001.3203,-5387.0688,,-847436.44,.0016,.0016,-846080.56,753.44,1259580.9,-3156249.3,333333.34,-333333.34,333333.34,-333333.34,-333333.34,-1333333.4,-1333333.4,1333333.4,-1333333.4
38,.0264,.019581994,.5394,.46090001,40207000,.0016,0,0,.0012313073374143,.0022275154457293,.0069112496575482,.0452320247155033,,.2940560928058068,.3050343067816118,.2103170408628696,.2026679670977457,.2247136854070523,,.1083,.12,.0639,.042,.0703,,.6415999999999999,.0226,.0989,.1617,.1443,,0,.0009830821401309,.0040209774712588,.0199218871998591,.1082991915432151,,.2946322406661461,.3195297018889623,.1624822534545515,.1675579115688101,.2159531868686599,,.2037,.3952,.069,.0687,.3025,,.6016,.032,.1087,.1271,.1276,,326933,38,2025,429.6003424657534,14517.46130136986,10559.91529680365,1987.164497716895,9042.445205479453,,1000000,1.1546,92.395981,41229.145,4466.5264,74.066376,484.18176,,1685.9501,-334939.31,-24153.238,-719.07013,-1637.1257,,1424.6439,502193.5,62833.77,4890.709,10097.127,,5230.1685,-770932.5,-114793.66,-9001.3203,-5387.0688,,-626861.13,.0016,.0016,-625858.13,753.44,1259580.9,-3156249.3,333333.34,-333333.34,333333.34,-333333.34,-333333.34,-1333333.4,-1333333.4,1333333.4,-1333333.4
38,.0264,.019581994,.5394,.46090001,40207000,.0016,0,0,.0012313073374143,.0022275154457293,.0069112496575482,.0452320247155033,,.2940560928058068,.3050343067816118,.2103170408628696,.2026679670977457,.2247136854070523,,.1083,.0635,.0639,.042,.0703,,.6415999999999999,.0226,.0989,.1617,.1443,,0,.0009830821401309,.0040209774712588,.0199218871998591,.1082991915432151,,.2946322406661461,.3195297018889623,.1624822534545515,.1675579115688101,.2159531868686599,,.2037,.0723,.0665,.0687,.1579,,.6016,.032,.1087,.1271,.1276,,326933,38,2027,429.6003424657534,14517.46130136986,10559.91529680365,1987.164497716895,9042.445205479453,,1000000,1.1546,92.395981,21615.838,4466.5264,74.066376,484.18176,,1685.9501,-334939.31,-24153.238,-719.07013,-1637.1257,,1424.6439,90850.727,60416.309,4890.709,2578.9063,,5230.1685,-770932.5,-114793.66,-9001.3203,-5387.0688,,-1067753,.0016,.0016,-1066044.6,753.44,1259580.9,-3156249.3,333333.34,-333333.34,333333.34,-333333.34,-333333.34,-1333333.4,-1333333.4,1333333.4,-1333333.4
40,.0338,.028287612,.5311,.4377,6378000,0,0,0,.0001132364746026,.0018713976132239,.0379245515010567,.050388756283295,,0,0,.0019745448093676,.004311853235151,.0068013239977197,,0,.005,.0232,.0096,.0256,,0,0,.0118,.0021,.0175,,0,.0000197967139508,.0041734049762414,.0051739226234451,.0186093214987564,,0,0,.0019745448093676,.004311853235151,.0128547355124031,,0,.004,.0224,.0053,.0246,,0,0,.0214,.0042,.0238,,56173,40,2024,.6268264840182648,1982.959817351598,1277.15696347032,543.1295662100457,2426.820662100457,,1000000,1.1546,0,231.71114,186.82057,-16.341272,-128.4978,,0,0,257.60855,-10.610913,58.456646,,0,692.57104,2131.6177,3.4550443,83.593903,,0,0,5014.5732,-6.8017545,179.10527,,8677.2617,0,0,8677.2617,753.44,174975.55,-595705.19,333333.34,8677.2617,174975.55,-333333.34,-149680.53,-598722.13,34709.047,699902.19,-1333333.4
40,.0338,.028287612,.5311,.4377,6378000,0,0,0,.0001132364746026,.0018713976132239,.0379245515010567,.050388756283295,,0,0,.0019745448093676,.004311853235151,.0068013239977197,,0,.005,.0232,.0096,.0256,,0,0,.0118,.0021,.0175,,0,.0000197967139508,.0041734049762414,.0051739226234451,.0186093214987564,,0,0,.0019745448093676,.004311853235151,.0128547355124031,,0,.004,.0224,.0053,.0246,,0,0,.0214,.0042,.0238,,56173,40,2026,.6268264840182648,1982.959817351598,1277.15696347032,543.1295662100457,2426.820662100457,,1000000,1.1546,0,231.71114,186.82057,-16.341272,-128.4978,,0,0,257.60855,-10.610913,58.456646,,0,692.57104,2131.6177,3.4550443,83.593903,,0,0,5014.5732,-6.8017545,179.10527,,8677.2617,0,0,8677.2617,753.44,174975.55,-595705.19,333333.34,8677.2617,174975.55,-333333.34,-149680.53,-598722.13,34709.047,699902.19,-1333333.4
40,.0338,.028287612,.5311,.4377,6378000,0,0,0,.0001132364746026,.0018713976132239,.0379245515010567,.050388756283295,,0,0,.0019745448093676,.004311853235151,.0068013239977197,,0,.005,.0232,.0096,.0256,,0,0,.0118,.0021,.0175,,0,.0000197967139508,.0041734049762414,.0051739226234451,.0186093214987564,,0,0,.0019745448093676,.004311853235151,.0128547355124031,,0,.004,.0224,.0053,.0246,,0,0,.0214,.0042,.0238,,56173,40,2025,.6268264840182648,1982.959817351598,1277.15696347032,543.1295662100457,2426.820662100457,,1000000,1.1546,0,231.71114,186.82057,-16.341272,-128.4978,,0,0,257.60855,-10.610913,58.456646,,0,692.57104,2131.6177,3.4550443,83.593903,,0,0,5014.5732,-6.8017545,179.10527,,8677.2617,0,0,8677.2617,753.44,174975.55,-595705.19,333333.34,8677.2617,174975.55,-333333.34,-149680.53,-598722.13,34709.047,699902.19,-1333333.4
40,.0338,.028287612,.5311,.4377,6378000,0,0,0,.0001132364746026,.0018713976132239,.0379245515010567,.050388756283295,,0,0,.0019745448093676,.004311853235151,.0068013239977197,,0,.005,.0232,.0096,.0256,,0,0,.0118,.0021,.0175,,0,.0000197967139508,.0041734049762414,.0051739226234451,.0186093214987564,,0,0,.0019745448093676,.004311853235151,.0128547355124031,,0,.004,.0224,.0053,.0246,,0,0,.0214,.0042,.0238,,56173,40,2027,.6268264840182648,1982.959817351598,1277.15696347032,543.1295662100457,2426.820662100457,,1000000,1.1546,0,231.71114,186.82057,-16.341272,-128.4978,,0,0,257.60855,-10.610913,58.456646,,0,692.57104,2131.6177,3.4550443,83.593903,,0,0,5014.5732,-6.8017545,179.10527,,8677.2617,0,0,8677.2617,753.44,174975.55,-595705.19,333333.34,8677.2617,174975.55,-333333.34,-149680.53,-598722.13,34709.047,699902.19,-1333333.4
43,.0292,.031572059,.57,.46250001,17645000,0,.0015411712901805,.0049145148411805,.0001602977004865,0,0,.0026812065143238,,2.600758800273586,2.480365034770404,2.214451241294788,2.768778827868409,2.653057604178551,,0,.0636,.121,.0585,.119,,.1515,.0541,.1168,.1434,.1565,,.0057336006480439,.0001870139839009,0,0,.0031280742667111,,1.976151329297713,1.310162937931155,1.105986421152345,1.345388962391302,1.49664480278379,,0,.0282,.0841,.0248,.1044,,.1957,.0784,.1688,.1283,.151,,139047,43,2026,111.6578767123288,7404.886643835616,2997.404109589041,903.548401826484,4070.187671232877,,1000000,1.1546,-1.0897579,11232.883,2487.4175,56.147015,1011.2711,,-3088.1221,-1467623.5,-129074.93,-20952.527,-22878.219,,-10.422394,18202.162,23083.455,1130.6185,2370.0876,,-7884.5654,-1684567.9,-567792.69,-123124,-36930.848,,-4004354.5,-.0015411713,.0015411713,-4004354.5,753.44,-186379.02,-1896837.4,333333.34,-333333.34,-186379.02,-333333.34,-333333.34,-1333333.4,-1333333.4,-745516.06,-1333333.4
43,.0292,.031572059,.57,.46250001,17645000,0,.0015411712901805,.0049145148411805,.0001602977004865,0,0,.0026812065143238,,2.600758800273586,2.480365034770404,2.214451241294788,2.768778827868409,2.653057604178551,,0,.0636,.1573,.0585,.119,,.1515,.0541,.1168,.1434,.1565,,.0057336006480439,.0001870139839009,0,0,.0031280742667111,,1.976151329297713,1.310162937931155,1.105986421152345,1.345388962391302,1.49664480278379,,0,.0282,.0841,.0248,.1044,,.1957,.0784,.1688,.1283,.151,,139047,43,2024,111.6578767123288,7404.886643835616,2997.404109589041,903.548401826484,4070.187671232877,,1000000,1.1546,-1.0897579,11232.883,3233.6426,56.147015,1011.2711,,-3088.1221,-1467623.5,-129074.93,-20952.527,-22878.219,,-10.422394,18202.162,23083.455,1130.6185,2370.0876,,-7884.5654,-1684567.9,-567792.69,-123124,-36930.848,,-4003608.5,-.0015411713,.0015411713,-4003608.5,753.44,-186379.02,-1896837.4,333333.34,-333333.34,-186379.02,-333333.34,-333333.34,-1333333.4,-1333333.4,-745516.06,-1333333.4
43,.0292,.031572059,.57,.46250001,17645000,0,.0015411712901805,.0049145148411805,.0001602977004865,0,0,.0026812065143238,,2.600758800273586,2.480365034770404,2.214451241294788,2.768778827868409,2.653057604178551,,0,.0636,.1029,.0585,.119,,.1515,.0541,.1168,.1434,.1565,,.0057336006480439,.0001870139839009,0,0,.0031280742667111,,1.976151329297713,1.310162937931155,1.105986421152345,1.345388962391302,1.49664480278379,,0,.0282,.0841,.0248,.1044,,.1957,.0784,.1688,.1283,.151,,139047,43,2027,111.6578767123288,7404.886643835616,2997.404109589041,903.548401826484,4070.187671232877,,1000000,1.1546,-1.0897579,11232.883,2115.3328,56.147015,1011.2711,,-3088.1221,-1467623.5,-129074.93,-20952.527,-22878.219,,-10.422394,18202.162,23083.455,1130.6185,2370.0876,,-7884.5654,-1684567.9,-567792.69,-123124,-36930.848,,-4004726.8,-.0015411713,.0015411713,-4004726.8,753.44,-186379.02,-1896837.4,333333.34,-333333.34,-186379.02,-333333.34,-333333.34,-1333333.4,-1333333.4,-745516.06,-1333333.4
43,.0292,.031572059,.57,.46250001,17645000,0,.0015411712901805,.0049145148411805,.0001602977004865,0,0,.0026812065143238,,2.600758800273586,2.480365034770404,2.214451241294788,2.768778827868409,2.653057604178551,,0,.0636,.1392,.0585,.119,,.1515,.0541,.1168,.1434,.1565,,.0057336006480439,.0001870139839009,0,0,.0031280742667111,,1.976151329297713,1.310162937931155,1.105986421152345,1.345388962391302,1.49664480278379,,0,.0282,.0841,.0248,.1044,,.1957,.0784,.1688,.1283,.151,,139047,43,2025,111.6578767123288,7404.886643835616,2997.404109589041,903.548401826484,4070.187671232877,,1000000,1.1546,-1.0897579,11232.883,2861.5579,56.147015,1011.2711,,-3088.1221,-1467623.5,-129074.93,-20952.527,-22878.219,,-10.422394,18202.162,23083.455,1130.6185,2370.0876,,-7884.5654,-1684567.9,-567792.69,-123124,-36930.848,,-4003980.5,-.0015411713,.0015411713,-4003980.5,753.44,-186379.02,-1896837.4,333333.34,-333333.34,-186379.02,-333333.34,-333333.34,-1333333.4,-1333333.4,-745516.06,-1333333.4
49,.0422,.028430436,.4408,.43970001,5605000,.0645,.0298578199052133,.8936491392455088,.2987729012285024,.68073087713257,.6987952042730501,.6922844204130046,,1.248840958524973,.2699751287904985,.5053345736949325,.2735689862198203,.6328654693065093,,.3707,.1051,.0997,.027,.2238,,1.2561,.4312,.5256,.2704,.8129,,2.177863776889169,.7613624728881697,1.438065587010804,2.160064690880121,1.621460618804601,,3.080103896375851,.6610764986424409,.9951001665157516,.3091205885777435,1.542862232818232,,.8178,.2054,.2171,.0444,.4748,,1.5773,.5397,.6446,.317,1.1863,,121384,49,2025,1115.731621004566,357.8251141552511,967.337100456621,584.0149543378996,2979.016666666667,,1000000,1.1546,-1158.7219,-1657.11,-3854.7397,-416.75446,-2981.0645,,91.455414,4712.603,402.43607,-16.346972,1207.5216,,-24704.137,-17456.672,-108153.55,-62342.441,-19641.232,,-66499.805,-8021.3667,-68530.602,515.21289,-7162.3027,,-385667.63,.034642179,.034642179,-372307.25,753.44,944477.44,-6165.4585,333333.34,-333333.34,333333.34,-6165.4585,-6165.4585,-24661.834,-1333333.4,1333333.4,-24661.834
49,.0422,.028430436,.4408,.43970001,5605000,.0645,.0298578199052133,.8936491392455088,.2987729012285024,.68073087713257,.6987952042730501,.6922844204130046,,1.248840958524973,.2699751287904985,.5053345736949325,.2735689862198203,.6328654693065093,,.3707,.1051,.0997,.027,.2238,,1.2561,.4312,.5256,.2704,.8129,,2.177863776889169,.7613624728881697,1.438065587010804,2.160064690880121,1.621460618804601,,3.080103896375851,.6610764986424409,.9951001665157516,.3091205885777435,1.542862232818232,,.8178,.2054,.2171,.0444,.4748,,1.5773,.5397,.6446,.317,1.1863,,121384,49,2024,1115.731621004566,357.8251141552511,967.337100456621,584.0149543378996,2979.016666666667,,1000000,1.1546,-1158.7219,-1657.11,-3854.7397,-416.75446,-2981.0645,,91.455414,4712.603,402.43607,-16.346972,1207.5216,,-24704.137,-17456.672,-108153.55,-62342.441,-19641.232,,-66499.805,-8021.3667,-68530.602,515.21289,-7162.3027,,-385667.63,.034642179,.034642179,-372307.25,753.44,944477.44,-6165.4585,333333.34,-333333.34,333333.34,-6165.4585,-6165.4585,-24661.834,-1333333.4,1333333.4,-24661.834
49,.0422,.028430436,.4408,.43970001,5605000,.0645,.0298578199052133,.8936491392455088,.2987729012285024,.68073087713257,.6987952042730501,.6922844204130046,,1.248840958524973,.2699751287904985,.5053345736949325,.2735689862198203,.6328654693065093,,.3707,.1051,.0997,.027,.2238,,1.2561,.4312,.5256,.2704,.8129,,2.177863776889169,.7613624728881697,1.438065587010804,2.160064690880121,1.621460618804601,,3.080103896375851,.6610764986424409,.9951001665157516,.3091205885777435,1.542862232818232,,.8178,.2054,.2171,.0444,.4748,,1.5773,.5397,.6446,.317,1.1863,,121384,49,2027,1115.731621004566,357.8251141552511,967.337100456621,584.0149543378996,2979.016666666667,,1000000,1.1546,-1158.7219,-1657.11,-3854.7397,-416.75446,-2981.0645,,91.455414,4712.603,402.43607,-16.346972,1207.5216,,-24704.137,-17456.672,-108153.55,-62342.441,-19641.232,,-66499.805,-8021.3667,-68530.602,515.21289,-7162.3027,,-385667.63,.034642179,.034642179,-372307.25,753.44,944477.44,-6165.4585,333333.34,-333333.34,333333.34,-6165.4585,-6165.4585,-24661.834,-1333333.4,1333333.4,-24661.834
49,.0422,.028430436,.4408,.43970001,5605000,.0645,.0298578199052133,.8936491392455088,.2987729012285024,.68073087713257,.6987952042730501,.6922844204130046,,1.248840958524973,.2699751287904985,.5053345736949325,.2735689862198203,.6328654693065093,,.3707,.1051,.0997,.027,.2238,,1.2561,.4312,.5256,.2704,.8129,,2.177863776889169,.7613624728881697,1.438065587010804,2.160064690880121,1.621460618804601,,3.080103896375851,.6610764986424409,.9951001665157516,.3091205885777435,1.542862232818232,,.8178,.2054,.2171,.0444,.4748,,1.5773,.5397,.6446,.317,1.1863,,121384,49,2026,1115.731621004566,357.8251141552511,967.337100456621,584.0149543378996,2979.016666666667,,1000000,1.1546,-1158.7219,-1657.11,-3854.7397,-416.75446,-2981.0645,,91.455414,4712.603,402.43607,-16.346972,1207.5216,,-24704.137,-17456.672,-108153.55,-62342.441,-19641.232,,-66499.805,-8021.3667,-68530.602,515.21289,-7162.3027,,-385667.63,.034642179,.034642179,-372307.25,753.44,944477.44,-6165.4585,333333.34,-333333.34,333333.34,-6165.4585,-6165.4585,-24661.834,-1333333.4,1333333.4,-24661.834
62,.0265,.022568164,.6403,.60549998,287368992,.0073,.0009914565196559,.3312575404511863,.0526244675711011,.2001807840927682,.1861768490954433,.3670317141931527,,.7208821193947901,.1183257263842805,.3159195719087521,.2791715844493018,.4230073828063637,,.0954,.0202,.0413,.0575,.0637,,.9469,.2706,.3825,.3635,.5723,,.1533791411788261,.0224523064495382,.0561774617854797,.0557803041764362,.1426181819867682,,.3627321379974002,.084731495567783,.1932371908465783,.181294688452164,.2792222634435062,,.1281,.0314,.0435,.0694,.087,,.9577,.2003,.2471,.2191,.3578,,4410638,62,2026,285.6549086757991,160497.8005707762,190468.5045662101,33188.0401826484,100846.9113013699,,1000000,1.1546,-133.79857,-124438.16,-207545.14,-4536.2964,-65340.688,,729.04596,1996427.9,260335.31,24720.004,33897.457,,-117.55868,126015.9,-221113.36,22806.678,-32250.785,,6740.5215,3425717.5,2073627.1,140476.41,53432.625,,7509450.5,.0063085435,.0063085435,7509450.5,753.44,9799563,-10000446,333333.34,333333.34,333333.34,-333333.34,333333.34,1333333.4,1333333.4,1333333.4,-1333333.4
62,.0265,.022568164,.6403,.60549998,287368992,.0073,.0009914565196559,.3312575404511863,.0526244675711011,.2001807840927682,.1861768490954433,.3670317141931527,,.7208821193947901,.1183257263842805,.3159195719087521,.2791715844493018,.4230073828063637,,.0954,.0202,.0413,.062,.0637,,.9469,.302,.4375,.4096,.5803,,.1533791411788261,.0224523064495382,.0561774617854797,.0557803041764362,.1426181819867682,,.3627321379974002,.084731495567783,.1932371908465783,.181294688452164,.2792222634435062,,.1281,.0314,.0563,.0961,.087,,.9577,.2003,.2471,.2319,.3578,,4410638,62,2025,285.6549086757991,160497.8005707762,190468.5045662101,33188.0401826484,100846.9113013699,,1000000,1.1546,-133.79857,-124438.16,-207545.14,-4377.6563,-65340.688,,729.04596,2408105,475390.13,38233.742,35713.887,,-117.55868,126015.9,2137.2446,67516.797,-32250.785,,6740.5215,3425717.5,2073627.1,188038.45,53432.625,,8467194,.0063085435,.0063085435,8467194,753.44,9799563,-10000446,333333.34,333333.34,333333.34,-333333.34,333333.34,1333333.4,1333333.4,1333333.4,-1333333.4
62,.0265,.022568164,.6403,.60549998,287368992,.0073,.0009914565196559,.3312575404511863,.0526244675711011,.2001807840927682,.1861768490954433,.3670317141931527,,.7208821193947901,.1183257263842805,.3159195719087521,.2791715844493018,.4230073828063637,,.0954,.0202,.0413,.0529,.0637,,.9469,.2391,.3274,.3174,.5644,,.1533791411788261,.0224523064495382,.0561774617854797,.0557803041764362,.1426181819867682,,.3627321379974002,.084731495567783,.1932371908465783,.181294688452164,.2792222634435062,,.1281,.0314,.0306,.0427,.087,,.9577,.2003,.2471,.2063,.3578,,4410638,62,2027,285.6549086757991,160497.8005707762,190468.5045662101,33188.0401826484,100846.9113013699,,1000000,1.1546,-133.79857,-124438.16,-207545.14,-4698.4619,-65340.688,,729.04596,1583439.6,44889.48,11206.266,32103.73,,-117.55868,126015.9,-446108.13,-21903.445,-32250.785,,6740.5215,3425717.5,2073627.1,92914.359,53432.625,,6548280,.0063085435,.0063085435,6548280,753.44,9799563,-10000446,333333.34,333333.34,333333.34,-333333.34,333333.34,1333333.4,1333333.4,1333333.4,-1333333.4
62,.0265,.022568164,.6403,.60549998,287368992,.0073,.0009914565196559,.3312575404511863,.0526244675711011,.2001807840927682,.1861768490954433,.3670317141931527,,.7208821193947901,.1183257263842805,.3159195719087521,.2791715844493018,.4230073828063637,,.0954,.0202,.0413,.0666,.0637,,.9469,.3335,.4926,.4557,.5881999999999999,,.1533791411788261,.0224523064495382,.0561774617854797,.0557803041764362,.1426181819867682,,.3627321379974002,.084731495567783,.1932371908465783,.181294688452164,.2792222634435062,,.1281,.0314,.0692,.1227,.087,,.9577,.2003,.2471,.2447,.3578,,4410638,62,2024,285.6549086757991,160497.8005707762,190468.5045662101,33188.0401826484,100846.9113013699,,1000000,1.1546,-133.79857,-124438.16,-207545.14,-4215.4902,-65340.688,,729.04596,2821093.3,690835.94,51747.484,37507.613,,-117.55868,126015.9,227132,112059.47,-32250.785,,6740.5215,3425717.5,2073627.1,235600.5,53432.625,,9428197,.0063085435,.0063085435,9428197,753.44,9799563,-10000446,333333.34,333333.34,333333.34,-333333.34,333333.34,1333333.4,1333333.4,1333333.4,-1333333.4
64,.0404,.03254668,.4829,.39700001,11863000,.01,.091812865497076,.753692534793438,.1071423068055116,.4117083722539665,.1642613850458583,1.022419959905114,0,2.374486652244549,1.389579522204454,.7063664593489305,.4139215958106777,1.354738356137543,3,.0763,.1172,.0405,.007,.0484,,.4482,.3719,.1597,.0767,.3069,,.1563153710395885,.0318640600493766,.1444293682396878,.1013032724996946,.2677883940746318,0,1.794625611853419,1.884534414614255,1.26204041231667,.4960591039660314,1.342553580757823,8.300000000000001,.1295,.218,.0764,.0142,.094,,.6257,.4236,.1441,.0834,.3192,,93773,64,2027,239.8860730593607,3178.089840182648,1273.422374429224,508.05399543379,5237.632534246575,89.84474885844749,1000000,1.1546,-322.7048,764.32172,-3241.9644,-84.869446,-10896.98,,-5217.9072,-264201.47,-14290.855,-1513.2764,-12356.501,,-104.72238,51908.867,-7932.835,-2232.8386,-5233.7949,,-11121.163,-857511.31,-287746.22,-23473.09,-36141.414,,-1490950.8,-.081812866,.081812866,-1490950.8,753.44,416141.5,-1019031.5,333333.34,-333333.34,333333.34,-333333.34,-333333.34,-1333333.4,-1333333.4,1333333.4,-1333333.4
64,.0404,.03254668,.4829,.39700001,11863000,.01,.091812865497076,.753692534793438,.1071423068055116,.4117083722539665,.1642613850458583,1.022419959905114,0,2.374486652244549,1.389579522204454,.7063664593489305,.4139215958106777,1.354738356137543,3,.0763,.1172,.0405,.007,.0484,,.4482,.3719,.1597,.0767,.3069,,.1563153710395885,.0318640600493766,.1444293682396878,.1013032724996946,.2677883940746318,0,1.794625611853419,1.884534414614255,1.26204041231667,.4960591039660314,1.342553580757823,8.300000000000001,.1295,.2552,.0764,.0142,.094,,.6257,.4236,.1441,.0834,.3192,,93773,64,2026,239.8860730593607,3178.089840182648,1273.422374429224,508.05399543379,5237.632534246575,89.84474885844749,1000000,1.1546,-322.7048,764.32172,-3241.9644,-84.869446,-10896.98,,-5217.9072,-264201.47,-14290.855,-1513.2764,-12356.501,,-104.72238,62283.059,-7932.835,-2232.8386,-5233.7949,,-11121.163,-857511.31,-287746.22,-23473.09,-36141.414,,-1480576.5,-.081812866,.081812866,-1480576.5,753.44,416141.5,-1019031.5,333333.34,-333333.34,333333.34,-333333.34,-333333.34,-1333333.4,-1333333.4,1333333.4,-1333333.4
64,.0404,.03254668,.4829,.39700001,11863000,.01,.091812865497076,.753692534793438,.1071423068055116,.4117083722539665,.1642613850458583,1.022419959905114,0,2.374486652244549,1.389579522204454,.7063664593489305,.4139215958106777,1.354738356137543,3,.0763,.1172,.0405,.007,.0484,,.4482,.3719,.1597,.0767,.3069,,.1563153710395885,.0318640600493766,.1444293682396878,.1013032724996946,.2677883940746318,0,1.794625611853419,1.884534414614255,1.26204041231667,.4960591039660314,1.342553580757823,8.300000000000001,.1295,.3296,.0764,.0142,.094,,.6257,.4236,.1441,.0834,.3192,,93773,64,2024,239.8860730593607,3178.089840182648,1273.422374429224,508.05399543379,5237.632534246575,89.84474885844749,1000000,1.1546,-322.7048,764.32172,-3241.9644,-84.869446,-10896.98,,-5217.9072,-264201.47,-14290.855,-1513.2764,-12356.501,,-104.72238,83031.445,-7932.835,-2232.8386,-5233.7949,,-11121.163,-857511.31,-287746.22,-23473.09,-36141.414,,-1459828.1,-.081812866,.081812866,-1459828.1,753.44,416141.5,-1019031.5,333333.34,-333333.34,333333.34,-333333.34,-333333.34,-1333333.4,-1333333.4,1333333.4,-1333333.4
64,.0404,.03254668,.4829,.39700001,11863000,.01,.091812865497076,.753692534793438,.1071423068055116,.4117083722539665,.1642613850458583,1.022419959905114,0,2.374486652244549,1.389579522204454,.7063664593489305,.4139215958106777,1.354738356137543,3,.0763,.1172,.0405,.007,.0484,,.4482,.3719,.1597,.0767,.3069,,.1563153710395885,.0318640600493766,.1444293682396878,.1013032724996946,.2677883940746318,0,1.794625611853419,1.884534414614255,1.26204041231667,.4960591039660314,1.342553580757823,8.300000000000001,.1295,.2924,.0764,.0142,.094,,.6257,.4236,.1441,.0834,.3192,,93773,64,2025,239.8860730593607,3178.089840182648,1273.422374429224,508.05399543379,5237.632534246575,89.84474885844749,1000000,1.1546,-322.7048,764.32172,-3241.9644,-84.869446,-10896.98,,-5217.9072,-264201.47,-14290.855,-1513.2764,-12356.501,,-104.72238,72657.25,-7932.835,-2232.8386,-5233.7949,,-11121.163,-857511.31,-287746.22,-23473.09,-36141.414,,-1470202.4,-.081812866,.081812866,-1470202.4,753.44,416141.5,-1019031.5,333333.34,-333333.34,333333.34,-333333.34,-333333.34,-1333333.4,-1333333.4,1333333.4,-1333333.4
67,.0405,.036224402,.5135,.44,4276000,0,0,0,.3659337364496229,.0054893782744911,.142217095907482,.0428654453951173,,.7431308512954495,.1069169387613406,.1389778901777241,.4387660716473779,.2717333988289359,,.1757,.1128,.1118,.0734,.156,,0,.2834,.0764,.1244,.1008,,0,1.105643420487693,.0145468524274015,.6177293612468383,.1930927299703528,,1.312864503955294,.1888865918117016,.2455276059806458,.7751533932437008,.4745121267826798,,.3614,.2522,.2356,.1531,.3801,,0,.4335,.1357,.1808,.1338,,23244,67,2025,5.243150684931507,366.6450913242009,822.1980593607306,295.3295662100456,1072.259931506849,,1000000,1.1546,1.829465,-2219.2568,599.47504,-21.588509,259.11862,,-43.997505,5285.7534,-1056.2354,-820.04108,-412.66077,,30.848295,-27457.801,16643.041,-6923.5142,1152.9739,,-273.00497,16564.148,-18251.832,-19652.627,-2463.3838,,-39058.754,0,0,-39058.754,753.44,56158.773,-314286,333333.34,-39058.754,56158.773,-314286,-297185.97,-1223600.5,-191091.63,224635.09,-1257144
67,.0405,.036224402,.5135,.44,4276000,0,0,0,.3659337364496229,.0054893782744911,.142217095907482,.0428654453951173,,.7431308512954495,.1069169387613406,.1389778901777241,.4387660716473779,.2717333988289359,,.1757,.0855,.0925,.0693,.1385,,0,.2802,.0764,.1244,.1008,,0,1.105643420487693,.0145468524274015,.6177293612468383,.1930927299703528,,1.312864503955294,.1888865918117016,.2455276059806458,.7751533932437008,.4745121267826798,,.3151,.1563,.1459,.1087,.2625,,0,.3491,.1357,.1808,.1338,,23244,67,2026,5.243150684931507,366.6450913242009,822.1980593607306,295.3295662100456,1072.259931506849,,1000000,1.1546,1.829465,-2458.5996,490.64426,-22.874714,219.03737,,-43.997505,5189.9121,-1056.2354,-820.04108,-412.66077,,26.896231,-30543.189,9889.5479,-7585.1255,427.92331,,-273.00497,10848.949,-18251.832,-19652.627,-2463.3838,,-56488.828,0,0,-56488.828,753.44,56158.773,-314286,333333.34,-56488.828,56158.773,-314286,-314616.06,-1223600.5,-191091.63,224635.09,-1257144
67,.0405,.036224402,.5135,.44,4276000,0,0,0,.3659337364496229,.0054893782744911,.142217095907482,.0428654453951173,,.7431308512954495,.1069169387613406,.1389778901777241,.4387660716473779,.2717333988289359,,.1757,.1401,.131,.0776,.1734,,0,.2866,.0764,.1244,.1008,,0,1.105643420487693,.0145468524274015,.6177293612468383,.1930927299703528,,1.312864503955294,.1888865918117016,.2455276059806458,.7751533932437008,.4745121267826798,,.4077,.348,.3252,.1974,.4976,,0,.518,.1357,.1808,.1338,,23244,67,2024,5.243150684931507,366.6450913242009,822.1980593607306,295.3295662100456,1072.259931506849,,1000000,1.1546,1.829465,-1979.9142,707.74194,-20.270933,298.97086,,-43.997505,5381.5952,-1056.2354,-820.04108,-412.66077,,34.800358,-24375.633,23389.004,-6263.3931,1877.408,,-273.00497,22286.117,-18251.832,-19652.627,-2463.3838,,-21635.527,0,0,-21635.527,753.44,56158.773,-314286,333333.34,-21635.527,56158.773,-314286,-279762.75,-1223600.5,-191091.63,224635.09,-1257144
67,.0405,.036224402,.5135,.44,4276000,0,0,0,.3659337364496229,.0054893782744911,.142217095907482,.0428654453951173,,.7431308512954495,.1069169387613406,.1389778901777241,.4387660716473779,.2717333988289359,,.1757,.0582,.0733,.0651,.1211,,0,.277,.0764,.1244,.1008,,0,1.105643420487693,.0145468524274015,.6177293612468383,.1930927299703528,,1.312864503955294,.1888865918117016,.2455276059806458,.7751533932437008,.4745121267826798,,.2688,.0604,.0563,.0644,.145,,0,.2647,.1357,.1808,.1338,,23244,67,2027,5.243150684931507,366.6450913242009,822.1980593607306,295.3295662100456,1072.259931506849,,1000000,1.1546,1.829465,-2697.9421,382.37738,-24.192289,179.18513,,-43.997505,5094.0703,-1056.2354,-820.04108,-412.66077,,22.944166,-33628.574,3143.5847,-8245.2461,-296.51074,,-273.00497,5133.7515,-18251.832,-19652.627,-2463.3838,,-73908.508,0,0,-73908.508,753.44,56158.773,-314286,333333.34,-73908.508,56158.773,-314286,-332035.75,-1223600.5,-191091.63,224635.09,-1257144
72,.043,.031001627,.4985,.42699999,17871000,.0007,0,.4383929584746726,.0343527408427318,.3654317620832637,.1701779780500819,.5850109006423093,,.9122461236396298,.2030902524440356,.2643234426609319,.2206240865395505,.5887482025251775,,.1637,.1059,.1522,.1782,.2687,,.5072,.2993,.4089,.4037,.4644,,.4295520261267902,.0105099023114453,.1015384249330687,.0815395456341119,.2732707437719444,,1.225946869353062,.1858810531446601,.230396529440332,.2008964460641206,.5480278757299097,,.3325,.3324,.2406,.2009,.3683,,.4642,.171,.2859,.1872,.4002,,103801,72,2027,606.5259132420091,4741.215410958904,1229.822831050228,650.0788812785388,4263.813926940639,,1000000,1.1546,-330.86963,8111.3726,-1798.5083,5.5394835,-2880.8171,,-2774.1138,37262.051,3650.0916,1051.2119,-1193.724,,-958.30695,133919.08,15660.629,3915.0698,2329.7883,,-18323.918,-13030.657,13796.89,-996.88007,-4250.0986,,173163.81,.00069999998,.00069999998,173163.81,753.44,703775,-1277776.8,333333.34,173163.81,333333.34,-333333.34,173163.81,937044.63,937044.63,1333333.4,-1333333.4
72,.043,.031001627,.4985,.42699999,17871000,.0007,0,.4383929584746726,.0343527408427318,.3654317620832637,.1701779780500819,.5850109006423093,,.9122461236396298,.2030902524440356,.2643234426609319,.2206240865395505,.5887482025251775,,.1637,.1059,.1918,.2002,.2687,,.5072,.2993,.4089,.4037,.4644,,.4295520261267902,.0105099023114453,.1015384249330687,.0815395456341119,.2732707437719444,,1.225946869353062,.1858810531446601,.230396529440332,.2008964460641206,.5480278757299097,,.3325,.3994,.5576,.5803,.5760999999999999,,.4642,.171,.2859,.1872,.4002,,103801,72,2025,606.5259132420091,4741.215410958904,1229.822831050228,650.0788812785388,4263.813926940639,,1000000,1.1546,-330.86963,8111.3726,-1464.5012,20.731245,-2880.8171,,-2774.1138,37262.051,3650.0916,1051.2119,-1193.724,,-958.30695,161793.75,51360.063,16359.539,7424.3252,,-18323.918,-13030.657,13796.89,-996.88007,-4250.0986,,254626.13,.00069999998,.00069999998,254626.13,753.44,703775,-1277776.8,333333.34,254626.13,333333.34,-333333.34,254626.13,937044.63,937044.63,1333333.4,-1333333.4
72,.043,.031001627,.4985,.42699999,17871000,.0007,0,.4383929584746726,.0343527408427318,.3654317620832637,.1701779780500819,.5850109006423093,,.9122461236396298,.2030902524440356,.2643234426609319,.2206240865395505,.5887482025251775,,.1637,.1059,.2116,.2112,.2687,,.5072,.2993,.4089,.4037,.4644,,.4295520261267902,.0105099023114453,.1015384249330687,.0815395456341119,.2732707437719444,,1.225946869353062,.1858810531446601,.230396529440332,.2008964460641206,.5480278757299097,,.3325,.4329,.7161,.77,.6801,,.4642,.171,.2859,.1872,.4002,,103801,72,2024,606.5259132420091,4741.215410958904,1229.822831050228,650.0788812785388,4263.813926940639,,1000000,1.1546,-330.86963,8111.3726,-1297.4977,28.327126,-2880.8171,,-2774.1138,37262.051,3650.0916,1051.2119,-1193.724,,-958.30695,175731.08,69209.781,22581.773,9974.0449,,-18323.918,-13030.657,13796.89,-996.88007,-4250.0986,,295359.72,.00069999998,.00069999998,295359.72,753.44,703775,-1277776.8,333333.34,295359.72,333333.34,-333333.34,295359.72,937044.63,937044.63,1333333.4,-1333333.4
72,.043,.031001627,.4985,.42699999,17871000,.0007,0,.4383929584746726,.0343527408427318,.3654317620832637,.1701779780500819,.5850109006423093,,.9122461236396298,.2030902524440356,.2643234426609319,.2206240865395505,.5887482025251775,,.1637,.1059,.172,.1892,.2687,,.5072,.2993,.4089,.4037,.4644,,.4295520261267902,.0105099023114453,.1015384249330687,.0815395456341119,.2732707437719444,,1.225946869353062,.1858810531446601,.230396529440332,.2008964460641206,.5480278757299097,,.3325,.3659,.3991,.3906,.4722,,.4642,.171,.2859,.1872,.4002,,103801,72,2026,606.5259132420091,4741.215410958904,1229.822831050228,650.0788812785388,4263.813926940639,,1000000,1.1546,-330.86963,8111.3726,-1631.5048,13.135365,-2880.8171,,-2774.1138,37262.051,3650.0916,1051.2119,-1193.724,,-958.30695,147856.41,33510.348,10137.305,4877.0566,,-18323.918,-13030.657,13796.89,-996.88007,-4250.0986,,213895,.00069999998,.00069999998,213895,753.44,703775,-1277776.8,333333.34,213895,333333.34,-333333.34,213895,937044.63,937044.63,1333333.4,-1333333.4
74,.0439,.038056526,.245,.1004,4041000,.0394,0,.4365769311823228,.3055148306305499,.058251928900142,.0111828126166465,.285314699744423,,.6602784306635328,.5896223999180522,.6235079986224535,.5712385540930733,.6536785611933954,,.1377,.0699,.027,.0421,.09,,1.1979,.6571,.3173,.2251,.8515,,.8404083949144392,.7432198068251419,.0937949342181766,.0014910416822195,.453931593757757,,.66537765714266,.617871475337768,.4102069865619772,.4404275814348133,1.124707150208499,,.2811,.1218,.0347,.0115,.1344,,1.1877,.7042,.2275,.1532,.8314,,52895,74,2025,99.12865296803653,71.32283105022832,306.9449771689498,142.2090182648402,2235.027054794521,,1000000,1.1546,-58.837147,-401.83047,-65.789314,4.6703186,-932.44025,,601.79187,393.13907,-1929.4805,-434.78055,995.45654,,-902.61224,-3889.187,-1661.0026,71.817291,-4106.3643,,2053.5066,1137.1711,-11335.33,-4573.2217,-4420.2808,,-29453.605,.0394,.0394,-28293.133,753.44,174660.88,-584328.63,333333.34,-28293.133,174660.88,-333333.34,-186965.59,-749906.13,-115216.27,698643.5,-1333333.4
74,.0439,.038056526,.245,.1004,4041000,.0394,0,.4365769311823228,.3055148306305499,.058251928900142,.0111828126166465,.285314699744423,,.6602784306635328,.5896223999180522,.6235079986224535,.5712385540930733,.6536785611933954,,.1377,.0699,.027,.0421,.09,,1.1979,.6977,.3173,.2251,.8515,,.8404083949144392,.7432198068251419,.0937949342181766,.0014910416822195,.453931593757757,,.66537765714266,.617871475337768,.4102069865619772,.4404275814348133,1.124707150208499,,.2811,.1218,.0347,.0115,.1344,,1.1877,.7671,.2275,.1532,.8314,,52895,74,2024,99.12865296803653,71.32283105022832,306.9449771689498,142.2090182648402,2235.027054794521,,1000000,1.1546,-58.837147,-401.83047,-65.789314,4.6703186,-932.44025,,601.79187,629.68341,-1929.4805,-434.78055,995.45654,,-902.61224,-3889.187,-1661.0026,71.817291,-4106.3643,,2053.5066,1965.7278,-11335.33,-4573.2217,-4420.2808,,-28388.504,.0394,.0394,-27269.996,753.44,174660.88,-584328.63,333333.34,-27269.996,174660.88,-333333.34,-185942.47,-749906.13,-115216.27,698643.5,-1333333.4
74,.0439,.038056526,.245,.1004,4041000,.0394,0,.4365769311823228,.3055148306305499,.058251928900142,.0111828126166465,.285314699744423,,.6602784306635328,.5896223999180522,.6235079986224535,.5712385540930733,.6536785611933954,,.1377,.0699,.027,.0421,.09,,1.1979,.6165,.3173,.2251,.8515,,.8404083949144392,.7432198068251419,.0937949342181766,.0014910416822195,.453931593757757,,.66537765714266,.617871475337768,.4102069865619772,.4404275814348133,1.124707150208499,,.2811,.1218,.0347,.0115,.1344,,1.1877,.6414,.2275,.1532,.8314,,52895,74,2026,99.12865296803653,71.32283105022832,306.9449771689498,142.2090182648402,2235.027054794521,,1000000,1.1546,-58.837147,-401.83047,-65.789314,4.6703186,-932.44025,,601.79187,156.5947,-1929.4805,-434.78055,995.45654,,-902.61224,-3889.187,-1661.0026,71.817291,-4106.3643,,2053.5066,309.93185,-11335.33,-4573.2217,-4420.2808,,-30517.391,.0394,.0394,-29315.006,753.44,174660.88,-584328.63,333333.34,-29315.006,174660.88,-333333.34,-187987.47,-749906.13,-115216.27,698643.5,-1333333.4
74,.0439,.038056526,.245,.1004,4041000,.0394,0,.4365769311823228,.3055148306305499,.058251928900142,.0111828126166465,.285314699744423,,.6602784306635328,.5896223999180522,.6235079986224535,.5712385540930733,.6536785611933954,,.1377,.0699,.027,.0421,.09,,1.1979,.5759,.3173,.2251,.8515,,.8404083949144392,.7432198068251419,.0937949342181766,.0014910416822195,.453931593757757,,.66537765714266,.617871475337768,.4102069865619772,.4404275814348133,1.124707150208499,,.2811,.1218,.0347,.0115,.1344,,1.1877,.5785,.2275,.1532,.8314,,52895,74,2027,99.12865296803653,71.32283105022832,306.9449771689498,142.2090182648402,2235.027054794521,,1000000,1.1546,-58.837147,-401.83047,-65.789314,4.6703186,-932.44025,,601.79187,-79.949669,-1929.4805,-434.78055,995.45654,,-902.61224,-3889.187,-1661.0026,71.817291,-4106.3643,,2053.5066,-518.62476,-11335.33,-4573.2217,-4420.2808,,-31582.488,.0394,.0394,-30338.139,753.44,174660.88,-584328.63,333333.34,-30338.139,174660.88,-333333.34,-189010.61,-749906.13,-115216.27,698643.5,-1333333.4
75,.0405,.02965229,.3688,.28400001,6680000,.2028,.1402597402597403,.2144218914448954,.1734539134041439,.1527371538060502,.0694702854389149,.2848508736768182,,4.700801383250639,1.359045187917434,.4095283398954485,.2037763308055562,1.435439821646758,,.4272,.1781,.1254,.1511,.2456,,3.2742,1.0897,.7355,.6157,1.4496,,.3039134340700645,.2234202493801408,.1038670500433184,.0110238793630639,.1395842761414544,,4.495429734876961,1.703542636122579,.2778158932854025,.0831214731904132,1.206770043470083,,.404,.5214,.1519,.3425,.2342,,2.6958,.9308,.6322,.4928,1.2578,,83029,75,2025,151.8493150684932,959.9966894977169,1707.688698630137,616.3783105022831,5378.224315068494,,1000000,1.1546,64.165237,106.65192,-320.16953,53.445976,-450.91171,,-2446.1658,-21122.094,11427.517,2242.6272,171.46434,,247.42256,25101.613,7511.168,10308.906,2925.9246,,-10838.129,-137008.52,122321.12,28272.193,1850.5828,,40418.816,.062540263,.062540263,40418.816,753.44,508953.16,-566463.94,333333.34,40418.816,333333.34,-333333.34,40418.816,-119629.58,-119629.58,1333333.4,-1333333.4
75,.0405,.02965229,.3688,.28400001,6680000,.2028,.1402597402597403,.2144218914448954,.1734539134041439,.1527371538060502,.0694702854389149,.2848508736768182,,4.700801383250639,1.359045187917434,.4095283398954485,.2037763308055562,1.435439821646758,,.3456,.1397,.1136,.1289,.2124,,2.2307,.7485000000000001,.6195000000000001,.5586,1.1086,,.3039134340700645,.2234202493801408,.1038670500433184,.0110238793630639,.1395842761414544,,4.495429734876961,1.703542636122579,.2778158932854025,.0831214731904132,1.206770043470083,,.3866,.34,.1428,.234,.2342,,2.0116,.6661,.5392,.4619,1.0224,,83029,75,2026,151.8493150684932,959.9966894977169,1707.688698630137,616.3783105022831,5378.224315068494,,1000000,1.1546,39.557991,-774.82837,-458.36975,38.91082,-832.3114,,-4235.4351,-47879.055,7360.9302,1931.7589,-3957.6743,,204.40828,9820.5996,6088.1523,6934.5566,2925.9246,,-14958.669,-183940.25,90220.734,26139.764,-6686.1123,,-112017.41,.062540263,.062540263,-105011.8,753.44,508953.16,-566463.94,333333.34,-105011.8,333333.34,-333333.34,-105011.8,-119629.58,-119629.58,1333333.4,-1333333.4
75,.0405,.02965229,.3688,.28400001,6680000,.2028,.1402597402597403,.2144218914448954,.1734539134041439,.1527371538060502,.0694702854389149,.2848508736768182,,4.700801383250639,1.359045187917434,.4095283398954485,.2037763308055562,1.435439821646758,,.5087,.2164,.1373,.1734,.2788,,4.3177,1.4309,.8516,.6728,1.7906,,.3039134340700645,.2234202493801408,.1038670500433184,.0110238793630639,.1395842761414544,,4.495429734876961,1.703542636122579,.2778158932854025,.0831214731904132,1.206770043470083,,.4213,.7029,.1609,.4509,.2342,,3.3799,1.1955,.7252,.5238,1.4931,,83029,75,2024,151.8493150684932,959.9966894977169,1707.688698630137,616.3783105022831,5378.224315068494,,1000000,1.1546,88.742325,985.83673,-180.79813,68.046608,-69.512077,,-656.89655,5634.8662,15497.609,2553.4956,4300.603,,290.18964,40391.051,8918.5459,13680.146,2925.9246,,-6718.1899,-90076.781,154421.48,30411.525,10383.651,,192849.56,.062540263,.062540263,192849.56,753.44,508953.16,-566463.94,333333.34,192849.56,333333.34,-333333.34,192849.56,-119629.58,-119629.58,1333333.4,-1333333.4
75,.0405,.02965229,.3688,.28400001,6680000,.2028,.1402597402597403,.2144218914448954,.1734539134041439,.1527371538060502,.0694702854389149,.2848508736768182,,4.700801383250639,1.359045187917434,.4095283398954485,.2037763308055562,1.435439821646758,,.2641,.1014,.1017,.1066,.1791,,1.1873,.4073,.5034,.5014999999999999,.7675999999999999,,.3039134340700645,.2234202493801408,.1038670500433184,.0110238793630639,.1395842761414544,,4.495429734876961,1.703542636122579,.2778158932854025,.0831214731904132,1.206770043470083,,.3692,.1586,.1338,.1256,.2342,,1.3275,.4015,.4462,.4309,.7871,,83029,75,2027,151.8493150684932,959.9966894977169,1707.688698630137,616.3783105022831,5378.224315068494,,1000000,1.1546,14.9809,-1654.0132,-597.74115,24.31019,-1214.8599,,-6024.5327,-74636.016,3290.8381,1620.8906,-8086.813,,161.39398,-5460.4141,4680.7749,3563.3169,2925.9246,,-19078.607,-230854.27,58120.359,24000.432,-15219.182,,-264423.25,.062540263,.062540263,-247886.16,753.44,508953.16,-566463.94,333333.34,-247886.16,333333.34,-333333.34,-247886.16,-119629.58,-119629.58,1333333.4,-1333333.4
77,.0322,.031081872,.5543,.33070001,16554000,.05,.0442522522522523,.0422582336305454,.0003582056732476,.0024007718958808,.0175847353005676,.0620584506517745,,.2796691504769526,.5103687694313626,.1307095473607325,.158687280023577,.448565300318804,,.2334,.1345,.0522,.0331,.1749,,1.1497,.4017,.317,.2918,.7683,,.0371336949792642,.0002465576408875,.0010082381283836,.0112048035399576,.0384231992015228,,.3800016117993118,.1097556733239397,.1309710289543261,.1852124047980465,.5475332171863198,,.442,.1188,.0752,.0437,.2478,,.8642,.1934,.2724,.3707,.6375,,334568,77,2026,1699.085273972603,7778.814611872146,6777.595662100457,2679.270890410959,11240.80570776256,,1000000,1.1546,644.95703,24951.07,2314.8149,44.156559,2709.3792,,16692.457,-69051.984,25919.676,3150.135,8091.9536,,11198.955,80923.141,46045.887,4392.8745,13532.776,,32628.479,120169.12,193745.91,55641.707,6819.0527,,580564.5,.0057477476,.0057477476,580564.5,753.44,211390.69,-3701474.3,333333.34,333333.34,211390.69,-333333.34,211390.69,845562.75,1333333.4,845562.75,-1333333.4
77,.0322,.031081872,.5543,.33070001,16554000,.05,.0442522522522523,.0422582336305454,.0003582056732476,.0024007718958808,.0175847353005676,.0620584506517745,,.2796691504769526,.5103687694313626,.1307095473607325,.158687280023577,.448565300318804,,.2334,.1669,.0522,.0331,.1749,,1.1497,.4017,.317,.2918,.7683,,.0371336949792642,.0002465576408875,.0010082381283836,.0112048035399576,.0384231992015228,,.3800016117993118,.1097556733239397,.1309710289543261,.1852124047980465,.5475332171863198,,.5079,.1188,.0752,.0437,.2478,,.8642,.1934,.2724,.3707,.6375,,334568,77,2024,1699.085273972603,7778.814611872146,6777.595662100457,2679.270890410959,11240.80570776256,,1000000,1.1546,644.95703,30977.639,2314.8149,44.156559,2709.3792,,16692.457,-69051.984,25919.676,3150.135,8091.9536,,13021.806,80923.141,46045.887,4392.8745,13532.776,,32628.479,120169.12,193745.91,55641.707,6819.0527,,588413.94,.0057477476,.0057477476,588413.94,753.44,211390.69,-3701474.3,333333.34,333333.34,211390.69,-333333.34,211390.69,845562.75,1333333.4,845562.75,-1333333.4
77,.0322,.031081872,.5543,.33070001,16554000,.05,.0442522522522523,.0422582336305454,.0003582056732476,.0024007718958808,.0175847353005676,.0620584506517745,,.2796691504769526,.5103687694313626,.1307095473607325,.158687280023577,.448565300318804,,.2334,.1507,.0522,.0331,.1749,,1.1497,.4017,.317,.2918,.7683,,.0371336949792642,.0002465576408875,.0010082381283836,.0112048035399576,.0384231992015228,,.3800016117993118,.1097556733239397,.1309710289543261,.1852124047980465,.5475332171863198,,.4749,.1188,.0752,.0437,.2478,,.8642,.1934,.2724,.3707,.6375,,334568,77,2025,1699.085273972603,7778.814611872146,6777.595662100457,2679.270890410959,11240.80570776256,,1000000,1.1546,644.95703,27964.355,2314.8149,44.156559,2709.3792,,16692.457,-69051.984,25919.676,3150.135,8091.9536,,12108.997,80923.141,46045.887,4392.8745,13532.776,,32628.479,120169.12,193745.91,55641.707,6819.0527,,584487.88,.0057477476,.0057477476,584487.88,753.44,211390.69,-3701474.3,333333.34,333333.34,211390.69,-333333.34,211390.69,845562.75,1333333.4,845562.75,-1333333.4
77,.0322,.031081872,.5543,.33070001,16554000,.05,.0442522522522523,.0422582336305454,.0003582056732476,.0024007718958808,.0175847353005676,.0620584506517745,,.2796691504769526,.5103687694313626,.1307095473607325,.158687280023577,.448565300318804,,.2334,.1183,.0522,.0331,.1749,,1.1497,.4017,.317,.2918,.7683,,.0371336949792642,.0002465576408875,.0010082381283836,.0112048035399576,.0384231992015228,,.3800016117993118,.1097556733239397,.1309710289543261,.1852124047980465,.5475332171863198,,.4091,.1188,.0752,.0437,.2478,,.8642,.1934,.2724,.3707,.6375,,334568,77,2027,1699.085273972603,7778.814611872146,6777.595662100457,2679.270890410959,11240.80570776256,,1000000,1.1546,644.95703,21937.787,2314.8149,44.156559,2709.3792,,16692.457,-69051.984,25919.676,3150.135,8091.9536,,10288.912,80923.141,46045.887,4392.8745,13532.776,,32628.479,120169.12,193745.91,55641.707,6819.0527,,576641.19,.0057477476,.0057477476,576641.19,753.44,211390.69,-3701474.3,333333.34,333333.34,211390.69,-333333.34,211390.69,845562.75,1333333.4,845562.75,-1333333.4
78,.0356,.033702984,.5127,.51190001,28338000,.0228,.0249112703408558,.0043311313715856,.0428253248643979,.1000854609794031,.123293774438789,.2622707075394946,,1.142745354952594,.3589911519523069,.2013008648886405,.391293741586094,.5635898470544052,,.5019,.0865,.06,.1105,.1917,,.6287,.2427,.2071,.3098,.597,,.0000721855228598,.2432526198295122,.1480244059816227,.3000931469931736,.5873257498021166,,.5738010530593923,.2926444660713394,.1790360804764228,.2816455261207941,.6724183732223539,,1.1063,.5069,.1159,.2191,.3982,,.9167,.1405,.1854,.1902,.4674,,308489,78,2024,12.5458904109589,5633.804794520548,11255.77111872146,1862.471689497717,15167.62066210046,,1000000,1.1546,12.396946,5883.6001,-3094.4263,-25.310909,-2286.3633,,-72.823799,-53518.813,1339.9907,-1340.6238,1140.9381,,225.94188,130337.8,-33110.816,-7611.1616,-16494.115,,170.61844,-158307.3,14478.328,-19068.701,-20967.887,,-162308.72,-.0021112703,.0021112703,-162308.72,753.44,330689.59,-22670.182,333333.34,-162308.72,330689.59,-22670.182,145710.69,175747.44,-1056330.3,1322758.4,-90680.727
78,.0356,.033702984,.5127,.51190001,28338000,.0228,.0249112703408558,.0043311313715856,.0428253248643979,.1000854609794031,.123293774438789,.2622707075394946,,1.142745354952594,.3589911519523069,.2013008648886405,.391293741586094,.5635898470544052,,.4183,.0854,.06,.1034,.1794,,.6287,.2427,.2071,.3098,.597,,.0000721855228598,.2432526198295122,.1480244059816227,.3000931469931736,.5873257498021166,,.5738010530593923,.2926444660713394,.1790360804764228,.2816455261207941,.6724183732223539,,.8464,.377,.1115,.18,.3332,,.9167,.1405,.1854,.1902,.4674,,308489,78,2025,12.5458904109589,5633.804794520548,11255.77111872146,1862.471689497717,15167.62066210046,,1000000,1.1546,10.314049,5735.4146,-3094.4263,-39.357388,-2684.8608,,-72.823799,-53518.813,1339.9907,-1340.6238,1140.9381,,172.85852,66119.906,-37645.922,-11285.503,-22162.924,,170.61844,-158307.3,14478.328,-19068.701,-20967.887,,-241020.77,-.0021112703,.0021112703,-241020.77,753.44,330689.59,-22670.182,333333.34,-241020.77,330689.59,-22670.182,66998.648,175747.44,-1056330.3,1322758.4,-90680.727
78,.0356,.033702984,.5127,.51190001,28338000,.0228,.0249112703408558,.0043311313715856,.0428253248643979,.1000854609794031,.123293774438789,.2622707075394946,,1.142745354952594,.3589911519523069,.2013008648886405,.391293741586094,.5635898470544052,,.2511,.0832,.06,.0891,.1549,,.6287,.2427,.2071,.3098,.597,,.0000721855228598,.2432526198295122,.1480244059816227,.3000931469931736,.5873257498021166,,.5738010530593923,.2926444660713394,.1790360804764228,.2816455261207941,.6724183732223539,,.3267,.117,.1028,.1019,.2033,,.9167,.1405,.1854,.1902,.4674,,308489,78,2027,12.5458904109589,5633.804794520548,11255.77111872146,1862.471689497717,15167.62066210046,,1000000,1.1546,6.1482549,5439.043,-3094.4263,-67.648178,-3478.6167,,-72.823799,-53518.813,1339.9907,-1340.6238,1140.9381,,66.712212,-62414.766,-46613.063,-18624.787,-33491.816,,170.61844,-158307.3,14478.328,-19068.701,-20967.887,,-398419.44,-.0021112703,.0021112703,-398419.44,753.44,330689.59,-22670.182,333333.34,-333333.34,330689.59,-22670.182,-25313.932,175747.44,-1056330.3,1322758.4,-90680.727
78,.0356,.033702984,.5127,.51190001,28338000,.0228,.0249112703408558,.0043311313715856,.0428253248643979,.1000854609794031,.123293774438789,.2622707075394946,,1.142745354952594,.3589911519523069,.2013008648886405,.391293741586094,.5635898470544052,,.3347,.0843,.06,.0962,.1672,,.6287,.2427,.2071,.3098,.597,,.0000721855228598,.2432526198295122,.1480244059816227,.3000931469931736,.5873257498021166,,.5738010530593923,.2926444660713394,.1790360804764228,.2816455261207941,.6724183732223539,,.5866,.247,.1072,.1409,.2683,,.9167,.1405,.1854,.1902,.4674,,308489,78,2026,12.5458904109589,5633.804794520548,11255.77111872146,1862.471689497717,15167.62066210046,,1000000,1.1546,8.2311516,5587.2285,-3094.4263,-53.601704,-3080.1189,,-72.823799,-53518.813,1339.9907,-1340.6238,1140.9381,,119.79558,1852.5703,-42077.957,-14959.844,-27823.01,,170.61844,-158307.3,14478.328,-19068.701,-20967.887,,-319667.38,-.0021112703,.0021112703,-319667.38,753.44,330689.59,-22670.182,333333.34,-319667.38,330689.59,-22670.182,-11647.963,175747.44,-1056330.3,1322758.4,-90680.727
80,.0372,.054562308,.3898,.32570001,35740000,.0038,0,.1629471617853682,.0123832312854377,.0680370033389981,.0842866628634876,.1310425853309913,,.0719740665752843,.0029605283210124,.0075385407041728,.0016528723830641,.0183354957733366,,.1177,.0137,.0206,.0231,.0669,,.2607,.2824,.4595,.4402,.4159,,.258926190649702,.0133015244629024,.0766796201428649,.1945991512027157,.2005898828249638,,.1086627494992552,.0036889503290468,.0115051092402779,.0029063006068878,.0280485119883806,,.1702,.0206,.0276,.024,.0833,,.4648,.3215,.4533,.4227,.5974,,259978,80,2026,2417.042579908676,4194.765296803653,4841.498173515982,1103.378767123288,14549.80936073059,,1000000,1.1546,-217.18791,132.0775,-1575.125,-71.713478,-1993.4579,,5150.9375,95753.227,44920.492,4273.9937,13023.601,,-3491.2971,2686.4885,-21759.078,-9497.6133,-9812.4795,,34139.723,246217.89,432333.56,51859.641,55857.586,,937931.25,.0038000001,.0038000001,937931.25,753.44,-2550668.3,-2290933.5,333333.34,333333.34,-333333.34,-333333.34,-333333.34,-1333333.4,1333333.4,-1333333.4,-1333333.4
80,.0372,.054562308,.3898,.32570001,35740000,.0038,0,.1629471617853682,.0123832312854377,.0680370033389981,.0842866628634876,.1310425853309913,,.0719740665752843,.0029605283210124,.0075385407041728,.0016528723830641,.0183354957733366,,.1177,.0137,.0206,.0231,.0669,,.2607,.2824,.4674,.4402,.4159,,.258926190649702,.0133015244629024,.0766796201428649,.1945991512027157,.2005898828249638,,.1086627494992552,.0036889503290468,.0115051092402779,.0029063006068878,.0280485119883806,,.1702,.0206,.0276,.024,.0833,,.4648,.3215,.5746,.5286,.5974,,259978,80,2024,2417.042579908676,4194.765296803653,4841.498173515982,1103.378767123288,14549.80936073059,,1000000,1.1546,-217.18791,132.0775,-1575.125,-71.713478,-1993.4579,,5150.9375,95753.227,45705.672,4273.9937,13023.601,,-3491.2971,2686.4885,-21759.078,-9497.6133,-9812.4795,,34139.723,246217.89,551035.81,64942.105,55857.586,,1070501.3,.0038000001,.0038000001,1070501.3,753.44,-2550668.3,-2290933.5,333333.34,333333.34,-333333.34,-333333.34,-333333.34,-1333333.4,1333333.4,-1333333.4,-1333333.4
80,.0372,.054562308,.3898,.32570001,35740000,.0038,0,.1629471617853682,.0123832312854377,.0680370033389981,.0842866628634876,.1310425853309913,,.0719740665752843,.0029605283210124,.0075385407041728,.0016528723830641,.0183354957733366,,.1177,.0137,.0206,.0231,.0669,,.2607,.2824,.4634,.4402,.4159,,.258926190649702,.0133015244629024,.0766796201428649,.1945991512027157,.2005898828249638,,.1086627494992552,.0036889503290468,.0115051092402779,.0029063006068878,.0280485119883806,,.1702,.0206,.0276,.024,.0833,,.4648,.3215,.514,.4756,.5974,,259978,80,2025,2417.042579908676,4194.765296803653,4841.498173515982,1103.378767123288,14549.80936073059,,1000000,1.1546,-217.18791,132.0775,-1575.125,-71.713478,-1993.4579,,5150.9375,95753.227,45308.113,4273.9937,13023.601,,-3491.2971,2686.4885,-21759.078,-9497.6133,-9812.4795,,34139.723,246217.89,491733.63,58394.695,55857.586,,1004254,.0038000001,.0038000001,1004254,753.44,-2550668.3,-2290933.5,333333.34,333333.34,-333333.34,-333333.34,-333333.34,-1333333.4,1333333.4,-1333333.4,-1333333.4
80,.0372,.054562308,.3898,.32570001,35740000,.0038,0,.1629471617853682,.0123832312854377,.0680370033389981,.0842866628634876,.1310425853309913,,.0719740665752843,.0029605283210124,.0075385407041728,.0016528723830641,.0183354957733366,,.1177,.0137,.0206,.0231,.0669,,.2607,.2824,.4555,.4402,.4159,,.258926190649702,.0133015244629024,.0766796201428649,.1945991512027157,.2005898828249638,,.1086627494992552,.0036889503290468,.0115051092402779,.0029063006068878,.0280485119883806,,.1702,.0206,.0276,.024,.0833,,.4648,.3215,.3926,.3698,.5974,,259978,80,2027,2417.042579908676,4194.765296803653,4841.498173515982,1103.378767123288,14549.80936073059,,1000000,1.1546,-217.18791,132.0775,-1575.125,-71.713478,-1993.4579,,5150.9375,95753.227,44522.93,4273.9937,13023.601,,-3491.2971,2686.4885,-21759.078,-9497.6133,-9812.4795,,34139.723,246217.89,372933.5,45324.586,55857.586,,871598.56,.0038000001,.0038000001,871598.56,753.44,-2550668.3,-2290933.5,333333.34,333333.34,-333333.34,-333333.34,-333333.34,-1333333.4,1333333.4,-1333333.4,-1333333.4
83,.0494,.046448711,.4899,.41499999,8602000,.0341,0,0,0,0,0,0,0,0,0,0,0,0,0,.0053,.3406,.2634,.3822,.5592,0,1.2396,.537,.4971,.4984,.8344,0,0,0,0,0,0,0,0,0,0,0,0,0,.0079,.5503,.6333,.6289,1.0105,0,1.1939,1.0715,.8433,.7423,1.2597,0,65793,83,2024,.2699771689497717,712.8889269406393,2390.454566210046,406.922602739726,3100.208219178082,322.1732876712329,1000000,1.1546,.0028415998,5806.0151,4318.3145,165.2045,3703.0649,0,3.7790186,31271.893,24394.256,1791.3599,5824.1338,0,.034722004,34424.414,138627.53,12912.383,18013.084,0,12.783604,141077.25,407456.34,33818.957,26333.125,0,889953.94,.0341,.0341,889953.94,753.44,109723.92,-644289.88,333333.34,333333.34,109723.92,-333333.34,109723.92,438895.69,1333333.4,438895.69,-1333333.4
83,.0494,.046448711,.4899,.41499999,8602000,.0341,0,0,0,0,0,0,0,0,0,0,0,0,0,.0053,.2752,.223,.2752,.3985,0,1.2396,.537,.4971,.4984,.8344,0,0,0,0,0,0,0,0,0,0,0,0,0,.0079,.5503,.348,.2677,.4891,0,1.1939,.9841,.8433,.7423,1.2597,0,65793,83,2027,.2699771689497717,712.8889269406393,2390.454566210046,406.922602739726,3100.208219178082,322.1732876712329,1000000,1.1546,.0028415998,4691.1787,3655.9763,118.95416,2638.8972,0,3.7790186,31271.893,24394.256,1791.3599,5824.1338,0,.034722004,34424.414,76176.188,5496.335,8718.6533,0,12.783604,129569.88,407456.34,33818.957,26333.125,0,796397.13,.0341,.0341,796397.13,753.44,109723.92,-644289.88,333333.34,333333.34,109723.92,-333333.34,109723.92,438895.69,1333333.4,438895.69,-1333333.4
83,.0494,.046448711,.4899,.41499999,8602000,.0341,0,0,0,0,0,0,0,0,0,0,0,0,0,.0053,.3188,.25,.3465,.5057,0,1.2396,.537,.4971,.4984,.8344,0,0,0,0,0,0,0,0,0,0,0,0,0,.0079,.5503,.5382,.5085,.8367,0,1.1939,1.0424,.8433,.7423,1.2597,0,65793,83,2025,.2699771689497717,712.8889269406393,2390.454566210046,406.922602739726,3100.208219178082,322.1732876712329,1000000,1.1546,.0028415998,5434.4028,4098.6279,149.77332,3348.7837,0,3.7790186,31271.893,24394.256,1791.3599,5824.1338,0,.034722004,34424.414,117810.42,10440.367,14914.94,0,12.783604,137245.86,407456.34,33818.957,26333.125,0,858774.19,.0341,.0341,858774.19,753.44,109723.92,-644289.88,333333.34,333333.34,109723.92,-333333.34,109723.92,438895.69,1333333.4,438895.69,-1333333.4
83,.0494,.046448711,.4899,.41499999,8602000,.0341,0,0,0,0,0,0,0,0,0,0,0,0,0,.0053,.297,.2365,.3109,.4521,0,1.2396,.537,.4971,.4984,.8344,0,0,0,0,0,0,0,0,0,0,0,0,0,.0079,.5503,.4431,.3881,.6629,0,1.1939,1.0132,.8433,.7423,1.2597,0,65793,83,2026,.2699771689497717,712.8889269406393,2390.454566210046,406.922602739726,3100.208219178082,322.1732876712329,1000000,1.1546,.0028415998,5062.7905,3877.3022,134.38535,2993.8406,0,3.7790186,31271.893,24394.256,1791.3599,5824.1338,0,.034722004,34424.414,96993.305,7968.3511,11816.797,0,12.783604,133401.28,407456.34,33818.957,26333.125,0,827579.06,.0341,.0341,827579.06,753.44,109723.92,-644289.88,333333.34,333333.34,109723.92,-333333.34,109723.92,438895.69,1333333.4,438895.69,-1333333.4
85,.0314,.038049281,.2963,.257,26306000,.0532,.0803267211201867,.3379526149473952,.2008927183270274,.219385810669816,.1569727452408507,.3611341226367191,0,1.776759849196733,.8747467746078776,.7162973015916178,.6190792496018435,1.19705384144555,.184889310354252,.3129,.0937,.1527,.1208,.2673,.1852,1.2117,.5564,.6653,.6409,.9727,0,.5916889586651607,2.579157494251323,.2900430118424071,.3711798568165236,.4928130803514874,0,1.803073656534018,1.146146713056202,.9843794759875838,.7006158064392878,1.283248595465457,.3666971322025999,.5037,.2934,.2467,.1804,.3951,.4413,.8742,.4458,.4876,.4547,.7742,0,1653093,85,2024,3462.341666666667,24233.63801369863,33309.74646118721,9635.219748858448,47113.82363013698,2217.866552511416,1000000,1.1546,-172.25943,-62114.867,-15234.31,-370.22223,-9443.0537,3357.6948,-22091.988,-630198.06,-34872.402,1857.053,-23798.416,-10501.233,-4959.624,-4860645,-132205.63,-92748.555,-26470.488,51033.438,-127551.3,-3134546.3,-3344671.5,-265287.66,-161715.64,-90155.234,-12993505,-.027126722,.027126722,-12993505,753.44,-6211291,-1033825.8,333333.34,-333333.34,-333333.34,-333333.34,-333333.34,-1333333.4,-1333333.4,-1333333.4,-1333333.4
85,.0314,.038049281,.2963,.257,26306000,.0532,.0803267211201867,.3379526149473952,.2008927183270274,.219385810669816,.1569727452408507,.3611341226367191,0,1.776759849196733,.8747467746078776,.7162973015916178,.6190792496018435,1.19705384144555,.184889310354252,.2961,.0937,.1333,.1208,.2371,.1852,1.2117,.5238,.6273,.621,.9164,0,.5916889586651607,2.579157494251323,.2900430118424071,.3711798568165236,.4928130803514874,0,1.803073656534018,1.146146713056202,.9843794759875838,.7006158064392878,1.283248595465457,.3666971322025999,.4655,.2538,.2051,.1684,.3332,.4413,.8742,.4458,.4876,.4547,.7742,0,1653093,85,2026,3462.341666666667,24233.63801369863,33309.74646118721,9635.219748858448,47113.82363013698,2217.866552511416,1000000,1.1546,-287.77466,-62114.867,-19666.221,-370.22223,-12482.248,3357.6948,-22091.988,-694732.94,-60857.133,163.46529,-29770.459,-10501.233,-7112.8223,-4944854.5,-259094.67,-98582.414,-43239.207,51033.438,-127551.3,-3134546.3,-3344671.5,-265287.66,-161715.64,-90155.234,-13335131,-.027126722,.027126722,-13335131,753.44,-6211291,-1033825.8,333333.34,-333333.34,-333333.34,-333333.34,-333333.34,-1333333.4,-1333333.4,-1333333.4,-1333333.4
85,.0314,.038049281,.2963,.257,26306000,.0532,.0803267211201867,.3379526149473952,.2008927183270274,.219385810669816,.1569727452408507,.3611341226367191,0,1.776759849196733,.8747467746078776,.7162973015916178,.6190792496018435,1.19705384144555,.184889310354252,.3045,.0937,.143,.1208,.2522,.1852,1.2117,.5401,.6463,.631,.9445,0,.5916889586651607,2.579157494251323,.2900430118424071,.3711798568165236,.4928130803514874,0,1.803073656534018,1.146146713056202,.9843794759875838,.7006158064392878,1.283248595465457,.3666971322025999,.4846,.2736,.2259,.1744,.3641,.4413,.8742,.4458,.4876,.4547,.7742,0,1653093,85,2025,3462.341666666667,24233.63801369863,33309.74646118721,9635.219748858448,47113.82363013698,2217.866552511416,1000000,1.1546,-230.01703,-62114.867,-17450.266,-370.22223,-10962.65,3357.6948,-22091.988,-662465.5,-47864.766,1014.5144,-26789.74,-10501.233,-6036.2231,-4902750,-195650.16,-95665.484,-34868.395,51033.438,-127551.3,-3134546.3,-3344671.5,-265287.66,-161715.64,-90155.234,-13164335,-.027126722,.027126722,-13164335,753.44,-6211291,-1033825.8,333333.34,-333333.34,-333333.34,-333333.34,-333333.34,-1333333.4,-1333333.4,-1333333.4,-1333333.4
85,.0314,.038049281,.2963,.257,26306000,.0532,.0803267211201867,.3379526149473952,.2008927183270274,.219385810669816,.1569727452408507,.3611341226367191,0,1.776759849196733,.8747467746078776,.7162973015916178,.6190792496018435,1.19705384144555,.184889310354252,.2877,.0937,.1236,.1208,.222,.1852,1.2117,.5075,.6083,.6111,.8882,0,.5916889586651607,2.579157494251323,.2900430118424071,.3711798568165236,.4928130803514874,0,1.803073656534018,1.146146713056202,.9843794759875838,.7006158064392878,1.283248595465457,.3666971322025999,.4464,.2341,.1842,.1624,.3022,.4413,.8742,.4458,.4876,.4547,.7742,0,1653093,85,2027,3462.341666666667,24233.63801369863,33309.74646118721,9635.219748858448,47113.82363013698,2217.866552511416,1000000,1.1546,-345.53226,-62114.867,-21882.176,-370.22223,-14001.846,3357.6948,-22091.988,-727000.31,-73849.5,-679.0733,-32761.783,-10501.233,-8189.4214,-4986746,-322844.22,-101499.34,-51637.113,51033.438,-127551.3,-3134546.3,-3344671.5,-265287.66,-161715.64,-90155.234,-13506051,-.027126722,.027126722,-13506051,753.44,-6211291,-1033825.8,333333.34,-333333.34,-333333.34,-333333.34,-333333.34,-1333333.4,-1333333.4,-1333333.4,-1333333.4
86,.0304,.029108426,.5643,.57309997,67786000,.0133,.0401104752964962,.0969228135973154,.0004980015910374,.0026548367796604,.0031793405978886,.0246924111390782,0,2.763544764454563,.1588837391270184,.486812934994297,.4267737879928916,1.148249347817137,0,.1874,.016,.0641,.0627,.0939,0,1.0706,.0839,.207,.1655,.4791,0,.0497244673121146,.0010633039976851,.0086712155821876,.0022591141260008,.0376646292482415,0,2.562735549760053,.0878951697492469,.2536609602116447,.2564322145050534,.8240234959634987,0,.2933,.0111,.0244,.0232,.1083,0,1.1093,.0728,.149,.1665,.4985,0,1094872,86,2026,484.2011415525114,34464.4605022831,39004.1950913242,11097.61723744292,32249.00570776256,3101.744520547945,1000000,1.1546,87.001129,12775.292,16436.791,701.6441,4767.3096,0,-9256.334,-211104.06,-224048.7,-25610.531,-48585.375,0,1920.0394,30353.404,56177.965,11725.673,13097.833,0,-27911.289,-96084.305,-825115.06,-111741.37,-70785.297,0,-1502199.4,-.026810475,.026810475,-1502199.4,753.44,799084.5,596514.81,333333.34,-333333.34,333333.34,333333.34,333333.34,1333333.4,-1333333.4,1333333.4,1333333.4
86,.0304,.029108426,.5643,.57309997,67786000,.0133,.0401104752964962,.0969228135973154,.0004980015910374,.0026548367796604,.0031793405978886,.0246924111390782,0,2.763544764454563,.1588837391270184,.486812934994297,.4267737879928916,1.148249347817137,0,.1874,.016,.0641,.0627,.0939,0,1.0877,.0839,.207,.1655,.4791,0,.0497244673121146,.0010633039976851,.0086712155821876,.0022591141260008,.0376646292482415,0,2.562735549760053,.0878951697492469,.2536609602116447,.2564322145050534,.8240234959634987,0,.315,.0111,.0244,.0232,.1083,0,1.1093,.0728,.149,.1665,.4985,0,1094872,86,2024,484.2011415525114,34464.4605022831,39004.1950913242,11097.61723744292,32249.00570776256,3101.744520547945,1000000,1.1546,87.001129,12775.292,16436.791,701.6441,4767.3096,0,-9162.8379,-211104.06,-224048.7,-25610.531,-48585.375,0,2091.0945,30353.404,56177.965,11725.673,13097.833,0,-27911.289,-96084.305,-825115.06,-111741.37,-70785.297,0,-1501934.8,-.026810475,.026810475,-1501934.8,753.44,799084.5,596514.81,333333.34,-333333.34,333333.34,333333.34,333333.34,1333333.4,-1333333.4,1333333.4,1333333.4
86,.0304,.029108426,.5643,.57309997,67786000,.0133,.0401104752964962,.0969228135973154,.0004980015910374,.0026548367796604,.0031793405978886,.0246924111390782,0,2.763544764454563,.1588837391270184,.486812934994297,.4267737879928916,1.148249347817137,0,.1874,.016,.0641,.0627,.0939,0,1.0621,.0839,.207,.1655,.4791,0,.0497244673121146,.0010633039976851,.0086712155821876,.0022591141260008,.0376646292482415,0,2.562735549760053,.0878951697492469,.2536609602116447,.2564322145050534,.8240234959634987,0,.2824,.0111,.0244,.0232,.1083,0,1.1093,.0728,.149,.1665,.4985,0,1094872,86,2027,484.2011415525114,34464.4605022831,39004.1950913242,11097.61723744292,32249.00570776256,3101.744520547945,1000000,1.1546,87.001129,12775.292,16436.791,701.6441,4767.3096,0,-9302.8086,-211104.06,-224048.7,-25610.531,-48585.375,0,1834.1177,30353.404,56177.965,11725.673,13097.833,0,-27911.289,-96084.305,-825115.06,-111741.37,-70785.297,0,-1502331.6,-.026810475,.026810475,-1502331.6,753.44,799084.5,596514.81,333333.34,-333333.34,333333.34,333333.34,333333.34,1333333.4,-1333333.4,1333333.4,1333333.4
86,.0304,.029108426,.5643,.57309997,67786000,.0133,.0401104752964962,.0969228135973154,.0004980015910374,.0026548367796604,.0031793405978886,.0246924111390782,0,2.763544764454563,.1588837391270184,.486812934994297,.4267737879928916,1.148249347817137,0,.1874,.016,.0641,.0627,.0939,0,1.0792,.0839,.207,.1655,.4791,0,.0497244673121146,.0010633039976851,.0086712155821876,.0022591141260008,.0376646292482415,0,2.562735549760053,.0878951697492469,.2536609602116447,.2564322145050534,.8240234959634987,0,.3041,.0111,.0244,.0232,.1083,0,1.1093,.0728,.149,.1665,.4985,0,1094872,86,2025,484.2011415525114,34464.4605022831,39004.1950913242,11097.61723744292,32249.00570776256,3101.744520547945,1000000,1.1546,87.001129,12775.292,16436.791,701.6441,4767.3096,0,-9209.3125,-211104.06,-224048.7,-25610.531,-48585.375,0,2005.1729,30353.404,56177.965,11725.673,13097.833,0,-27911.289,-96084.305,-825115.06,-111741.37,-70785.297,0,-1502067.1,-.026810475,.026810475,-1502067.1,753.44,799084.5,596514.81,333333.34,-333333.34,333333.34,333333.34,333333.34,1333333.4,-1333333.4,1333333.4,1333333.4
87,.0294,.026162185,.6424,.59539998,40301000,.0011,0,0,.0020024791785986,.0187768662050141,.0033714946733405,.0044156489193475,,.892148797511472,.4543757199917424,.560563281056245,.31749289612073,.6386638509001265,,.1173,.1573,.0861,.1342,.1594,,.3025,.2461,.2551,.1688,.3023,,0,.0004004958357197,.0037553732410028,.0006742989346681,.0008831297838695,,.9129208602731042,.491714992024154,.4714338780835698,.2650779112890639,.6857999185226047,,.0359,.04,.0298,.0363,.0731,,.1929,.1427,.1603,.1067,.2033,,354978,87,2024,35.52374429223745,11628.90684931507,14836.11780821918,7112.206735159817,7596.115867579909,,1000000,1.1546,8.2751665,43183.227,6850.1899,988.38501,2514.6799,,-236.528,-197849.77,-93034.195,-9340.876,-5752.6382,,20.761745,40408.598,35383.266,12784.413,3154.2139,,-1014.4301,-749593.69,-933009.5,-126115.34,-24713.441,,-1995364.5,.0011,.0011,-1993169.6,753.44,649476.5,-1894148,333333.34,-333333.34,333333.34,-333333.34,-333333.34,-1333333.4,-1333333.4,1333333.4,-1333333.4
87,.0294,.026162185,.6424,.59539998,40301000,.0011,0,0,.0020024791785986,.0187768662050141,.0033714946733405,.0044156489193475,,.892148797511472,.4543757199917424,.560563281056245,.31749289612073,.6386638509001265,,.1173,.0488,.0671,.0561,.1082,,.3025,.2461,.2551,.1688,.3023,,0,.0004004958357197,.0037553732410028,.0006742989346681,.0008831297838695,,.9129208602731042,.491714992024154,.4714338780835698,.2650779112890639,.6857999185226047,,.0359,.0393,.0298,.0363,.0731,,.1929,.1427,.1603,.1067,.2033,,354978,87,2027,35.52374429223745,11628.90684931507,14836.11780821918,7112.206735159817,7596.115867579909,,1000000,1.1546,8.2751665,13012.879,4916.9224,398.35403,1683.9406,,-236.528,-197849.77,-93034.195,-9340.876,-5752.6382,,20.761745,39694.297,35383.266,12784.413,3154.2139,,-1014.4301,-749593.69,-933009.5,-126115.34,-24713.441,,-2029603.1,.0011,.0011,-2027370.5,753.44,649476.5,-1894148,333333.34,-333333.34,333333.34,-333333.34,-333333.34,-1333333.4,-1333333.4,1333333.4,-1333333.4
87,.0294,.026162185,.6424,.59539998,40301000,.0011,0,0,.0020024791785986,.0187768662050141,.0033714946733405,.0044156489193475,,.892148797511472,.4543757199917424,.560563281056245,.31749289612073,.6386638509001265,,.1173,.085,.0735,.0821,.1253,,.3025,.2461,.2551,.1688,.3023,,0,.0004004958357197,.0037553732410028,.0006742989346681,.0008831297838695,,.9129208602731042,.491714992024154,.4714338780835698,.2650779112890639,.6857999185226047,,.0359,.0396,.0298,.0363,.0731,,.1929,.1427,.1603,.1067,.2033,,354978,87,2026,35.52374429223745,11628.90684931507,14836.11780821918,7112.206735159817,7596.115867579909,,1000000,1.1546,8.2751665,23078.93,5568.1284,594.77917,1961.3945,,-236.528,-197849.77,-93034.195,-9340.876,-5752.6382,,20.761745,40000.426,35383.266,12784.413,3154.2139,,-1014.4301,-749593.69,-933009.5,-126115.34,-24713.441,,-2018105.9,.0011,.0011,-2015886,753.44,649476.5,-1894148,333333.34,-333333.34,333333.34,-333333.34,-333333.34,-1333333.4,-1333333.4,1333333.4,-1333333.4
87,.0294,.026162185,.6424,.59539998,40301000,.0011,0,0,.0020024791785986,.0187768662050141,.0033714946733405,.0044156489193475,,.892148797511472,.4543757199917424,.560563281056245,.31749289612073,.6386638509001265,,.1173,.1211,.0798,.1082,.1423,,.3025,.2461,.2551,.1688,.3023,,0,.0004004958357197,.0037553732410028,.0006742989346681,.0008831297838695,,.9129208602731042,.491714992024154,.4714338780835698,.2650779112890639,.6857999185226047,,.0359,.0398,.0298,.0363,.0731,,.1929,.1427,.1603,.1067,.2033,,354978,87,2025,35.52374429223745,11628.90684931507,14836.11780821918,7112.206735159817,7596.115867579909,,1000000,1.1546,8.2751665,33117.176,6209.1592,791.95984,2237.2261,,-236.528,-197849.77,-93034.195,-9340.876,-5752.6382,,20.761745,40204.512,35383.266,12784.413,3154.2139,,-1014.4301,-749593.69,-933009.5,-126115.34,-24713.441,,-2006749.5,.0011,.0011,-2004542.1,753.44,649476.5,-1894148,333333.34,-333333.34,333333.34,-333333.34,-333333.34,-1333333.4,-1333333.4,1333333.4,-1333333.4
90,.0308,.033879463,.55,.4901,35474000,.1246,.125358485756166,.0498337154387325,.0019004146079891,.0008084098545654,.0001323334118196,.0078294381887975,,3.311664608447009,.3230755283660958,.4165737256167341,.4448477095859797,1.158396513552741,,.1377,.147,.1486,.1861,.1676,,3.9555,.5347,.6491,.6372,1.4075,,.0953613249627135,.0038134152629562,.0007006218739567,.0001146889569103,.0104925321770048,,4.592329407867737,.4456886695090236,.4705500569844439,.4216761696879607,1.510591490563831,,.1174,.0417,.039,.0446,.0588,,3.3258,.4325,.4717,.4497,1.1791,,374209,90,2024,481.789497716895,16314.33230593607,8322.75399543379,2864.806278538813,12248.7605022831,,1000000,1.1546,84.069717,56604,8435.9658,565.91614,4180.1533,,3502.6973,282028.63,39728.523,4867.272,6869.7056,,172.85959,54237.531,29188.938,6430.2061,3402.2585,,-24200.865,-39738.664,1934.4694,8988.5928,-27378.455,,419903.84,-.00075848575,.00075848575,419585.34,753.44,-651177.06,-2124892.8,333333.34,333333.34,-333333.34,-333333.34,-333333.34,-1333333.4,1042472.9,-1333333.4,-1333333.4
90,.0308,.033879463,.55,.4901,35474000,.1246,.125358485756166,.0498337154387325,.0019004146079891,.0008084098545654,.0001323334118196,.0078294381887975,,3.311664608447009,.3230755283660958,.4165737256167341,.4448477095859797,1.158396513552741,,.1377,.1105,.1078,.1153,.1676,,1.2182,.4351,.5325,.5319,.8011,,.0953613249627135,.0038134152629562,.0007006218739567,.0001146889569103,.0104925321770048,,4.592329407867737,.4456886695090236,.4705500569844439,.4216761696879607,1.510591490563831,,.1174,.0417,.039,.0446,.0588,,1.3723,.4307,.4717,.4497,.8333,,374209,90,2027,481.789497716895,16314.33230593607,8322.75399543379,2864.806278538813,12248.7605022831,,1000000,1.1546,84.069717,42365.188,6107.0952,350.46545,4180.1533,,-11389.204,149293.27,19806.705,2202.7666,-9853.4219,,172.85959,54237.531,29188.938,6430.2061,3402.2585,,-61528.379,-45162.227,1934.4694,8988.5928,-55938.676,,144872.67,-.00075848575,.00075848575,144762.78,753.44,-651177.06,-2124892.8,333333.34,144762.78,-333333.34,-333333.34,-333333.34,-1333333.4,1042472.9,-1333333.4,-1333333.4
90,.0308,.033879463,.55,.4901,35474000,.1246,.125358485756166,.0498337154387325,.0019004146079891,.0008084098545654,.0001323334118196,.0078294381887975,,3.311664608447009,.3230755283660958,.4165737256167341,.4448477095859797,1.158396513552741,,.1377,.1227,.1214,.1389,.1676,,2.1307,.4683,.5714,.5669999999999999,1.0033,,.0953613249627135,.0038134152629562,.0007006218739567,.0001146889569103,.0104925321770048,,4.592329407867737,.4456886695090236,.4705500569844439,.4216761696879607,1.510591490563831,,.1174,.0417,.039,.0446,.0588,,2.0235,.4313,.4717,.4497,.9486,,374209,90,2026,481.789497716895,16314.33230593607,8322.75399543379,2864.806278538813,12248.7605022831,,1000000,1.1546,84.069717,47124.461,6883.3853,422.28235,4180.1533,,-6424.874,193538.39,26453.006,3090.9351,-4277.208,,172.85959,54237.531,29188.938,6430.2061,3402.2585,,-49085.238,-43354.371,1934.4694,8988.5928,-46415.848,,236574,-.00075848575,.00075848575,236394.56,753.44,-651177.06,-2124892.8,333333.34,236394.56,-333333.34,-333333.34,-333333.34,-1333333.4,1042472.9,-1333333.4,-1333333.4
90,.0308,.033879463,.55,.4901,35474000,.1246,.125358485756166,.0498337154387325,.0019004146079891,.0008084098545654,.0001323334118196,.0078294381887975,,3.311664608447009,.3230755283660958,.4165737256167341,.4448477095859797,1.158396513552741,,.1377,.1348,.135,.1625,.1676,,3.0431,.5014999999999999,.6103,.6021,1.2054,,.0953613249627135,.0038134152629562,.0007006218739567,.0001146889569103,.0104925321770048,,4.592329407867737,.4456886695090236,.4705500569844439,.4216761696879607,1.510591490563831,,.1174,.0417,.039,.0446,.0588,,2.6746,.4319,.4717,.4497,1.0639,,374209,90,2025,481.789497716895,16314.33230593607,8322.75399543379,2864.806278538813,12248.7605022831,,1000000,1.1546,84.069717,51844.727,7659.6753,494.09924,4180.1533,,-1461.0885,237783.52,33099.309,3979.1035,1296.2489,,172.85959,54237.531,29188.938,6430.2061,3402.2585,,-36644.008,-41546.516,1934.4694,8988.5928,-36893.023,,328231.16,-.00075848575,.00075848575,327982.19,753.44,-651177.06,-2124892.8,333333.34,327982.19,-333333.34,-333333.34,-333333.34,-1333333.4,1042472.9,-1333333.4,-1333333.4
91,.0298,.027446765,.625,.65710002,46478000,.0026,.0044947224887632,0,.0159053614591728,.036198021225374,.0193318211340042,.0758394942640859,,.5121741579581212,.0485844400624953,.1314417475508703,.2157809015908789,.5165041850479539,,.1289,.1105,.0797,.0405,.1385,,.3869,.0838,.3226,.3174,.4178,,0,.0354668339807361,.0971196912490834,.021490832823703,.1193473619829134,,.3439584061743262,.1161819643465326,.1207718234480087,.1396369977082962,.3591173707689385,,.0215,.0259,.0536,.0079,.0617,,.3042,.1128,.1884,.1407,.3278,,333154,91,2025,23.50776255707763,6319.743721461187,15201.35,6158.588698630137,8813.161757990867,,1000000,1.1546,6.0176125,14294.786,4535.333,138.47905,1179.5841,,-33.253948,18179.924,59653.855,5527.7646,-1958.5447,,8.228116,-5305.3354,-60579.75,-4223.1865,-2921.2727,,-37.067951,-3947.4028,207791.77,732.96692,-1861.0646,,231181.81,-.0018947225,.0018947225,230743.78,753.44,443016.78,1491944.9,333333.34,230743.78,333333.34,333333.34,333333.34,1333333.4,916061.5,1333333.4,1333333.4
91,.0298,.027446765,.625,.65710002,46478000,.0026,.0044947224887632,0,.0159053614591728,.036198021225374,.0193318211340042,.0758394942640859,,.5121741579581212,.0485844400624953,.1314417475508703,.2157809015908789,.5165041850479539,,.1289,.0662,.0785,.0405,.132,,.3869,.0838,.3226,.3174,.4178,,0,.0354668339807361,.0971196912490834,.021490832823703,.1193473619829134,,.3439584061743262,.1161819643465326,.1207718234480087,.1396369977082962,.3591173707689385,,.0215,.0259,.0536,.0079,.0617,,.3042,.1128,.1884,.1407,.3278,,333154,91,2027,23.50776255707763,6319.743721461187,15201.35,6158.588698630137,8813.161757990867,,1000000,1.1546,6.0176125,7600.3364,4410.2261,138.47905,1057.2217,,-33.253948,18179.924,59653.855,5527.7646,-1958.5447,,8.228116,-5305.3354,-60579.75,-4223.1865,-2921.2727,,-37.067951,-3947.4028,207791.77,732.96692,-1861.0646,,224239.91,-.0018947225,.0018947225,223815.03,753.44,443016.78,1491944.9,333333.34,223815.03,333333.34,333333.34,333333.34,1333333.4,916061.5,1333333.4,1333333.4
91,.0298,.027446765,.625,.65710002,46478000,.0026,.0044947224887632,0,.0159053614591728,.036198021225374,.0193318211340042,.0758394942640859,,.5121741579581212,.0485844400624953,.1314417475508703,.2157809015908789,.5165041850479539,,.1289,.1327,.0803,.0405,.1418,,.3869,.0838,.3226,.3174,.4178,,0,.0354668339807361,.0971196912490834,.021490832823703,.1193473619829134,,.3439584061743262,.1161819643465326,.1207718234480087,.1396369977082962,.3591173707689385,,.0215,.0259,.0536,.0079,.0617,,.3042,.1128,.1884,.1407,.3278,,333154,91,2024,23.50776255707763,6319.743721461187,15201.35,6158.588698630137,8813.161757990867,,1000000,1.1546,6.0176125,17649.566,4597.8862,138.47905,1241.7067,,-33.253948,18179.924,59653.855,5527.7646,-1958.5447,,8.228116,-5305.3354,-60579.75,-4223.1865,-2921.2727,,-37.067951,-3947.4028,207791.77,732.96692,-1861.0646,,234661.28,-.0018947225,.0018947225,234216.66,753.44,443016.78,1491944.9,333333.34,234216.66,333333.34,333333.34,333333.34,1333333.4,916061.5,1333333.4,1333333.4
91,.0298,.027446765,.625,.65710002,46478000,.0026,.0044947224887632,0,.0159053614591728,.036198021225374,.0193318211340042,.0758394942640859,,.5121741579581212,.0485844400624953,.1314417475508703,.2157809015908789,.5165041850479539,,.1289,.0884,.0791,.0405,.1352,,.3869,.0838,.3226,.3174,.4178,,0,.0354668339807361,.0971196912490834,.021490832823703,.1193473619829134,,.3439584061743262,.1161819643465326,.1207718234480087,.1396369977082962,.3591173707689385,,.0215,.0259,.0536,.0079,.0617,,.3042,.1128,.1884,.1407,.3278,,333154,91,2026,23.50776255707763,6319.743721461187,15201.35,6158.588698630137,8813.161757990867,,1000000,1.1546,6.0176125,10955.117,4472.7793,138.47905,1117.4617,,-33.253948,18179.924,59653.855,5527.7646,-1958.5447,,8.228116,-5305.3354,-60579.75,-4223.1865,-2921.2727,,-37.067951,-3947.4028,207791.77,732.96692,-1861.0646,,227717.47,-.0018947225,.0018947225,227286,753.44,443016.78,1491944.9,333333.34,227286,333333.34,333333.34,333333.34,1333333.4,916061.5,1333333.4,1333333.4
92,.0296,.023742998,.615,.6261,36105000,.0005,0,0,.0115776461386674,.0303283591944991,.0283836782730551,.1098921372690573,,0,.0584188701828832,.0272975663750573,.0437679001276876,.0906999018212357,,0,.0153,.0152,.019,.0389,,.5728,.1701,.3959,.452,.4762,,0,.017101021630194,.0304723579152784,.0314617512215793,.1930527920921523,,0,.0565098835594004,.0267084548995915,.0467476027415188,.0874296268558671,,0,.002,.019,.0264,.045,,1.8248,.2763,.4112,.4639,.6059,,506423,92,2024,9.209817351598174,8334.692351598174,30523.72054794521,4681.447945205479,12906.63573059361,,1000000,1.1546,0,741.85474,-3166.9944,-46.663006,-1957.1611,,59.569569,76037.422,230971.81,16880.307,11202.21,,0,-11044.373,-32066.359,-1195.6223,-10987.289,,666.53754,338330.16,2372153.3,218647.19,45121.281,,3250347,.00050000002,.00050000002,3250347,753.44,1676095.4,400765.63,333333.34,333333.34,333333.34,333333.34,333333.34,1333333.4,1333333.4,1333333.4,1333333.4
92,.0296,.023742998,.615,.6261,36105000,.0005,0,0,.0115776461386674,.0303283591944991,.0283836782730551,.1098921372690573,,0,.0584188701828832,.0272975663750573,.0437679001276876,.0906999018212357,,0,.0153,.0152,.019,.0389,,.5728,.1701,.3498,.3409,.4762,,0,.017101021630194,.0304723579152784,.0314617512215793,.1930527920921523,,0,.0565098835594004,.0267084548995915,.0467476027415188,.0874296268558671,,0,.002,.019,.0264,.045,,1.0913,.2474,.2745,.2349,.5423,,506423,92,2027,9.209817351598174,8334.692351598174,30523.72054794521,4681.447945205479,12906.63573059361,,1000000,1.1546,0,741.85474,-3166.9944,-46.663006,-1957.1611,,59.569569,76037.422,202084.86,12286.347,11202.21,,0,-11044.373,-32066.359,-1195.6223,-10987.289,,398.61484,293843.44,1528771,98618.617,39586.32,,2203165.5,.00050000002,.00050000002,2203165.5,753.44,1676095.4,400765.63,333333.34,333333.34,333333.34,333333.34,333333.34,1333333.4,1333333.4,1333333.4,1333333.4
92,.0296,.023742998,.615,.6261,36105000,.0005,0,0,.0115776461386674,.0303283591944991,.0283836782730551,.1098921372690573,,0,.0584188701828832,.0272975663750573,.0437679001276876,.0906999018212357,,0,.0153,.0152,.019,.0389,,.5728,.1701,.3805,.4149,.4762,,0,.017101021630194,.0304723579152784,.0314617512215793,.1930527920921523,,0,.0565098835594004,.0267084548995915,.0467476027415188,.0874296268558671,,0,.002,.019,.0264,.045,,1.5803,.2666,.3656,.3876,.5847,,506423,92,2025,9.209817351598174,8334.692351598174,30523.72054794521,4681.447945205479,12906.63573059361,,1000000,1.1546,0,741.85474,-3166.9944,-46.663006,-1957.1611,,59.569569,76037.422,221321.94,15346.23,11202.21,,0,-11044.373,-32066.359,-1195.6223,-10987.289,,577.22998,323398.63,2090820.3,178655.14,43276.293,,2900972.5,.00050000002,.00050000002,2900972.5,753.44,1676095.4,400765.63,333333.34,333333.34,333333.34,333333.34,333333.34,1333333.4,1333333.4,1333333.4,1333333.4
92,.0296,.023742998,.615,.6261,36105000,.0005,0,0,.0115776461386674,.0303283591944991,.0283836782730551,.1098921372690573,,0,.0584188701828832,.0272975663750573,.0437679001276876,.0906999018212357,,0,.0153,.0152,.019,.0389,,.5728,.1701,.3652,.3779,.4762,,0,.017101021630194,.0304723579152784,.0314617512215793,.1930527920921523,,0,.0565098835594004,.0267084548995915,.0467476027415188,.0874296268558671,,0,.002,.019,.0264,.045,,1.3358,.257,.3201,.3112,.5635,,506423,92,2026,9.209817351598174,8334.692351598174,30523.72054794521,4681.447945205479,12906.63573059361,,1000000,1.1546,0,741.85474,-3166.9944,-46.663006,-1957.1611,,59.569569,76037.422,211734.73,13816.289,11202.21,,0,-11044.373,-32066.359,-1195.6223,-10987.289,,487.92239,308621.03,1810104.1,138610.67,41431.305,,2552382.8,.00050000002,.00050000002,2552382.8,753.44,1676095.4,400765.63,333333.34,333333.34,333333.34,333333.34,333333.34,1333333.4,1333333.4,1333333.4,1333333.4
93,.0322,.021332938,.5765,.54839998,39229000,.117,.1290428501067148,.0583589832220356,.0174433780041929,.0163185593836739,.0229353052381122,.1522929799779521,,4.316520818649945,1.714158154656722,1.92552521809768,1.264788415633118,1.870115014914041,,.1795,.0286,.0499,.0473,.1977,,2.2172,.8923,.5991,.6543,1.2778,,.1647087466716507,.0227442620682517,.0298734756102304,.0526706354044677,.3608811263675674,,5.413724985666904,1.957382410502214,1.064507431181291,.8831404105823003,2.260526768791165,,.4084,.1032,.1174,.1141,.4169,,2.4068,.4847,.6168,.8364,1.5248,,417664,93,2025,973.5875570776255,11481.27077625571,19444.87385844749,2361.267579908676,12681.65890410959,,1000000,1.1546,234.22122,3062.9106,4478.3955,61.11187,1229.9922,,-23079.385,-770805.56,-529482,-12732.557,-16912,,3862.4746,81057.297,155849.11,7318.7046,4084.8052,,-116106.34,-3122784.5,-1759616.1,-12356.819,-62912.512,,-6165548.5,-.01204285,.01204285,-6165548.5,753.44,2564774,-1102335.5,333333.34,-333333.34,333333.34,-333333.34,-333333.34,-1333333.4,-1333333.4,1333333.4,-1333333.4
93,.0322,.021332938,.5765,.54839998,39229000,.117,.1290428501067148,.0583589832220356,.0174433780041929,.0163185593836739,.0229353052381122,.1522929799779521,,4.316520818649945,1.714158154656722,1.92552521809768,1.264788415633118,1.870115014914041,,.1795,.0286,.0499,.0473,.2041,,2.725,1.1283,.6402,.7236,1.5251,,.1647087466716507,.0227442620682517,.0298734756102304,.0526706354044677,.3608811263675674,,5.413724985666904,1.957382410502214,1.064507431181291,.8831404105823003,2.260526768791165,,.4231,.1032,.1174,.1141,.5004,,2.9359,.5195,.6946,1.0304,1.8829,,417664,93,2024,973.5875570776255,11481.27077625571,19444.87385844749,2361.267579908676,12681.65890410959,,1000000,1.1546,234.22122,3062.9106,4478.3955,61.11187,1403.3563,,-17496.766,-549465.5,-513075.75,-11287.212,-9850.998,,4095.4675,81057.297,155849.11,7318.7046,10173.489,,-95676.203,-3048992,-1453840.3,38931.195,-32291.131,,-5425310.5,-.01204285,.01204285,-5425310.5,753.44,2564774,-1102335.5,333333.34,-333333.34,333333.34,-333333.34,-333333.34,-1333333.4,-1333333.4,1333333.4,-1333333.4
93,.0322,.021332938,.5765,.54839998,39229000,.117,.1290428501067148,.0583589832220356,.0174433780041929,.0163185593836739,.0229353052381122,.1522929799779521,,4.316520818649945,1.714158154656722,1.92552521809768,1.264788415633118,1.870115014914041,,.1795,.0286,.0499,.0473,.1912,,1.7095,.6563,.5581,.585,1.0305,,.1647087466716507,.0227442620682517,.0298734756102304,.0526706354044677,.3608811263675674,,5.413724985666904,1.957382410502214,1.064507431181291,.8831404105823003,2.260526768791165,,.3938,.1032,.1174,.1141,.3334,,1.8776,.4499,.5391,.6423,1.1667,,417664,93,2026,973.5875570776255,11481.27077625571,19444.87385844749,2361.267579908676,12681.65890410959,,1000000,1.1546,234.22122,3062.9106,4478.3955,61.11187,1053.9192,,-28660.906,-992145.56,-545848.38,-14177.901,-23973.002,,3631.0664,81057.297,155849.11,7318.7046,-2003.879,,-136540.33,-3196577,-2064998.9,-63671.27,-93533.898,,-6905384.5,-.01204285,.01204285,-6905384.5,753.44,2564774,-1102335.5,333333.34,-333333.34,333333.34,-333333.34,-333333.34,-1333333.4,-1333333.4,1333333.4,-1333333.4
93,.0322,.021332938,.5765,.54839998,39229000,.117,.1290428501067148,.0583589832220356,.0174433780041929,.0163185593836739,.0229353052381122,.1522929799779521,,4.316520818649945,1.714158154656722,1.92552521809768,1.264788415633118,1.870115014914041,,.1795,.0286,.0499,.0473,.1848,,1.2017,.4203,.517,.5157,.7832,,.1647087466716507,.0227442620682517,.0298734756102304,.0526706354044677,.3608811263675674,,5.413724985666904,1.957382410502214,1.064507431181291,.8831404105823003,2.260526768791165,,.3792,.1032,.1174,.1141,.2499,,1.3484,.4151,.4614,.4482,.8087,,417664,93,2027,973.5875570776255,11481.27077625571,19444.87385844749,2361.267579908676,12681.65890410959,,1000000,1.1546,234.22122,3062.9106,4478.3955,61.11187,880.55505,,-34243.527,-1213485.6,-562254.69,-15623.246,-31034.006,,3399.6584,81057.297,155849.11,7318.7046,-8092.563,,-156974.31,-3270369.5,-2370381.8,-114985.73,-124146.73,,-7645250,-.01204285,.01204285,-7645250,753.44,2564774,-1102335.5,333333.34,-333333.34,333333.34,-333333.34,-333333.34,-1333333.4,-1333333.4,1333333.4,-1333333.4
98,.0224,.020439899,.3562,.28639999,23952000,.016,0,.0146753684773334,.0029776044493277,.0118111956427274,.0193043345270692,.1031787089753965,,.8468629495905287,.6135294433913271,.4543055073715437,.3127123550696932,.545630829557615,,.2584,.0935,.0965,.099,.1686,,1.1605,.3832,.4782,.4751,.718,,.0249481264114667,.0028225238511512,.0163508125414116,.0174847816350176,.1573880331294258,,.675874520055974,.4946585736026219,.1050791419587248,.229966114652192,.2873834710611233,,.3506,.0375,.0438,.0759,.1392,,1.2887,.3761,.418,.3987,.747,,355628,98,2027,73.44646118721461,5530.977739726028,5008.453310502283,1776.4600456621,7614.823630136986,,1000000,1.1546,35.54924,11972.08,2909.0261,150.38673,1064.0995,,260.11694,-104066.13,2456.7715,2548.0117,2955.1914,,389.38135,16830.404,12589.041,5235.9375,-796.35461,,1785.1141,-121109.4,316779.19,33560.367,23599.342,,209148.13,.016000001,.016000001,209148.13,753.44,393898.59,-1671849.9,333333.34,209148.13,333333.34,-333333.34,209148.13,1209148.1,1209148.1,1333333.4,-1333333.4
98,.0224,.020439899,.3562,.28639999,23952000,.016,0,.0146753684773334,.0029776044493277,.0118111956427274,.0193043345270692,.1031787089753965,,.8468629495905287,.6135294433913271,.4543055073715437,.3127123550696932,.545630829557615,,.292,.1088,.1005,.105,.1745,,1.2511,.4053,.4931,.4986,.718,,.0249481264114667,.0028225238511512,.0163508125414116,.0174847816350176,.1573880331294258,,.675874520055974,.4946585736026219,.1050791419587248,.229966114652192,.2873834710611233,,.3636,.0375,.0438,.0759,.1392,,1.8683,.5269,.5679999999999999,.5893,.9086,,355628,98,2026,73.44646118721461,5530.977739726028,5008.453310502283,1776.4600456621,7614.823630136986,,1000000,1.1546,40.450073,13995.588,3046.4246,161.70882,1160.0651,,335.25665,-94081.031,3988.752,2916.7483,2955.1914,,404.92542,16830.404,12589.041,5235.9375,-796.35461,,3473.4451,32935.109,468628.69,71469.805,31896.811,,577186.94,.016000001,.016000001,577186.94,753.44,393898.59,-1671849.9,333333.34,333333.34,333333.34,-333333.34,333333.34,1209148.1,1209148.1,1333333.4,-1333333.4
98,.0224,.020439899,.3562,.28639999,23952000,.016,0,.0146753684773334,.0029776044493277,.0118111956427274,.0193043345270692,.1031787089753965,,.8468629495905287,.6135294433913271,.4543055073715437,.3127123550696932,.545630829557615,,.3255,.1241,.1045,.111,.1805,,1.3418,.4275,.508,.5222,.718,,.0249481264114667,.0028225238511512,.0163508125414116,.0174847816350176,.1573880331294258,,.675874520055974,.4946585736026219,.1050791419587248,.229966114652192,.2873834710611233,,.3766,.0375,.0438,.0759,.1392,,2.4478,.6776,.718,.7798,1.0703,,355628,98,2025,73.44646118721461,5530.977739726028,5008.453310502283,1776.4600456621,7614.823630136986,,1000000,1.1546,45.336327,16019.097,3183.823,173.03088,1257.6571,,410.47931,-84050.75,5520.7324,3287.0542,2955.1914,,420.46948,16830.404,12589.041,5235.9375,-796.35461,,5161.4844,186877.47,620478.19,109359.34,40199.414,,945157.06,.016000001,.016000001,945157.06,753.44,393898.59,-1671849.9,333333.34,333333.34,333333.34,-333333.34,333333.34,1209148.1,1209148.1,1333333.4,-1333333.4
98,.0224,.020439899,.3562,.28639999,23952000,.016,0,.0146753684773334,.0029776044493277,.0118111956427274,.0193043345270692,.1031787089753965,,.8468629495905287,.6135294433913271,.4543055073715437,.3127123550696932,.545630829557615,,.3591,.1395,.1085,.117,.1864,,1.4324,.4497,.5229,.5457,.718,,.0249481264114667,.0028225238511512,.0163508125414116,.0174847816350176,.1573880331294258,,.675874520055974,.4946585736026219,.1050791419587248,.229966114652192,.2873834710611233,,.3896,.0375,.0438,.0759,.1392,,3.0274,.8283,.868,.9703000000000001,1.2319,,355628,98,2024,73.44646118721461,5530.977739726028,5008.453310502283,1776.4600456621,7614.823630136986,,1000000,1.1546,50.23716,18055.83,3321.2214,184.35297,1353.6226,,485.61899,-74020.477,7052.7129,3655.7908,2955.1914,,436.01355,16830.404,12589.041,5235.9375,-796.35461,,6849.8154,340819.81,772327.69,147248.89,48496.883,,1313132.3,.016000001,.016000001,1313132.3,753.44,393898.59,-1671849.9,333333.34,333333.34,333333.34,-333333.34,333333.34,1209148.1,1209148.1,1333333.4,-1333333.4
100,.0376,.04547568,.5125,.41479999,27798000,.1541,.1701807228915663,.5211716224941947,.0614352295666808,.1295317839844395,.1832809431097922,.344568242950213,,3.397004359496831,.70685116082467,.7392591825036526,1.060981423780648,2.055837177861358,,.3017,.0864,.0869,.12,.2026,,1.5145,.3157,.5402,.5431,.9816,,.8169185710819282,.0952106474832672,.2214550529972357,.5007002738055416,.5688583647120881,,6.708766518191105,.7669207402371144,.9084936676278426,1.16530089101159,3.530446621739561,,.4673,.1714,.1187,.194,.3242,,1.6204,.2807,.4541,.4647,.9385,,369890,100,2026,1349.09897260274,4238.666095890411,10241.13607305936,3726.716894977169,20671.1200913242,,1000000,1.1546,-588.00659,2530.2793,-2994.3298,-250.50635,-6268.4263,,-28678.09,-135435.28,-41849.828,-17047.07,-49995.438,,-7678.7227,28337.965,-96363.117,-57670.48,-29079.369,,-272257.91,-380632.31,-940586.81,-292325.06,-361272.16,,-2690104.8,-.016080722,.016080722,-2690104.8,753.44,-1646154.6,-2715865,333333.34,-333333.34,-333333.34,-333333.34,-333333.34,-1333333.4,-1333333.4,-1333333.4,-1333333.4
100,.0376,.04547568,.5125,.41479999,27798000,.1541,.1701807228915663,.5211716224941947,.0614352295666808,.1295317839844395,.1832809431097922,.344568242950213,,3.397004359496831,.70685116082467,.7392591825036526,1.060981423780648,2.055837177861358,,.3926,.0864,.0869,.168,.2787,,2.243,.3157,.6836,.6994,1.4902,,.8169185710819282,.0952106474832672,.2214550529972357,.5007002738055416,.5688583647120881,,6.708766518191105,.7669207402371144,.9084936676278426,1.16530089101159,3.530446621739561,,.7149,.2472,.1253,.3587,.5348000000000001,,2.3136,.2807,.5481,.6213,1.3522,,369890,100,2024,1349.09897260274,4238.666095890411,10241.13607305936,3726.716894977169,20671.1200913242,,1000000,1.1546,-344.46805,2530.2793,-2994.3298,-60.491722,-2908.3279,,-17580.113,-135435.28,-11701.682,-11902.152,-26324.984,,-2240.6484,56531.113,-90173.672,-26701.064,-4048.0764,,-235167.58,-380632.31,-746008.5,-226983.86,-303609.59,,-2165755.8,-.016080722,.016080722,-2165755.8,753.44,-1646154.6,-2715865,333333.34,-333333.34,-333333.34,-333333.34,-333333.34,-1333333.4,-1333333.4,-1333333.4,-1333333.4
100,.0376,.04547568,.5125,.41479999,27798000,.1541,.1701807228915663,.5211716224941947,.0614352295666808,.1295317839844395,.1832809431097922,.344568242950213,,3.397004359496831,.70685116082467,.7392591825036526,1.060981423780648,2.055837177861358,,.2563,.0864,.0869,.096,.1645,,1.1502,.3157,.4685,.465,.7272999999999999,,.8169185710819282,.0952106474832672,.2214550529972357,.5007002738055416,.5688583647120881,,6.708766518191105,.7669207402371144,.9084936676278426,1.16530089101159,3.530446621739561,,.3435,.1334,.1154,.1116,.2188,,1.2738,.2807,.4072,.3864,.7316,,369890,100,2027,1349.09897260274,4238.666095890411,10241.13607305936,3726.716894977169,20671.1200913242,,1000000,1.1546,-709.64191,2530.2793,-2994.3298,-345.51367,-7950.6826,,-34227.84,-135435.28,-56923.898,-19617.883,-61830.66,,-10397.76,14204.196,-99457.836,-73164.586,-41606.902,,-290803.06,-380632.31,-1037669,-324995.66,-390110.41,,-2952139,-.016080722,.016080722,-2952139,753.44,-1646154.6,-2715865,333333.34,-333333.34,-333333.34,-333333.34,-333333.34,-1333333.4,-1333333.4,-1333333.4,-1333333.4
100,.0376,.04547568,.5125,.41479999,27798000,.1541,.1701807228915663,.5211716224941947,.0614352295666808,.1295317839844395,.1832809431097922,.344568242950213,,3.397004359496831,.70685116082467,.7392591825036526,1.060981423780648,2.055837177861358,,.3471,.0864,.0869,.144,.2407,,1.8788,.3157,.6119,.6213,1.2359,,.8169185710819282,.0952106474832672,.2214550529972357,.5007002738055416,.5688583647120881,,6.708766518191105,.7669207402371144,.9084936676278426,1.16530089101159,3.530446621739561,,.5911,.2093,.122,.2764,.4295,,1.967,.2807,.5011,.543,1.1453,,369890,100,2025,1349.09897260274,4238.666095890411,10241.13607305936,3726.716894977169,20671.1200913242,,1000000,1.1546,-466.37128,2530.2793,-2994.3298,-155.49904,-4586.1694,,-23128.34,-135435.28,-26775.754,-14472.965,-38160.211,,-4959.6855,42434.539,-93268.398,-42176.371,-16563.723,,-253712.75,-380632.31,-843297.69,-259654.45,-332447.84,,-2427923.3,-.016080722,.016080722,-2427923.3,753.44,-1646154.6,-2715865,333333.34,-333333.34,-333333.34,-333333.34,-333333.34,-1333333.4,-1333333.4,-1333333.4,-1333333.4
103,.02,.02696068,.5767,.514,40565000,0,.0056491424499975,0,.0024923106240705,.0178101916785851,.0361290079117658,.025225087154363,,.7765764443092801,.3154414542699344,.9883220943918087,.9273438707142259,.5685681012062279,,.0229,.0036,.0177,.0051,.0405,,.2807,.0403,.2464,.1296,.1487,,0,.005521006503918,.0320116082207728,.1165807466910085,.0611705797184019,,1.1380960204518,.3115076443609029,.8391687211895589,.7329205241242115,.5360556238938173,,.0057,.0014,.0262,.0061,.0625,,.2271,.0347,.182,.1121,.1525,,353181,103,2026,32.65650684931507,23538.56312785388,7402.321118721461,2432.132876712329,5708.557420091324,,1000000,1.1546,1.4851326,623.46143,-5.5941582,-80.163116,186.2552,,-182.85785,-529046.69,-112742.99,-17137.354,-5396.416,,3.0303671,-8511.9375,-3939.3428,-13557.728,43.636467,,-1179.8981,-1203375,-983248.5,-169052.78,-14763.833,,-3061363.3,-.0056491424,.0056491424,-3061363.3,753.44,-1389181.4,-2543425.5,333333.34,-333333.34,-333333.34,-333333.34,-333333.34,-1333333.4,-1333333.4,-1333333.4,-1333333.4
103,.02,.02696068,.5767,.514,40565000,0,.0056491424499975,0,.0024923106240705,.0178101916785851,.0361290079117658,.025225087154363,,.7765764443092801,.3154414542699344,.9883220943918087,.9273438707142259,.5685681012062279,,.0229,.0036,.0177,.0051,.0405,,.2807,.0403,.2464,.1296,.1487,,0,.005521006503918,.0320116082207728,.1165807466910085,.0611705797184019,,1.1380960204518,.3115076443609029,.8391687211895589,.7329205241242115,.5360556238938173,,.0057,.0014,.0262,.0061,.0625,,.2271,.0347,.182,.1121,.1525,,353181,103,2027,32.65650684931507,23538.56312785388,7402.321118721461,2432.132876712329,5708.557420091324,,1000000,1.1546,1.4851326,623.46143,-5.5941582,-80.163116,186.2552,,-182.85785,-529046.69,-112742.99,-17137.354,-5396.416,,3.0303671,-8511.9375,-3939.3428,-13557.728,43.636467,,-1179.8981,-1203375,-983248.5,-169052.78,-14763.833,,-3061363.3,-.0056491424,.0056491424,-3061363.3,753.44,-1389181.4,-2543425.5,333333.34,-333333.34,-333333.34,-333333.34,-333333.34,-1333333.4,-1333333.4,-1333333.4,-1333333.4
103,.02,.02696068,.5767,.514,40565000,0,.0056491424499975,0,.0024923106240705,.0178101916785851,.0361290079117658,.025225087154363,,.7765764443092801,.3154414542699344,.9883220943918087,.9273438707142259,.5685681012062279,,.0229,.0036,.0177,.0051,.0405,,.2807,.0403,.2464,.1296,.1487,,0,.005521006503918,.0320116082207728,.1165807466910085,.0611705797184019,,1.1380960204518,.3115076443609029,.8391687211895589,.7329205241242115,.5360556238938173,,.0057,.0014,.0262,.0061,.0625,,.2271,.0347,.182,.1121,.1525,,353181,103,2025,32.65650684931507,23538.56312785388,7402.321118721461,2432.132876712329,5708.557420091324,,1000000,1.1546,1.4851326,623.46143,-5.5941582,-80.163116,186.2552,,-182.85785,-529046.69,-112742.99,-17137.354,-5396.416,,3.0303671,-8511.9375,-3939.3428,-13557.728,43.636467,,-1179.8981,-1203375,-983248.5,-169052.78,-14763.833,,-3061363.3,-.0056491424,.0056491424,-3061363.3,753.44,-1389181.4,-2543425.5,333333.34,-333333.34,-333333.34,-333333.34,-333333.34,-1333333.4,-1333333.4,-1333333.4,-1333333.4
103,.02,.02696068,.5767,.514,40565000,0,.0056491424499975,0,.0024923106240705,.0178101916785851,.0361290079117658,.025225087154363,,.7765764443092801,.3154414542699344,.9883220943918087,.9273438707142259,.5685681012062279,,.0229,.0036,.0177,.0051,.0405,,.2807,.0403,.2464,.1296,.1487,,0,.005521006503918,.0320116082207728,.1165807466910085,.0611705797184019,,1.1380960204518,.3115076443609029,.8391687211895589,.7329205241242115,.5360556238938173,,.0057,.0014,.0262,.0061,.0625,,.2271,.0347,.182,.1121,.1525,,353181,103,2024,32.65650684931507,23538.56312785388,7402.321118721461,2432.132876712329,5708.557420091324,,1000000,1.1546,1.4851326,623.46143,-5.5941582,-80.163116,186.2552,,-182.85785,-529046.69,-112742.99,-17137.354,-5396.416,,3.0303671,-8511.9375,-3939.3428,-13557.728,43.636467,,-1179.8981,-1203375,-983248.5,-169052.78,-14763.833,,-3061363.3,-.0056491424,.0056491424,-3061363.3,753.44,-1389181.4,-2543425.5,333333.34,-333333.34,-333333.34,-333333.34,-333333.34,-1333333.4,-1333333.4,-1333333.4,-1333333.4
106,.0412,.033977762,.4605,.37909999,27889000,.0168,.0037634995091088,0,.010878603563722,.0114037606079231,.0048827158926003,.0600337272190187,,.1812207172425004,.0508621670065463,.0839465985897174,.1075819572448641,.3535997470054368,,.2509,.0489,.0621,.0588,.1499,,1.0884,.4204,.4847,.5047,.7503,,0,.0048818699574622,.0114575476343816,.0029798544866891,.070387851048138,,.6990348906293241,.0393187873860493,.0549723428403671,.034203130733104,.1604011086176569,,.3331,.124,.0659,.0908,.2007,,.4994,.3313,.3649,.336,.5678,,275386,106,2026,117.9746575342466,2306.641324200913,4444.250114155251,2651.768264840183,20757.39006849315,,1000000,1.1546,58.782681,2097.1033,1545.2268,151.87384,3984.4902,,1208.5156,69630.094,36562.766,9301.3975,18539.645,,639.75549,24110.326,22156.221,11750.131,15553.157,,-934.07874,124387.84,278405.19,89602.32,57021.285,,765772.06,.013036501,.013036501,765772.06,753.44,1123889.5,-2270164.8,333333.34,333333.34,333333.34,-333333.34,333333.34,1333333.4,1333333.4,1333333.4,-1333333.4
106,.0412,.033977762,.4605,.37909999,27889000,.0168,.0037634995091088,0,.010878603563722,.0114037606079231,.0048827158926003,.0600337272190187,,.1812207172425004,.0508621670065463,.0839465985897174,.1075819572448641,.3535997470054368,,.2475,.0489,.0621,.0588,.1482,,1.0884,.3371,.43,.4247,.6829,,0,.0048818699574622,.0114575476343816,.0029798544866891,.070387851048138,,.6990348906293241,.0393187873860493,.0549723428403671,.034203130733104,.1604011086176569,,.3151,.1057,.0659,.0908,.1923,,.4994,.3278,.3641,.336,.5678,,275386,106,2027,117.9746575342466,2306.641324200913,4444.250114155251,2651.768264840183,20757.39006849315,,1000000,1.1546,57.986107,2097.1033,1545.2268,151.87384,3909.1157,,1208.5156,53934.309,31572.207,7427.6172,15389.729,,605.18451,20406.281,22156.221,11750.131,14550.591,,-934.07874,122896.8,277686.56,89602.32,57021.285,,733035,.013036501,.013036501,733035,753.44,1123889.5,-2270164.8,333333.34,333333.34,333333.34,-333333.34,333333.34,1333333.4,1333333.4,1333333.4,-1333333.4
106,.0412,.033977762,.4605,.37909999,27889000,.0168,.0037634995091088,0,.010878603563722,.0114037606079231,.0048827158926003,.0600337272190187,,.1812207172425004,.0508621670065463,.0839465985897174,.1075819572448641,.3535997470054368,,.2543,.0489,.0621,.0588,.1515,,1.0884,.5037,.5394,.5847,.8177,,0,.0048818699574622,.0114575476343816,.0029798544866891,.070387851048138,,.6990348906293241,.0393187873860493,.0549723428403671,.034203130733104,.1604011086176569,,.3512,.1422,.0659,.0908,.209,,.4994,.3348,.3657,.336,.5678,,275386,106,2025,117.9746575342466,2306.641324200913,4444.250114155251,2651.768264840183,20757.39006849315,,1000000,1.1546,59.579258,2097.1033,1545.2268,151.87384,4055.4309,,1208.5156,85325.883,41553.324,11175.177,21689.559,,674.51855,27794.131,22156.221,11750.131,16543.787,,-934.07874,125878.89,279123.81,89602.32,57021.285,,798472.69,.013036501,.013036501,798472.69,753.44,1123889.5,-2270164.8,333333.34,333333.34,333333.34,-333333.34,333333.34,1333333.4,1333333.4,1333333.4,-1333333.4
106,.0412,.033977762,.4605,.37909999,27889000,.0168,.0037634995091088,0,.010878603563722,.0114037606079231,.0048827158926003,.0600337272190187,,.1812207172425004,.0508621670065463,.0839465985897174,.1075819572448641,.3535997470054368,,.2576,.0489,.0621,.0588,.1532,,1.0884,.5871,.5942,.6647,.8852,,0,.0048818699574622,.0114575476343816,.0029798544866891,.070387851048138,,.6990348906293241,.0393187873860493,.0549723428403671,.034203130733104,.1604011086176569,,.3692,.1604,.0659,.0908,.2174,,.4994,.3383,.3664,.336,.5678,,275386,106,2024,117.9746575342466,2306.641324200913,4444.250114155251,2651.768264840183,20757.39006849315,,1000000,1.1546,60.352406,2097.1033,1545.2268,151.87384,4130.8057,,1208.5156,101040.51,46553.004,13048.957,24844.148,,709.08954,31477.936,22156.221,11750.131,17546.354,,-934.07874,127369.94,279752.63,89602.32,57021.285,,831132.31,.013036501,.013036501,831132.31,753.44,1123889.5,-2270164.8,333333.34,333333.34,333333.34,-333333.34,333333.34,1333333.4,1333333.4,1333333.4,-1333333.4
111,.0254,.02254256,.6488,.45809999,74493000,.0124,.0012093283772086,.2927040577996423,.0893188555463744,.0168336551682632,.0125342845542964,.1542047088804512,0,.7327220777152772,.5288447937907593,.5074902209018749,.2733015149448629,.5231224810911148,.7612613235064081,.2354,.0286,.017,.0296,.115,,1.0526,.2861,.3546,.2531,.5715,,.8565888797256779,.0463579938674395,.035150719787609,.0199527647633758,.4590431582592885,0,1.187004459218843,.4544470707574303,.4048964097898376,.1618206895098634,.4949160475109413,4.381481839736883,.2758,.042,.024,.0292,.1525,,1.1262,.2033,.2433,.1478,.3951,,1378193,111,2027,1585.764497716895,21769.64315068493,63231.58641552511,8986.575684931508,34088.74337899543,206.5272831050228,1000000,1.1546,-180.4613,-31607.238,72.13755,162.90639,-2854.6477,,5727.873,-431677.34,-198461.88,-1603.5082,3712.9641,,-14993.66,-8324.9775,-64564.902,4192.9448,-60084.648,,-3824.1279,-1009769.8,-2065305.4,-14106.932,-22943.295,,-3916434,.011190671,.011190671,-3872606.5,753.44,2225343.3,-14205816,333333.34,-333333.34,333333.34,-333333.34,-333333.34,-1333333.4,-1333333.4,1333333.4,-1333333.4
111,.0254,.02254256,.6488,.45809999,74493000,.0124,.0012093283772086,.2927040577996423,.0893188555463744,.0168336551682632,.0125342845542964,.1542047088804512,0,.7327220777152772,.5288447937907593,.5074902209018749,.2733015149448629,.5231224810911148,.7612613235064081,.2379,.0286,.017,.0296,.115,,1.0911,.362,.3546,.2531,.5715,,.8565888797256779,.0463579938674395,.035150719787609,.0199527647633758,.4590431582592885,0,1.187004459218843,.4544470707574303,.4048964097898376,.1618206895098634,.4949160475109413,4.381481839736883,.3955,.042,.024,.0292,.2085,,1.1262,.2033,.2433,.1478,.3951,,1378193,111,2024,1585.764497716895,21769.64315068493,63231.58641552511,8986.575684931508,34088.74337899543,206.5272831050228,1000000,1.1546,-172.58833,-31607.238,72.13755,162.90639,-2854.6477,,6417.2705,-296703.03,-198461.88,-1603.5082,3712.9641,,-11903.481,-8324.9775,-64564.902,4192.9448,-49108.25,,-3824.1279,-1009769.8,-2065305.4,-14106.932,-22943.295,,-3766695.8,.011190671,.011190671,-3724544,753.44,2225343.3,-14205816,333333.34,-333333.34,333333.34,-333333.34,-333333.34,-1333333.4,-1333333.4,1333333.4,-1333333.4
111,.0254,.02254256,.6488,.45809999,74493000,.0124,.0012093283772086,.2927040577996423,.0893188555463744,.0168336551682632,.0125342845542964,.1542047088804512,0,.7327220777152772,.5288447937907593,.5074902209018749,.2733015149448629,.5231224810911148,.7612613235064081,.2363,.0286,.017,.0296,.115,,1.0654,.3114,.3546,.2531,.5715,,.8565888797256779,.0463579938674395,.035150719787609,.0199527647633758,.4590431582592885,0,1.187004459218843,.4544470707574303,.4048964097898376,.1618206895098634,.4949160475109413,4.381481839736883,.3157,.042,.024,.0292,.1712,,1.1262,.2033,.2433,.1478,.3951,,1378193,111,2026,1585.764497716895,21769.64315068493,63231.58641552511,8986.575684931508,34088.74337899543,206.5272831050228,1000000,1.1546,-177.62703,-31607.238,72.13755,162.90639,-2854.6477,,5957.0752,-386685.91,-198461.88,-1603.5082,3712.9641,,-13963.601,-8324.9775,-64564.902,4192.9448,-56419.316,,-3824.1279,-1009769.8,-2065305.4,-14106.932,-22943.295,,-3866515.3,.011190671,.011190671,-3823246.3,753.44,2225343.3,-14205816,333333.34,-333333.34,333333.34,-333333.34,-333333.34,-1333333.4,-1333333.4,1333333.4,-1333333.4
111,.0254,.02254256,.6488,.45809999,74493000,.0124,.0012093283772086,.2927040577996423,.0893188555463744,.0168336551682632,.0125342845542964,.1542047088804512,0,.7327220777152772,.5288447937907593,.5074902209018749,.2733015149448629,.5231224810911148,.7612613235064081,.2371,.0286,.017,.0296,.115,,1.0782,.3367,.3546,.2531,.5715,,.8565888797256779,.0463579938674395,.035150719787609,.0199527647633758,.4590431582592885,0,1.187004459218843,.4544470707574303,.4048964097898376,.1618206895098634,.4949160475109413,4.381481839736883,.3556,.042,.024,.0292,.1899,,1.1262,.2033,.2433,.1478,.3951,,1378193,111,2025,1585.764497716895,21769.64315068493,63231.58641552511,8986.575684931508,34088.74337899543,206.5272831050228,1000000,1.1546,-175.10768,-31607.238,72.13755,162.90639,-2854.6477,,6186.2778,-341694.47,-198461.88,-1603.5082,3712.9641,,-12933.541,-8324.9775,-64564.902,4192.9448,-52753.98,,-3824.1279,-1009769.8,-2065305.4,-14106.932,-22943.295,,-3816596.8,.011190671,.011190671,-3773886.5,753.44,2225343.3,-14205816,333333.34,-333333.34,333333.34,-333333.34,-333333.34,-1333333.4,-1333333.4,1333333.4,-1333333.4
112,.0249,.025633438,.5610000000000001,.50459999,25596000,0,0,.4308820627878527,.0027809930446579,.0673496619548256,.0337264785710867,.0675103048990999,,.0944196717984565,.014116567182371,.0034126620484678,.0041111938500796,.0172231044157923,,.2396,.0476,.0321,.0189,.027,,.6037,.2632,.3951,.3882,.4722,,.7780350938510595,.0020274509855318,.1139514794491321,.0112736195125166,.0957135676200709,,.1347112311222102,.0182356376063863,.0049199211198745,.0052075122101008,.0168310519666948,,.2895,.0806,.0735,.0229,.0372,,.5078,.1953,.2457,.1883,.2429,,172353,112,2027,101.2505707762557,9581.183789954337,3781.512100456621,1454.820776255708,4003.615068493151,,1000000,1.1546,-38.46199,10268.17,-914.19421,-22.912205,-346.43448,,582.27051,194949.45,30406.635,4935.5337,4101.1704,,-805.27448,66059.484,-14007.461,853.42828,-1347.0068,,1498.1937,313323.72,184036.73,29822.838,6102.9194,,829458.81,0,0,829458.81,753.44,-71431.859,-1443614.8,333333.34,333333.34,-71431.859,-333333.34,-71431.859,-285727.44,1333333.4,-285727.44,-1333333.4
112,.0249,.025633438,.5610000000000001,.50459999,25596000,0,0,.4308820627878527,.0027809930446579,.0673496619548256,.0337264785710867,.0675103048990999,,.0944196717984565,.014116567182371,.0034126620484678,.0041111938500796,.0172231044157923,,.2489,.0476,.0321,.0189,.027,,.6037,.2632,.4008,.3944,.4722,,.7780350938510595,.0020274509855318,.1139514794491321,.0112736195125166,.0957135676200709,,.1347112311222102,.0182356376063863,.0049199211198745,.0052075122101008,.0168310519666948,,.3006,.0914,.0739,.0229,.0372,,.5078,.1953,.2457,.1883,.2429,,172353,112,2026,101.2505707762557,9581.183789954337,3781.512100456621,1454.820776255708,4003.615068493151,,1000000,1.1546,-36.591995,10268.17,-914.19421,-22.912205,-346.43448,,582.27051,194949.45,30849.125,5015.2036,4101.1704,,-786.97784,75139.531,-13868.949,853.42828,-1347.0068,,1498.1937,313323.72,184036.73,29822.838,6102.9194,,839219.75,0,0,839219.75,753.44,-71431.859,-1443614.8,333333.34,333333.34,-71431.859,-333333.34,-71431.859,-285727.44,1333333.4,-285727.44,-1333333.4
112,.0249,.025633438,.5610000000000001,.50459999,25596000,0,0,.4308820627878527,.0027809930446579,.0673496619548256,.0337264785710867,.0675103048990999,,.0944196717984565,.014116567182371,.0034126620484678,.0041111938500796,.0172231044157923,,.2674,.0476,.0321,.0189,.027,,.6037,.2632,.4121,.4069,.4722,,.7780350938510595,.0020274509855318,.1139514794491321,.0112736195125166,.0957135676200709,,.1347112311222102,.0182356376063863,.0049199211198745,.0052075122101008,.0168310519666948,,.3229,.113,.0747,.0229,.0372,,.5078,.1953,.2457,.1883,.2429,,172353,112,2024,101.2505707762557,9581.183789954337,3781.512100456621,1454.820776255708,4003.615068493151,,1000000,1.1546,-32.872112,10268.17,-914.19421,-22.912205,-346.43448,,582.27051,194949.45,31726.342,5175.8286,4101.1704,,-750.21973,93299.625,-13591.927,853.42828,-1347.0068,,1498.1937,313323.72,184036.73,29822.838,6102.9194,,858735.13,0,0,858735.13,753.44,-71431.859,-1443614.8,333333.34,333333.34,-71431.859,-333333.34,-71431.859,-285727.44,1333333.4,-285727.44,-1333333.4
112,.0249,.025633438,.5610000000000001,.50459999,25596000,0,0,.4308820627878527,.0027809930446579,.0673496619548256,.0337264785710867,.0675103048990999,,.0944196717984565,.014116567182371,.0034126620484678,.0041111938500796,.0172231044157923,,.2581,.0476,.0321,.0189,.027,,.6037,.2632,.4064,.4007,.4722,,.7780350938510595,.0020274509855318,.1139514794491321,.0112736195125166,.0957135676200709,,.1347112311222102,.0182356376063863,.0049199211198745,.0052075122101008,.0168310519666948,,.3117,.1022,.0743,.0229,.0372,,.5078,.1953,.2457,.1883,.2429,,172353,112,2025,101.2505707762557,9581.183789954337,3781.512100456621,1454.820776255708,4003.615068493151,,1000000,1.1546,-34.742107,10268.17,-914.19421,-22.912205,-346.43448,,582.27051,194949.45,31283.852,5096.1587,4101.1704,,-768.68121,84219.578,-13730.438,853.42828,-1347.0068,,1498.1937,313323.72,184036.73,29822.838,6102.9194,,848974.13,0,0,848974.13,753.44,-71431.859,-1443614.8,333333.34,333333.34,-71431.859,-333333.34,-71431.859,-285727.44,1333333.4,-285727.44,-1333333.4
113,.0444,.040605657,.5123,.42879999,5217000,.0326,.0588318085855032,.8178903081183382,.0695742419640447,.068878227806848,.0222976569340795,.3188993230215956,,1.683815391108266,.7184335640828206,.3584568802352924,.2708358798220308,1.143392508548518,,.272,.1123,.0834,.0952,.1935,,1.2243,.4405,.4158,.3307,.8076,,2.017974269020907,.2249523618293184,.1521519334556891,.0185910134506459,.833495056383082,,1.159649677936984,.3570204215759052,.2065670448239102,.1428798833319258,.7206015885297506,,.3948,.1836,.1048,.1358,.2627,,1.1865,.3179,.2237,.1297,.6703,,91933,113,2027,549.6279680365296,1189.921689497717,2507.282077625571,821.8557077625571,5004.13904109589,,1000000,1.1546,-595.84625,1215.6815,249.71281,63.643852,-1340.3798,,-2851.9329,-27015.771,2951.5342,434.56543,-3783.2632,,-14523.946,-4317.8135,-10871.774,4860.3716,-16423.68,,585.29742,-8597.3555,8682.6836,-1212.7634,-1697.2877,,-74188.32,-.026231809,.026231809,-74188.32,753.44,197114.23,-435619.56,333333.34,-74188.32,197114.23,-333333.34,-210407.44,-769655.69,-224779.28,788456.94,-1333333.4
113,.0444,.040605657,.5123,.42879999,5217000,.0326,.0588318085855032,.8178903081183382,.0695742419640447,.068878227806848,.0222976569340795,.3188993230215956,,1.683815391108266,.7184335640828206,.3584568802352924,.2708358798220308,1.143392508548518,,.4625,.1188,.0834,.0952,.2746,,1.2781,.48,.4158,.3307,.8419,,2.017974269020907,.2249523618293184,.1521519334556891,.0185910134506459,.833495056383082,,1.159649677936984,.3570204215759052,.2065670448239102,.1428798833319258,.7206015885297506,,.6596,.1848,.1048,.1358,.3908,,1.1865,.3179,.2237,.1297,.6703,,91933,113,2026,549.6279680365296,1189.921689497717,2507.282077625571,821.8557077625571,5004.13904109589,,1000000,1.1546,-387.91306,1400.6268,249.71281,63.643852,-473.51065,,-2518.0291,-23176.283,2951.5342,434.56543,-3396.8164,,-12154.552,-4192.5151,-10871.774,4860.3716,-12737.815,,585.29742,-8597.3555,8682.6836,-1212.7634,-1697.2877,,-62188.18,-.026231809,.026231809,-62188.18,753.44,197114.23,-435619.56,333333.34,-62188.18,197114.23,-333333.34,-198407.28,-769655.69,-224779.28,788456.94,-1333333.4
113,.0444,.040605657,.5123,.42879999,5217000,.0326,.0588318085855032,.8178903081183382,.0695742419640447,.068878227806848,.0222976569340795,.3188993230215956,,1.683815391108266,.7184335640828206,.3584568802352924,.2708358798220308,1.143392508548518,,.653,.1254,.0834,.0952,.3556,,1.3319,.5195,.4158,.3307,.8761,,2.017974269020907,.2249523618293184,.1521519334556891,.0185910134506459,.833495056383082,,1.159649677936984,.3570204215759052,.2065670448239102,.1428798833319258,.7206015885297506,,.9245,.1859,.1048,.1358,.5189,,1.1865,.3179,.2237,.1297,.6703,,91933,113,2025,549.6279680365296,1189.921689497717,2507.282077625571,821.8557077625571,5004.13904109589,,1000000,1.1546,-179.97989,1588.4175,249.71281,63.643852,392.28955,,-2184.125,-19336.793,2951.5342,434.56543,-3011.4963,,-9784.2617,-4077.6584,-10871.774,4860.3716,-9051.9502,,585.29742,-8597.3555,8682.6836,-1212.7634,-1697.2877,,-50196.93,-.026231809,.026231809,-50196.93,753.44,197114.23,-435619.56,333333.34,-50196.93,197114.23,-333333.34,-186416.03,-769655.69,-224779.28,788456.94,-1333333.4
113,.0444,.040605657,.5123,.42879999,5217000,.0326,.0588318085855032,.8178903081183382,.0695742419640447,.068878227806848,.0222976569340795,.3188993230215956,,1.683815391108266,.7184335640828206,.3584568802352924,.2708358798220308,1.143392508548518,,.8436,.132,.0834,.0952,.4366,,1.3858,.5590000000000001,.4158,.3307,.9103,,2.017974269020907,.2249523618293184,.1521519334556891,.0185910134506459,.833495056383082,,1.159649677936984,.3570204215759052,.2065670448239102,.1428798833319258,.7206015885297506,,1.1893,.187,.1048,.1358,.647,,1.1865,.3179,.2237,.1297,.6703,,91933,113,2024,549.6279680365296,1189.921689497717,2507.282077625571,821.8557077625571,5004.13904109589,,1000000,1.1546,28.062458,1776.2081,249.71281,63.643852,1258.0897,,-1849.6005,-15497.304,2951.5342,434.56543,-2626.1763,,-7414.8667,-3962.8018,-10871.774,4860.3716,-5366.0854,,585.29742,-8597.3555,8682.6836,-1212.7634,-1697.2877,,-38205.848,-.026231809,.026231809,-38205.848,753.44,197114.23,-435619.56,333333.34,-38205.848,197114.23,-333333.34,-174424.95,-769655.69,-224779.28,788456.94,-1333333.4
118,.0324,.030512063,.515,.48649999,23818000,.1195,.1172826419805432,2.197982366047861,.1832414730888037,.3963936034703003,.4298302618168599,1.311749457769348,,4.66268044919962,.465554091647828,.5652416784267218,.7003999649227096,2.046044624244283,,1.3747,.3013,.2419,.2228,.7234,,2.961,.5337,.5639,.6594,1.7688,,4.159812299306715,.2174161550674032,.7604254434672694,.4572125697733767,1.669033798764555,,3.034162808778832,1.387044780744006,.5163776558932842,.6352048875622368,1.85384337001192,,2.0961,11.2499,.3954,.255,1.0106,,2.893,.5686,.536,.5688,1.8077,,843568,118,2024,273.5357305936073,25633.87077625571,29864.90239726027,7218.241438356165,29879.21621004566,,1000000,1.1546,-447.22171,72364.109,-31643.871,-1587.3936,-37549.82,,-5256.0864,142696.06,-822.57001,-2614.0139,-18650.846,,-9189.9658,24816050,-998260.19,-73646.578,-113120.73,,-1531.4142,-3874775.5,118448.75,-53666.145,-9296.5742,,19917500,.002217358,.002217358,19917500,753.44,899948.31,-678813.13,333333.34,333333.34,333333.34,-333333.34,333333.34,666666.69,666666.69,1333333.4,-1333333.4
118,.0324,.030512063,.515,.48649999,23818000,.1195,.1172826419805432,2.197982366047861,.1832414730888037,.3963936034703003,.4298302618168599,1.311749457769348,,4.66268044919962,.465554091647828,.5652416784267218,.7003999649227096,2.046044624244283,,.2533,.0863,.0917,.0921,.1591,,1.1365,.3616,.4556,.4514,.7124,,4.159812299306715,.2174161550674032,.7604254434672694,.4572125697733767,1.669033798764555,,3.034162808778832,1.387044780744006,.5163776558932842,.6352048875622368,1.85384337001192,,.3339,.1241,.1083,.1061,.2101,,1.2539,.3535,.3927,.3698,.711,,843568,118,2027,273.5357305936073,25633.87077625571,29864.90239726027,7218.241438356165,29879.21621004566,,1000000,1.1546,-1056.3862,-59420.387,-62408.313,-2589.5291,-73564.75,,-10891.533,-217677.63,-67220.242,-15875.364,-89717.156,,-17037.26,-209901.81,-1783412.3,-127876.52,-250648.83,,-19313.301,-4893126.5,-746570.5,-214491.09,-230250.36,,-9093049,.002217358,.002217358,-9072886,753.44,899948.31,-678813.13,333333.34,-333333.34,333333.34,-333333.34,-333333.34,666666.69,666666.69,1333333.4,-1333333.4
118,.0324,.030512063,.515,.48649999,23818000,.1195,.1172826419805432,2.197982366047861,.1832414730888037,.3963936034703003,.4298302618168599,1.311749457769348,,4.66268044919962,.465554091647828,.5652416784267218,.7003999649227096,2.046044624244283,,1.0009,.2296,.1918,.1792,.5353,,2.3528,.4764,.5278,.5901,1.4167,,4.159812299306715,.2174161550674032,.7604254434672694,.4572125697733767,1.669033798764555,,3.034162808778832,1.387044780744006,.5163776558932842,.6352048875622368,1.85384337001192,,1.5087,7.5413,.2997,.2054,.7438,,2.3466,.4969,.4883,.5024999999999999,1.4421,,843568,118,2025,273.5357305936073,25633.87077625571,29864.90239726027,7218.241438356165,29879.21621004566,,1000000,1.1546,-650.27655,28415.512,-41905.512,-1921.6943,-49554.793,,-7134.6714,22711.098,-22955.129,-7032.3389,-42337.371,,-11805.73,16474066,-1259977.5,-91711.078,-158957.7,,-7459.0713,-4214226,-169488.58,-107247.52,-82954.555,,10247872,.002217358,.002217358,10247872,753.44,899948.31,-678813.13,333333.34,333333.34,333333.34,-333333.34,333333.34,666666.69,666666.69,1333333.4,-1333333.4
118,.0324,.030512063,.515,.48649999,23818000,.1195,.1172826419805432,2.197982366047861,.1832414730888037,.3963936034703003,.4298302618168599,1.311749457769348,,4.66268044919962,.465554091647828,.5652416784267218,.7003999649227096,2.046044624244283,,.6271,.158,.1418,.1357,.3472,,1.7446,.419,.4917,.5208,1.0646,,4.159812299306715,.2174161550674032,.7604254434672694,.4572125697733767,1.669033798764555,,3.034162808778832,1.387044780744006,.5163776558932842,.6352048875622368,1.85384337001192,,.9213,3.8327,.204,.1558,.477,,1.8003,.4252,.4405,.4362,1.0766,,843568,118,2026,273.5357305936073,25633.87077625571,29864.90239726027,7218.241438356165,29879.21621004566,,1000000,1.1546,-853.33142,-15471.789,-52146.672,-2255.2283,-61559.77,,-9013.2568,-97483.266,-45087.688,-11450.663,-66023.898,,-14421.495,8132082,-1521694.9,-109775.59,-204794.69,,-13385.644,-4553676,-458029.53,-160828.91,-156592.39,,577537.75,.002217358,.002217358,577537.75,753.44,899948.31,-678813.13,333333.34,333333.34,333333.34,-333333.34,333333.34,666666.69,666666.69,1333333.4,-1333333.4
121,.0386,.030863846,.455,.382,23126000,.0297,.0456984096570224,1.074993565244099,.0726228322860813,.1998294103161248,.1270611016968021,.2769341238193171,,.4616931951645243,.6105206015670194,.2752517874747187,.1907658832980346,.6159756827334016,,.2568,.0912,.095,.0968,.1656,,.9526,.2981,.294,.1794,.5758,,.7263521458919581,.0997801502684516,.6173285813028123,.1951695820839095,.4807852522128759,,.35059596293869,.6425276379756238,.1749222969821744,.2368942722135251,.5942136481595536,,.3453,.1353,.1167,.1127,.2205,,.7174,.2991,.2725,.1725,.6561,,140002,121,2027,52.7777397260274,3363.771917808219,3536.483904109589,1210.146575342466,8014.336529680365,,1000000,1.1546,-85.756462,1494.2308,-2542.5696,-38.899326,-1905.8959,,292.56357,-85846.82,1361.1151,-121.48822,-724.93158,,-327.40543,10484.382,-162123.83,-5035.5254,-11994.387,,767.79132,-213355.94,69749.445,-8724.7734,3344.3125,,-405334.41,-.01599841,.01599841,-405334.41,753.44,612025.19,-1688198,333333.34,-333333.34,333333.34,-333333.34,-333333.34,-1246413.6,-1246413.6,1333333.4,-1333333.4
121,.0386,.030863846,.455,.382,23126000,.0297,.0456984096570224,1.074993565244099,.0726228322860813,.1998294103161248,.1270611016968021,.2769341238193171,,.4616931951645243,.6105206015670194,.2752517874747187,.1907658832980346,.6159756827334016,,.36,.1378,.1325,.1431,.2571,,.9526,.2981,.294,.1794,.5758,,.7263521458919581,.0997801502684516,.6173285813028123,.1951695820839095,.4807852522128759,,.35059596293869,.6425276379756238,.1749222969821744,.2368942722135251,.5942136481595536,,.4346,.2664,.2105,.2239,.4403,,.7174,.2991,.2725,.1725,.6561,,140002,121,2025,52.7777397260274,3363.771917808219,3536.483904109589,1210.146575342466,8014.336529680365,,1000000,1.1546,-74.939873,5242.4424,-1633.0313,20.617306,-339.53448,,292.56357,-85846.82,1361.1151,-121.48822,-724.93158,,-250.6776,49181.121,-131747.58,1754.2557,-1865.6292,,767.79132,-213355.94,69749.445,-8724.7734,3344.3125,,-312971.69,-.01599841,.01599841,-312971.69,753.44,612025.19,-1688198,333333.34,-312971.69,333333.34,-333333.34,-312971.69,-1246413.6,-1246413.6,1333333.4,-1333333.4
121,.0386,.030863846,.455,.382,23126000,.0297,.0456984096570224,1.074993565244099,.0726228322860813,.1998294103161248,.1270611016968021,.2769341238193171,,.4616931951645243,.6105206015670194,.2752517874747187,.1907658832980346,.6159756827334016,,.4115,.1611,.1513,.1662,.3028,,.9526,.2981,.294,.1794,.5758,,.7263521458919581,.0997801502684516,.6173285813028123,.1951695820839095,.4807852522128759,,.35059596293869,.6425276379756238,.1749222969821744,.2368942722135251,.5942136481595536,,.4793,.332,.2574,.2795,.5502,,.7174,.2991,.2725,.1725,.6561,,140002,121,2024,52.7777397260274,3363.771917808219,3536.483904109589,1210.146575342466,8014.336529680365,,1000000,1.1546,-69.542053,7116.5483,-1177.0494,50.311348,442.79025,,292.56357,-85846.82,1361.1151,-121.48822,-724.93158,,-212.27072,68544.25,-116559.46,5149.1465,3198.7495,,767.79132,-213355.94,69749.445,-8724.7734,3344.3125,,-266775.25,-.01599841,.01599841,-266775.25,753.44,612025.19,-1688198,333333.34,-266775.25,333333.34,-333333.34,-266775.25,-1246413.6,-1246413.6,1333333.4,-1333333.4
121,.0386,.030863846,.455,.382,23126000,.0297,.0456984096570224,1.074993565244099,.0726228322860813,.1998294103161248,.1270611016968021,.2769341238193171,,.4616931951645243,.6105206015670194,.2752517874747187,.1907658832980346,.6159756827334016,,.3084,.1145,.1138,.1199,.2113,,.9526,.2981,.294,.1794,.5758,,.7263521458919581,.0997801502684516,.6173285813028123,.1951695820839095,.4807852522128759,,.35059596293869,.6425276379756238,.1749222969821744,.2368942722135251,.5942136481595536,,.39,.2008,.1636,.1683,.3304,,.7174,.2991,.2725,.1725,.6561,,140002,121,2026,52.7777397260274,3363.771917808219,3536.483904109589,1210.146575342466,8014.336529680365,,1000000,1.1546,-80.348167,3368.3367,-2086.5876,-9.2052841,-1123.571,,292.56357,-85846.82,1361.1151,-121.48822,-724.93158,,-288.99857,29817.994,-146935.7,-1640.6346,-6930.0078,,767.79132,-213355.94,69749.445,-8724.7734,3344.3125,,-359167.47,-.01599841,.01599841,-359167.47,753.44,612025.19,-1688198,333333.34,-333333.34,333333.34,-333333.34,-333333.34,-1246413.6,-1246413.6,1333333.4,-1333333.4
123,.0315,.027288796,.3645,.36899999,45127000,.1411,0,.1948349449012563,.0430568318340048,.0698823369694258,.0687192068863688,.2147876093590113,,.5028212485833473,.1476640805685595,.3427896128499524,.3245550719729595,.5591970525149306,,.284,.1288,.1201,.133,.2152,,1.2809,.4915,.5915,.5936,.869,,.3839857973041402,.1109635281661363,.1523045310611248,.4042782863779673,.5234325730189625,,.2782639274030849,.1036700285371499,.2585871874494713,.2131470269009347,.5594619004846518,,.3001,.222,.1767,.157,.2836,,1.0431,.4794,.5447,.5434,.9268,,465026,123,2027,9.468264840182648,7402.844634703197,5620.31803652968,2232.827397260274,18567.73710045662,,1000000,1.1546,1.6765832,15177.835,1935.6882,152.45995,16.355772,,83.188705,207925.56,28695.787,5306.0698,12951.221,,-12.930327,72128.922,12555.372,-27858.27,-25605.193,,287.20834,513709.31,325024.94,82560.219,45990.629,,1271026.1,.1411,.1411,1271026.1,753.44,1106607,203070.95,333333.34,333333.34,333333.34,203070.95,333333.34,1333333.4,1333333.4,1333333.4,812283.81
123,.0315,.027288796,.3645,.36899999,45127000,.1411,0,.1948349449012563,.0430568318340048,.0698823369694258,.0687192068863688,.2147876093590113,,.5028212485833473,.1476640805685595,.3427896128499524,.3245550719729595,.5591970525149306,,.2904,.1464,.1677,.1422,.2585,,1.59,.5325,.7855,.7123,1.1714,,.3839857973041402,.1109635281661363,.1523045310611248,.4042782863779673,.5234325730189625,,.2782639274030849,.1036700285371499,.2585871874494713,.2131470269009347,.5594619004846518,,.3001,.2261,.1895,.1978,.2836,,1.0431,.4794,.6234,.6251,1.0317,,465026,123,2025,9.468264840182648,7402.844634703197,5620.31803652968,2232.827397260274,18567.73710045662,,1000000,1.1546,1.7969233,18293.301,3770.4761,174.28033,1733.6716,,116.2363,232719.22,51079.18,7647.0562,25592.963,,-12.930327,74792.266,19143.02,-23261.758,-25605.193,,287.20834,513709.31,414428.34,102984.48,59124.082,,1476717.1,.1411,.1411,1476717.1,753.44,1106607,203070.95,333333.34,333333.34,333333.34,203070.95,333333.34,1333333.4,1333333.4,1333333.4,812283.81
123,.0315,.027288796,.3645,.36899999,45127000,.1411,0,.1948349449012563,.0430568318340048,.0698823369694258,.0687192068863688,.2147876093590113,,.5028212485833473,.1476640805685595,.3427896128499524,.3245550719729595,.5591970525149306,,.2872,.1376,.1439,.1376,.2369,,1.4355,.512,.6885,.6529,1.0202,,.3839857973041402,.1109635281661363,.1523045310611248,.4042782863779673,.5234325730189625,,.2782639274030849,.1036700285371499,.2585871874494713,.2131470269009347,.5594619004846518,,.3001,.2241,.1831,.1774,.2836,,1.0431,.4794,.584,.5842000000000001,.9792999999999999,,465026,123,2026,9.468264840182648,7402.844634703197,5620.31803652968,2232.827397260274,18567.73710045662,,1000000,1.1546,1.7367532,16735.568,2853.082,163.37013,876.9967,,99.71785,220322.39,39887.484,6475.5767,19272.092,,-12.930327,73493.078,15849.195,-25560.014,-25605.193,,287.20834,513709.31,369669.84,92759.844,52563.617,,1373842,.1411,.1411,1373842,753.44,1106607,203070.95,333333.34,333333.34,333333.34,203070.95,333333.34,1333333.4,1333333.4,1333333.4,812283.81
123,.0315,.027288796,.3645,.36899999,45127000,.1411,0,.1948349449012563,.0430568318340048,.0698823369694258,.0687192068863688,.2147876093590113,,.5028212485833473,.1476640805685595,.3427896128499524,.3245550719729595,.5591970525149306,,.2937,.1552,.1914,.1468,.2801,,1.7445,.5531,.8824,.7717000000000001,1.3227,,.3839857973041402,.1109635281661363,.1523045310611248,.4042782863779673,.5234325730189625,,.2782639274030849,.1036700285371499,.2585871874494713,.2131470269009347,.5594619004846518,,.3001,.2281,.196,.2182,.2836,,1.0431,.4794,.6627999999999999,.666,1.0841,,465026,123,2024,9.468264840182648,7402.844634703197,5620.31803652968,2232.827397260274,18567.73710045662,,1000000,1.1546,1.8589736,19851.033,4684.0151,185.19052,2590.3464,,132.75475,245176.52,62259.34,8818.5352,31918.016,,-12.930327,76091.461,22488.309,-20963.502,-25605.193,,287.20834,513709.31,459186.88,113209.1,65684.547,,1579692.9,.1411,.1411,1579692.9,753.44,1106607,203070.95,333333.34,333333.34,333333.34,203070.95,333333.34,1333333.4,1333333.4,1333333.4,812283.81
126,.06,.094822697,.4763,.35510001,4280000,.4658,.0057923045097228,.1005782515434994,.0910877817004221,.074760447902087,.0074286096669912,.1554345397785361,,.8934505604445498,.6288150664932446,.8105983575822479,.3695934459348577,.7987335572919468,,.5822000000000001,.5221,.6804,.4968,.7009,,2.5398,2.5658,2.7571,2.4398,2.6621,,.2068744239913222,.1514483184243357,.2142739419790162,.0142381685283997,.3200170652859923,,.8583400438061115,.6744730753236183,1.381581660031261,1.246150108103199,1.506125557611665,,.9167,.9628,1.0959,.6562,.9444,,4.2118,4.0611,4.7328,3.2893,4.2114,,28200,126,2024,209.9503424657534,86.01141552511416,304.1373287671233,143.2970319634703,2167.073858447488,,1000000,1.1546,200.80878,886.4563,1263.2869,74.489517,2524.9004,,3903.0942,13609.442,12153.121,2620.2568,9091.5547,,2426.157,6123.6504,24553.514,4641.5112,7780.1084,,27923.383,53798.035,206011.25,32779.805,39530.238,,451895.06,.4600077,.25,451895.06,753.44,-554908.63,-518735.97,333333.34,333333.34,-333333.34,-333333.34,-333333.34,-1333333.4,881634.88,-1333333.4,-1333333.4
126,.06,.094822697,.4763,.35510001,4280000,.4658,.0057923045097228,.1005782515434994,.0910877817004221,.074760447902087,.0074286096669912,.1554345397785361,,.8934505604445498,.6288150664932446,.8105983575822479,.3695934459348577,.7987335572919468,,.5281,.4515,.5366,.4343,.614,,2.3384,2.0707,2.2406,2.0391,2.2988,,.2068744239913222,.1514483184243357,.2142739419790162,.0142381685283997,.3200170652859923,,.8583400438061115,.6744730753236183,1.381581660031261,1.246150108103199,1.506125557611665,,.907,.8637,.8568,.5326,.8038,,3.6115,3.0768,3.5663,2.6361,3.4368,,28200,126,2025,209.9503424657534,86.01141552511416,304.1373287671233,143.2970319634703,2167.073858447488,,1000000,1.1546,178.25217,741.25433,963.33838,64.976097,2122.6497,,3425.6238,10130.822,8928.3164,2113.0916,7318.9771,,2393.0027,5375.6963,17894.518,3747.8586,6028.1655,,22924.842,38162.004,134302.38,22300.021,28211.564,,317327.34,.4600077,.25,317327.34,753.44,-554908.63,-518735.97,333333.34,317327.34,-333333.34,-333333.34,-333333.34,-1333333.4,881634.88,-1333333.4,-1333333.4
126,.06,.094822697,.4763,.35510001,4280000,.4658,.0057923045097228,.1005782515434994,.0910877817004221,.074760447902087,.0074286096669912,.1554345397785361,,.8934505604445498,.6288150664932446,.8105983575822479,.3695934459348577,.7987335572919468,,.474,.3808,.3927,.3719,.5271,,2.137,1.5755,1.7241,1.6385,1.9356,,.2068744239913222,.1514483184243357,.2142739419790162,.0142381685283997,.3200170652859923,,.8583400438061115,.6744730753236183,1.381581660031261,1.246150108103199,1.506125557611665,,.8974,.7647,.6178,.409,.6632,,3.0112,2.0925,2.3999,1.9829,2.6622,,28200,126,2026,209.9503424657534,86.01141552511416,304.1373287671233,143.2970319634703,2167.073858447488,,1000000,1.1546,155.69556,595.84674,663.18134,55.477901,1720.399,,2948.1533,6651.4995,5703.5122,1606.0529,5546.8872,,2360.1904,4628.4971,11238.306,2854.2063,4276.2227,,17926.301,22525.971,62599.633,11820.238,16892.889,,182769.16,.4600077,.25,182769.16,753.44,-554908.63,-518735.97,333333.34,182769.16,-333333.34,-333333.34,-333333.34,-1333333.4,881634.88,-1333333.4,-1333333.4
126,.06,.094822697,.4763,.35510001,4280000,.4658,.0057923045097228,.1005782515434994,.0910877817004221,.074760447902087,.0074286096669912,.1554345397785361,,.8934505604445498,.6288150664932446,.8105983575822479,.3695934459348577,.7987335572919468,,.4199,.3102,.2488,.3095,.4401,,1.9357,1.0803,1.2076,1.2378,1.5723,,.2068744239913222,.1514483184243357,.2142739419790162,.0142381685283997,.3200170652859923,,.8583400438061115,.6744730753236183,1.381581660031261,1.246150108103199,1.506125557611665,,.8877,.6656,.3787,.2854,.5226,,2.4109,1.1081,1.2335,1.3298,1.8875,,28200,126,2027,209.9503424657534,86.01141552511416,304.1373287671233,143.2970319634703,2167.073858447488,,1000000,1.1546,133.13895,450.64478,363.02429,45.979706,1317.6855,,2470.9199,3172.1768,2478.708,1098.8876,3774.3096,,2327.0361,3880.543,4579.3081,1960.5537,2524.2798,,12927.76,6888.3516,-9103.1035,1342.0588,5572.752,,48205.016,.4600077,.25,48205.016,753.44,-554908.63,-518735.97,333333.34,48205.016,-333333.34,-333333.34,-333333.34,-1333333.4,881634.88,-1333333.4,-1333333.4
127,.0303,.02584628,.42,.29820001,17780000,.0034,.0509190457567462,.2690650792298093,.0433886728574265,.029723329107666,.0520127498265395,.1151714639103415,,.9184927532522443,.7617022241042795,.9671085981299027,1.717065796833318,1.39988587434386,,.3696,.0315,.0358,.1265,.1868,,.6835,.1625,.2396,.383,.3678,,.6633538038093781,.0897290974227714,.0456586831803983,.0920989147909676,.2912136404315521,,.5833090131755431,.4399060905477645,.6777949785924384,.9802115446592486,.938063114808997,,.525,.018,.0244,.093,.217,,.7556,.0966,.1575,.3063,.2811,,306311,127,2024,1962.421803652968,5338.945776255708,6251.658105022831,2868.514269406392,8017.878652968036,,1000000,1.1546,391.80441,-1517.7511,260.54272,226.96472,1226.7296,,-5207.356,-261328.59,-93367.703,-33800.82,-18631.229,,-4420.1206,-33604.391,-12170.015,130.4175,-3421.4021,,13409.52,-338516.59,-657450.94,-216435.69,-35517.703,,-1699744.5,-.047519047,.047519047,-1699744.5,753.44,770895.38,-2165603.8,333333.34,-333333.34,333333.34,-333333.34,-333333.34,-1333333.4,-1333333.4,1333333.4,-1333333.4
127,.0303,.02584628,.42,.29820001,17780000,.0034,.0509190457567462,.2690650792298093,.0433886728574265,.029723329107666,.0520127498265395,.1151714639103415,,.9184927532522443,.7617022241042795,.9671085981299027,1.717065796833318,1.39988587434386,,.3369,.0315,.0358,.1232,.1868,,.6835,.1625,.2396,.383,.3678,,.6633538038093781,.0897290974227714,.0456586831803983,.0920989147909676,.2912136404315521,,.5833090131755431,.4399060905477645,.6777949785924384,.9802115446592486,.938063114808997,,.4812,.018,.0244,.093,.217,,.7556,.0966,.1575,.3063,.2811,,306311,127,2025,1962.421803652968,5338.945776255708,6251.658105022831,2868.514269406392,8017.878652968036,,1000000,1.1546,264.36606,-1517.7511,260.54272,216.90953,1226.7296,,-5207.356,-261328.59,-93367.703,-33800.82,-18631.229,,-5819.4409,-33604.391,-12170.015,130.4175,-3421.4021,,13409.52,-338516.59,-657450.94,-216435.69,-35517.703,,-1701281.3,-.047519047,.047519047,-1701281.3,753.44,770895.38,-2165603.8,333333.34,-333333.34,333333.34,-333333.34,-333333.34,-1333333.4,-1333333.4,1333333.4,-1333333.4
127,.0303,.02584628,.42,.29820001,17780000,.0034,.0509190457567462,.2690650792298093,.0433886728574265,.029723329107666,.0520127498265395,.1151714639103415,,.9184927532522443,.7617022241042795,.9671085981299027,1.717065796833318,1.39988587434386,,.2716,.0315,.0358,.1165,.1868,,.6835,.1625,.2396,.383,.3678,,.6633538038093781,.0897290974227714,.0456586831803983,.0920989147909676,.2912136404315521,,.5833090131755431,.4399060905477645,.6777949785924384,.9802115446592486,.938063114808997,,.3935,.018,.0244,.093,.217,,.7556,.0966,.1575,.3063,.2811,,306311,127,2027,1962.421803652968,5338.945776255708,6251.658105022831,2868.514269406392,8017.878652968036,,1000000,1.1546,9.8790855,-1517.7511,260.54272,196.49445,1226.7296,,-5207.356,-261328.59,-93367.703,-33800.82,-18631.229,,-8621.2764,-33604.391,-12170.015,130.4175,-3421.4021,,13409.52,-338516.59,-657450.94,-216435.69,-35517.703,,-1704358,-.047519047,.047519047,-1704358,753.44,770895.38,-2165603.8,333333.34,-333333.34,333333.34,-333333.34,-333333.34,-1333333.4,-1333333.4,1333333.4,-1333333.4
127,.0303,.02584628,.42,.29820001,17780000,.0034,.0509190457567462,.2690650792298093,.0433886728574265,.029723329107666,.0520127498265395,.1151714639103415,,.9184927532522443,.7617022241042795,.9671085981299027,1.717065796833318,1.39988587434386,,.3043,.0315,.0358,.1198,.1868,,.6835,.1625,.2396,.383,.3678,,.6633538038093781,.0897290974227714,.0456586831803983,.0920989147909676,.2912136404315521,,.5833090131755431,.4399060905477645,.6777949785924384,.9802115446592486,.938063114808997,,.4373,.018,.0244,.093,.217,,.7556,.0966,.1575,.3063,.2811,,306311,127,2026,1962.421803652968,5338.945776255708,6251.658105022831,2868.514269406392,8017.878652968036,,1000000,1.1546,137.31743,-1517.7511,260.54272,206.54964,1226.7296,,-5207.356,-261328.59,-93367.703,-33800.82,-18631.229,,-7221.9561,-33604.391,-12170.015,130.4175,-3421.4021,,13409.52,-338516.59,-657450.94,-216435.69,-35517.703,,-1702821,-.047519047,.047519047,-1702821,753.44,770895.38,-2165603.8,333333.34,-333333.34,333333.34,-333333.34,-333333.34,-1333333.4,-1333333.4,1333333.4,-1333333.4
128,.0279,.023154275,.5952,.53280002,33013000,.0018,0,,.0126607419123001,.0580587186872675,.0194412065135764,.0910413986406545,,,1.068450993026882,.8544231631687829,.57343612444173,.6653563553659004,,.0011,.0514,.0149,.008,.0195,,.3333,.2566,.2732,.2503,.3182,,,.0210039993152143,.2467921919024101,.0355943795057492,.1123755634292383,,,1.562235140551573,.9653710861205838,.7154120199106077,.9180845452136578,,.0004,.0451,.0427,.0196,.0432,,.0333,.0582,.2116,.1791,.3567,,429208,128,2027,,14231.25102739726,15930.60479452055,5025.590296803653,12764.20045662101,,1000000,1.1546,,13182.751,-4715.4028,-61.077084,-1950.5376,,,-943794.44,-190080.91,-14343.845,-9976.6543,,,30090.764,-297726.97,-4055.7153,-5077.001,,,-3953156.5,-2427114.3,-301768.28,-48316.836,,-8158865.5,.0018,.0018,-8144179.5,753.44,1151013.1,-2060010.6,333333.34,-333333.34,333333.34,-333333.34,-333333.34,-1333333.4,-1333333.4,1333333.4,-1333333.4
128,.0279,.023154275,.5952,.53280002,33013000,.0018,0,,.0126607419123001,.0580587186872675,.0194412065135764,.0910413986406545,,,1.068450993026882,.8544231631687829,.57343612444173,.6653563553659004,,.0011,.0537,.0149,.008,.0195,,.3333,.2603,.2732,.2503,.3182,,,.0210039993152143,.2467921919024101,.0355943795057492,.1123755634292383,,,1.562235140551573,.9653710861205838,.7154120199106077,.9180845452136578,,.0004,.1361,.0429,.0196,.0432,,.0333,.0582,.2116,.1791,.3567,,429208,128,2025,,14231.25102739726,15930.60479452055,5025.590296803653,12764.20045662101,,1000000,1.1546,,13965.428,-4715.4028,-61.077084,-1950.5376,,,-939493.13,-190080.91,-14343.845,-9976.6543,,,143730.34,-297435.22,-4055.7153,-5077.001,,,-3953156.5,-2427114.3,-301768.28,-48316.836,,-8039849.5,.0018,.0018,-8025378,753.44,1151013.1,-2060010.6,333333.34,-333333.34,333333.34,-333333.34,-333333.34,-1333333.4,-1333333.4,1333333.4,-1333333.4
128,.0279,.023154275,.5952,.53280002,33013000,.0018,0,,.0126607419123001,.0580587186872675,.0194412065135764,.0910413986406545,,,1.068450993026882,.8544231631687829,.57343612444173,.6653563553659004,,.0011,.0549,.0149,.008,.0195,,.3333,.2621,.2732,.2503,.3182,,,.0210039993152143,.2467921919024101,.0355943795057492,.1123755634292383,,,1.562235140551573,.9653710861205838,.7154120199106077,.9180845452136578,,.0004,.1816,.0431,.0196,.0432,,.0333,.0582,.2116,.1791,.3567,,429208,128,2024,,14231.25102739726,15930.60479452055,5025.590296803653,12764.20045662101,,1000000,1.1546,,14373.781,-4715.4028,-61.077084,-1950.5376,,,-937400.56,-190080.91,-14343.845,-9976.6543,,,200550.14,-297143.44,-4055.7153,-5077.001,,,-3953156.5,-2427114.3,-301768.28,-48316.836,,-7980237.5,.0018,.0018,-7965873,753.44,1151013.1,-2060010.6,333333.34,-333333.34,333333.34,-333333.34,-333333.34,-1333333.4,-1333333.4,1333333.4,-1333333.4
128,.0279,.023154275,.5952,.53280002,33013000,.0018,0,,.0126607419123001,.0580587186872675,.0194412065135764,.0910413986406545,,,1.068450993026882,.8544231631687829,.57343612444173,.6653563553659004,,.0011,.0525,.0149,.008,.0195,,.3333,.2584,.2732,.2503,.3182,,,.0210039993152143,.2467921919024101,.0355943795057492,.1123755634292383,,,1.562235140551573,.9653710861205838,.7154120199106077,.9180845452136578,,.0004,.0906,.0428,.0196,.0432,,.0333,.0582,.2116,.1791,.3567,,429208,128,2026,,14231.25102739726,15930.60479452055,5025.590296803653,12764.20045662101,,1000000,1.1546,,13557.074,-4715.4028,-61.077084,-1950.5376,,,-941701.88,-190080.91,-14343.845,-9976.6543,,,86910.555,-297581.09,-4055.7153,-5077.001,,,-3953156.5,-2427114.3,-301768.28,-48316.836,,-8099432.5,.0018,.0018,-8084853.5,753.44,1151013.1,-2060010.6,333333.34,-333333.34,333333.34,-333333.34,-333333.34,-1333333.4,-1333333.4,1333333.4,-1333333.4
130,.0357,.030399609,.5541,.49700001,32491000,.0006,0,,.000702306269588,.0148855991745396,.0526396371012388,.0470400782888425,,,.5706713586323978,.1289597294336227,.1119761299808049,.2632375431354332,,0,.0625,.1964,.1299,.2805,,.3333,.0992,.2504,.2995,.2388,,,.0010786786638004,.0364012249037189,.1265832048390441,.0589212292713154,,,.4324622024050956,.1189164155360718,.0962056692189882,.2013641721986294,,0,.0132,.0569,.064,.0997,,.1722,.1059,.2408,.2645,.2825,,500763,130,2024,,6073.596803652968,23285.63721461187,3786.909703196347,21758.08812785388,,1000000,1.1546,,8974.9053,28987.932,310.78574,10850.165,,,-233915.66,58051.598,6272.4111,-1197.1387,,,6460.1274,43709.473,-11957.923,5101.71,,,-366315.09,573656.38,71354.836,11903.586,,212248.09,.00060000003,.00060000003,212248.09,753.44,1499857.6,-1855235.9,333333.34,212248.09,333333.34,-333333.34,212248.09,772472.75,772472.75,1333333.4,-1333333.4
130,.0357,.030399609,.5541,.49700001,32491000,.0006,0,,.000702306269588,.0148855991745396,.0526396371012388,.0470400782888425,,,.5706713586323978,.1289597294336227,.1119761299808049,.2632375431354332,,0,.0591,.1139,.0862,.1734,,.3333,.0992,.2504,.2995,.2388,,,.0010786786638004,.0364012249037189,.1265832048390441,.0589212292713154,,,.4324622024050956,.1189164155360718,.0962056692189882,.2013641721986294,,0,.0132,.0553,.0633,.0997,,.1722,.1059,.2408,.2571,.2825,,500763,130,2026,,6073.596803652968,23285.63721461187,3786.909703196347,21758.08812785388,,1000000,1.1546,,8481.1221,15812.645,134.99913,5872.6396,,,-233915.66,58051.598,6272.4111,-1197.1387,,,6460.1274,40297.797,-12091.674,5101.71,,,-366315.09,573656.38,68217.32,11903.586,,186742.75,.00060000003,.00060000003,186742.75,753.44,1499857.6,-1855235.9,333333.34,186742.75,333333.34,-333333.34,186742.75,772472.75,772472.75,1333333.4,-1333333.4
130,.0357,.030399609,.5541,.49700001,32491000,.0006,0,,.000702306269588,.0148855991745396,.0526396371012388,.0470400782888425,,,.5706713586323978,.1289597294336227,.1119761299808049,.2632375431354332,,0,.0573,.0727,.0643,.1198,,.3333,.0992,.2504,.2995,.2388,,,.0010786786638004,.0364012249037189,.1265832048390441,.0589212292713154,,,.4324622024050956,.1189164155360718,.0962056692189882,.2013641721986294,,0,.0132,.0545,.063,.0997,,.1722,.1059,.2408,.2534,.2825,,500763,130,2027,,6073.596803652968,23285.63721461187,3786.909703196347,21758.08812785388,,1000000,1.1546,,8219.707,9232.9854,46.904705,3381.5535,,,-233915.66,58051.598,6272.4111,-1197.1387,,,6460.1274,38591.957,-12148.995,5101.71,,,-366315.09,573656.38,66648.563,11903.586,,173990.59,.00060000003,.00060000003,173990.59,753.44,1499857.6,-1855235.9,333333.34,173990.59,333333.34,-333333.34,173990.59,772472.75,772472.75,1333333.4,-1333333.4
130,.0357,.030399609,.5541,.49700001,32491000,.0006,0,,.000702306269588,.0148855991745396,.0526396371012388,.0470400782888425,,,.5706713586323978,.1289597294336227,.1119761299808049,.2632375431354332,,0,.0608,.1552,.108,.2269,,.3333,.0992,.2504,.2995,.2388,,,.0010786786638004,.0364012249037189,.1265832048390441,.0589212292713154,,,.4324622024050956,.1189164155360718,.0962056692189882,.2013641721986294,,0,.0132,.0561,.0636,.0997,,.1722,.1059,.2408,.2608,.2825,,500763,130,2025,,6073.596803652968,23285.63721461187,3786.909703196347,21758.08812785388,,1000000,1.1546,,8728.0137,22408.273,222.69131,8359.0791,,,-233915.66,58051.598,6272.4111,-1197.1387,,,6460.1274,42003.633,-12034.352,5101.71,,,-366315.09,573656.38,69786.078,11903.586,,199491.34,.00060000003,.00060000003,199491.34,753.44,1499857.6,-1855235.9,333333.34,199491.34,333333.34,-333333.34,199491.34,772472.75,772472.75,1333333.4,-1333333.4
133,.0408,.04033624,.5753,.43799999,34084000,.0275,.060241634652859,.2852117928916624,.031069554374517,.0401831565373501,.0246998821916812,.0741532678984502,,2.096673554909726,1.061223211452895,.9034038169699087,.6311455104952735,1.050487618833858,,.1941,.0482,.0332,.0317,.1099,,1.4192,.449,.4421,.4449,.8279,,.4059947984983081,.0756269555772091,.0405841626391623,.0009879554893553,.1370823298301935,,3.45522013287997,.8165944699389496,.7454800400885341,.434470078765311,1.206898762239037,,.4022,.1007,.0801,.0621,.2414,,3.0181,.7134,.3842,.4351,1.3597,,273972,133,2024,693.2819634703196,2265.288584474886,10458.05525114155,2863.563470319635,13170.6801369863,,1000000,1.1546,-125.44244,927.90576,-500.86505,21.29274,1005.6523,,-5303.623,-113289.94,-99037.875,-4710.7021,-6600.478,,-42.83012,4983.9741,37842.656,8829.7139,7899.998,,-12019.019,-43174.063,-763683.44,201.95845,13569.988,,-973205.13,-.032741636,.032741636,-973205.13,753.44,71797.5,-4679733.5,333333.34,-333333.34,71797.5,-333333.34,-333333.34,-1333333.4,-1333333.4,287190,-1333333.4
133,.0408,.04033624,.5753,.43799999,34084000,.0275,.060241634652859,.2852117928916624,.031069554374517,.0401831565373501,.0246998821916812,.0741532678984502,,2.096673554909726,1.061223211452895,.9034038169699087,.6311455104952735,1.050487618833858,,.1941,.0482,.0332,.0317,.1099,,1.2156,.3771,.4369,.4344,.7345,,.4059947984983081,.0756269555772091,.0405841626391623,.0009879554893553,.1370823298301935,,3.45522013287997,.8165944699389496,.7454800400885341,.434470078765311,1.206898762239037,,.3463,.1007,.0801,.0621,.2107,,1.8201,.4592,.374,.3735,.9046,,273972,133,2026,693.2819634703196,2265.288584474886,10458.05525114155,2863.563470319635,13170.6801369863,,1000000,1.1546,-125.44244,927.90576,-500.86505,21.29274,1005.6523,,-6897.5122,-126594.8,-100154.27,-4976.2783,-9370.1045,,-673.74738,4983.9741,37842.656,8829.7139,5575.0811,,-44959.129,-149525.17,-785244.5,-19547.559,-26846.58,,-1216229.6,-.032741636,.032741636,-1216229.6,753.44,71797.5,-4679733.5,333333.34,-333333.34,71797.5,-333333.34,-333333.34,-1333333.4,-1333333.4,287190,-1333333.4
133,.0408,.04033624,.5753,.43799999,34084000,.0275,.060241634652859,.2852117928916624,.031069554374517,.0401831565373501,.0246998821916812,.0741532678984502,,2.096673554909726,1.061223211452895,.9034038169699087,.6311455104952735,1.050487618833858,,.1941,.0482,.0332,.0317,.1099,,1.3174,.413,.4395,.4396,.7812,,.4059947984983081,.0756269555772091,.0405841626391623,.0009879554893553,.1370823298301935,,3.45522013287997,.8165944699389496,.7454800400885341,.434470078765311,1.206898762239037,,.3742,.1007,.0801,.0621,.2261,,2.4191,.5863,.3791,.4043,1.1321,,273972,133,2025,693.2819634703196,2265.288584474886,10458.05525114155,2863.563470319635,13170.6801369863,,1000000,1.1546,-125.44244,927.90576,-500.86505,21.29274,1005.6523,,-6100.5679,-119951.62,-99596.07,-4844.7549,-7985.2915,,-358.85306,4983.9741,37842.656,8829.7139,6741.3262,,-28489.072,-96349.617,-774464,-9672.7998,-6642.7363,,-1094729.1,-.032741636,.032741636,-1094729.1,753.44,71797.5,-4679733.5,333333.34,-333333.34,71797.5,-333333.34,-333333.34,-1333333.4,-1333333.4,287190,-1333333.4
133,.0408,.04033624,.5753,.43799999,34084000,.0275,.060241634652859,.2852117928916624,.031069554374517,.0401831565373501,.0246998821916812,.0741532678984502,,2.096673554909726,1.061223211452895,.9034038169699087,.6311455104952735,1.050487618833858,,.1941,.0482,.0332,.0317,.1099,,1.1138,.3412,.4342,.4291,.6878,,.4059947984983081,.0756269555772091,.0405841626391623,.0009879554893553,.1370823298301935,,3.45522013287997,.8165944699389496,.7454800400885341,.434470078765311,1.206898762239037,,.3183,.1007,.0801,.0621,.1953,,1.2211,.3321,.3689,.3426,.6771,,273972,133,2027,693.2819634703196,2265.288584474886,10458.05525114155,2863.563470319635,13170.6801369863,,1000000,1.1546,-125.44244,927.90576,-500.86505,21.29274,1005.6523,,-7694.457,-133237.98,-100733.93,-5110.3311,-10754.918,,-989.77026,4983.9741,37842.656,8829.7139,4408.8359,,-61429.18,-202700.73,-796025,-29454.379,-47050.426,,-1337787.4,-.032741636,.032741636,-1337787.4,753.44,71797.5,-4679733.5,333333.34,-333333.34,71797.5,-333333.34,-333333.34,-1333333.4,-1333333.4,287190,-1333333.4
135,.0453,.024182757,.597,.5438,13024000,.0564,.1477814448111478,.0110986313061245,0,.0703726702368039,0,.0200207255795892,,2.223114651434736,1.021421899995927,1.543484859703043,1.459000836948432,2.044853703146313,,.0926,.0324,.0261,.0207,.0598,,1.2152,.8371,1.1102,1.1045,1.1927,,.0314461220340194,0,.1559149111870247,0,.0456937488264488,,3.610825656098039,1.095468695243159,2.10447020474996,1.855927543364172,3.046672891019763,,.1696,.0689,.0251,.0452,.1126,,1.4169,.8804,.7445000000000001,.6293,1.1182,,81463,135,2024,617.9440639269407,5283.038242009133,633.6811643835616,413.8212328767123,2130.691552511415,,1000000,1.1546,100.01706,4092.9875,-192.40862,9.099185,181.04259,,-7033.0439,-79546.063,-5636.4756,-1295.7554,-4087.9417,,1389.834,31940.973,-7590.8003,943.76575,819.68726,,-53768.68,-209847.55,-174188.17,-56832.195,-27706.301,,-588248,-.091381446,.091381446,-588248,753.44,972092.38,-692876.88,333333.34,-333333.34,333333.34,-333333.34,-333333.34,-1333333.4,-1333333.4,1333333.4,-1333333.4
135,.0453,.024182757,.597,.5438,13024000,.0564,.1477814448111478,.0110986313061245,0,.0703726702368039,0,.0200207255795892,,2.223114651434736,1.021421899995927,1.543484859703043,1.459000836948432,2.044853703146313,,.0926,.0324,.0261,.0207,.0598,,1.2152,.8306,.9986,1.0088,1.1927,,.0314461220340194,0,.1559149111870247,0,.0456937488264488,,3.610825656098039,1.095468695243159,2.10447020474996,1.855927543364172,3.046672891019763,,.1696,.0689,.0251,.0452,.1126,,1.4169,.8551,.7445000000000001,.6293,1.1182,,81463,135,2026,617.9440639269407,5283.038242009133,633.6811643835616,413.8212328767123,2130.691552511415,,1000000,1.1546,100.01706,4092.9875,-192.40862,9.099185,181.04259,,-7033.0439,-82351.211,-7088.2471,-1645.5537,-4087.9417,,1389.834,31940.973,-7590.8003,943.76575,819.68726,,-53768.68,-234533.36,-174188.17,-56832.195,-27706.301,,-617540.5,-.091381446,.091381446,-617540.5,753.44,972092.38,-692876.88,333333.34,-333333.34,333333.34,-333333.34,-333333.34,-1333333.4,-1333333.4,1333333.4,-1333333.4
135,.0453,.024182757,.597,.5438,13024000,.0564,.1477814448111478,.0110986313061245,0,.0703726702368039,0,.0200207255795892,,2.223114651434736,1.021421899995927,1.543484859703043,1.459000836948432,2.044853703146313,,.0926,.0324,.0261,.0207,.0598,,1.2152,.8273,.9429,.961,1.1927,,.0314461220340194,0,.1559149111870247,0,.0456937488264488,,3.610825656098039,1.095468695243159,2.10447020474996,1.855927543364172,3.046672891019763,,.1696,.0689,.0251,.0452,.1126,,1.4169,.8425,.7445000000000001,.6293,1.1182,,81463,135,2027,617.9440639269407,5283.038242009133,633.6811643835616,413.8212328767123,2130.691552511415,,1000000,1.1546,100.01706,4092.9875,-192.40862,9.099185,181.04259,,-7033.0439,-83775.359,-7812.832,-1820.2701,-4087.9417,,1389.834,31940.973,-7590.8003,943.76575,819.68726,,-53768.68,-246827.47,-174188.17,-56832.195,-27706.301,,-632158.06,-.091381446,.091381446,-632158.06,753.44,972092.38,-692876.88,333333.34,-333333.34,333333.34,-333333.34,-333333.34,-1333333.4,-1333333.4,1333333.4,-1333333.4
135,.0453,.024182757,.597,.5438,13024000,.0564,.1477814448111478,.0110986313061245,0,.0703726702368039,0,.0200207255795892,,2.223114651434736,1.021421899995927,1.543484859703043,1.459000836948432,2.044853703146313,,.0926,.0324,.0261,.0207,.0598,,1.2152,.8338,1.0544,1.0567,1.1927,,.0314461220340194,0,.1559149111870247,0,.0456937488264488,,3.610825656098039,1.095468695243159,2.10447020474996,1.855927543364172,3.046672891019763,,.1696,.0689,.0251,.0452,.1126,,1.4169,.8677,.7445000000000001,.6293,1.1182,,81463,135,2025,617.9440639269407,5283.038242009133,633.6811643835616,413.8212328767123,2130.691552511415,,1000000,1.1546,100.01706,4092.9875,-192.40862,9.099185,181.04259,,-7033.0439,-80970.211,-6362.3613,-1470.4718,-4087.9417,,1389.834,31940.973,-7590.8003,943.76575,819.68726,,-53768.68,-222239.23,-174188.17,-56832.195,-27706.301,,-602964.44,-.091381446,.091381446,-602964.44,753.44,972092.38,-692876.88,333333.34,-333333.34,333333.34,-333333.34,-333333.34,-1333333.4,-1333333.4,1333333.4,-1333333.4
137,.027,.031572893,.501,.50660002,18543000,.0029,.0057239057239057,.1384680829403616,.0125657908011109,.1062478322572598,.1820640563858199,.2674071300170521,,1.21985013143495,.1845115437190297,1.03909820752588,1.111250191897857,.8858374634478874,,.0638,.005,.0619,.0616,.0785,,.5826,.0957,.2436,.2244,.244,,.3823735370362963,.0031414477002777,.0337508898290177,.045516014096455,.1122792069195083,,2.344369772749034,.2058800181475846,1.143898899988451,1.369123173972115,1.133782338712903,,.016,.0013,.0155,.0154,.0198,,.8263,.079,.1662,.1314,.2071,,135591,137,2024,156.9868721461187,6291.38904109589,2780.823858447488,939.1590182648401,4821.336301369863,,1000000,1.1546,-23.278679,-1138.1842,-845.7926,-120.17552,-1945.4454,,-1129.6494,-45642.977,-45412.563,-7356.689,-6967.2061,,-936.34979,-1016.6023,-4647.4746,-1427.0842,-2563.731,,-9451.7754,-147428.94,-549537.19,-130146.23,-30126.086,,-987863.44,-.0028239058,.0028239058,-987863.44,753.44,-350374,103841.21,333333.34,-333333.34,-333333.34,103841.21,-333333.34,-1333333.4,-1333333.4,-1333333.4,415364.84
137,.027,.031572893,.501,.50660002,18543000,.0029,.0057239057239057,.1384680829403616,.0125657908011109,.1062478322572598,.1820640563858199,.2674071300170521,,1.21985013143495,.1845115437190297,1.03909820752588,1.111250191897857,.8858374634478874,,.0638,.005,.0619,.0616,.0785,,.5826,.0957,.2436,.2244,.244,,.3823735370362963,.0031414477002777,.0337508898290177,.045516014096455,.1122792069195083,,2.344369772749034,.2058800181475846,1.143898899988451,1.369123173972115,1.133782338712903,,.016,.0013,.0155,.0154,.0198,,.8263,.079,.1662,.1314,.2071,,135591,137,2026,156.9868721461187,6291.38904109589,2780.823858447488,939.1590182648401,4821.336301369863,,1000000,1.1546,-23.278679,-1138.1842,-845.7926,-120.17552,-1945.4454,,-1129.6494,-45642.977,-45412.563,-7356.689,-6967.2061,,-936.34979,-1016.6023,-4647.4746,-1427.0842,-2563.731,,-9451.7754,-147428.94,-549537.19,-130146.23,-30126.086,,-987863.44,-.0028239058,.0028239058,-987863.44,753.44,-350374,103841.21,333333.34,-333333.34,-333333.34,103841.21,-333333.34,-1333333.4,-1333333.4,-1333333.4,415364.84
137,.027,.031572893,.501,.50660002,18543000,.0029,.0057239057239057,.1384680829403616,.0125657908011109,.1062478322572598,.1820640563858199,.2674071300170521,,1.21985013143495,.1845115437190297,1.03909820752588,1.111250191897857,.8858374634478874,,.0638,.005,.0619,.0616,.0785,,.5826,.0957,.2436,.2244,.244,,.3823735370362963,.0031414477002777,.0337508898290177,.045516014096455,.1122792069195083,,2.344369772749034,.2058800181475846,1.143898899988451,1.369123173972115,1.133782338712903,,.016,.0013,.0155,.0154,.0198,,.8263,.079,.1662,.1314,.2071,,135591,137,2025,156.9868721461187,6291.38904109589,2780.823858447488,939.1590182648401,4821.336301369863,,1000000,1.1546,-23.278679,-1138.1842,-845.7926,-120.17552,-1945.4454,,-1129.6494,-45642.977,-45412.563,-7356.689,-6967.2061,,-936.34979,-1016.6023,-4647.4746,-1427.0842,-2563.731,,-9451.7754,-147428.94,-549537.19,-130146.23,-30126.086,,-987863.44,-.0028239058,.0028239058,-987863.44,753.44,-350374,103841.21,333333.34,-333333.34,-333333.34,103841.21,-333333.34,-1333333.4,-1333333.4,-1333333.4,415364.84
137,.027,.031572893,.501,.50660002,18543000,.0029,.0057239057239057,.1384680829403616,.0125657908011109,.1062478322572598,.1820640563858199,.2674071300170521,,1.21985013143495,.1845115437190297,1.03909820752588,1.111250191897857,.8858374634478874,,.0638,.005,.0619,.0616,.0785,,.5826,.0957,.2436,.2244,.244,,.3823735370362963,.0031414477002777,.0337508898290177,.045516014096455,.1122792069195083,,2.344369772749034,.2058800181475846,1.143898899988451,1.369123173972115,1.133782338712903,,.016,.0013,.0155,.0154,.0198,,.8263,.079,.1662,.1314,.2071,,135591,137,2027,156.9868721461187,6291.38904109589,2780.823858447488,939.1590182648401,4821.336301369863,,1000000,1.1546,-23.278679,-1138.1842,-845.7926,-120.17552,-1945.4454,,-1129.6494,-45642.977,-45412.563,-7356.689,-6967.2061,,-936.34979,-1016.6023,-4647.4746,-1427.0842,-2563.731,,-9451.7754,-147428.94,-549537.19,-130146.23,-30126.086,,-987863.44,-.0028239058,.0028239058,-987863.44,753.44,-350374,103841.21,333333.34,-333333.34,-333333.34,103841.21,-333333.34,-1333333.4,-1333333.4,-1333333.4,415364.84
139,.039,,.82,,,.3338,.0030757400999615,0,0,.0099267871082697,0,.0031275239533148,,1.485223985614886,.2916780144500976,.9918230135151297,.2137400938253209,.8960202217890194,,.02,.3691,.1235,.1829,.166,,1.9391,1.0949,1.4587,1.3205,1.6698,,0,0,.0198535742165394,0,.0062550479066296,,3.140508951606599,.3095438229709711,1.297661569240053,.1871681514981968,.9590537726019374,,.0107,.3909,.0708,.0614,.1074,,1.6892,.5763,.8995,.8673,1.1577,,,139,2025,2.920319634703196,886.0915525114156,392.3473744292237,1062.379337899543,2581.148173515982,,1000000,1.1546,.11598996,7820.4961,305.60797,206.40143,897.97437,,14.967113,58139.621,3760.4216,10385.467,4496.7266,,.50870365,30394.109,1830.3915,3291.251,1501.1292,,-168.09259,43655.207,-31575.379,80898.727,3457.3047,,219312.97,.33072427,.25,,753.44,,,333333.34,,,,,,,,
139,.039,,.82,,,.3338,.0030757400999615,0,0,.0099267871082697,0,.0031275239533148,,1.485223985614886,.2916780144500976,.9918230135151297,.2137400938253209,.8960202217890194,,.02,.2575,.1235,.1662,.166,,1.6396,.8198,1.0529,.9861,1.3014,,0,0,.0198535742165394,0,.0062550479066296,,3.140508951606599,.3095438229709711,1.297661569240053,.1871681514981968,.9590537726019374,,.0107,.3265,.0708,.0614,.1074,,1.619,.5610000000000001,.7532,.7409,1.0863,,,139,2026,2.920319634703196,886.0915525114156,392.3473744292237,1062.379337899543,2581.148173515982,,1000000,1.1546,.11598996,5455.9136,305.60797,187.55559,897.97437,,5.0907369,38227.055,491.93948,7247.5684,2355.8149,,.50870365,25386.74,1830.3915,3291.251,1501.1292,,-176.22325,41151.328,-43177.398,65863.992,2214.6355,,153060.98,.33072427,.25,,753.44,,,333333.34,,,,,,,,
139,.039,,.82,,,.3338,.0030757400999615,0,0,.0099267871082697,0,.0031275239533148,,1.485223985614886,.2916780144500976,.9918230135151297,.2137400938253209,.8960202217890194,,.02,.4808,.1235,.1996,.166,,2.2386,1.3699,1.8645,1.6548,2.0383,,0,0,.0198535742165394,0,.0062550479066296,,3.140508951606599,.3095438229709711,1.297661569240053,.1871681514981968,.9590537726019374,,.0107,.4553,.0708,.0614,.1074,,1.7594,.5916,1.0458,.9937,1.2292,,,139,2024,2.920319634703196,886.0915525114156,392.3473744292237,1062.379337899543,2581.148173515982,,1000000,1.1546,.11598996,10187.197,305.60797,225.24727,897.97437,,24.843489,78044.945,7028.9038,13522.427,6638.2192,,.50870365,35401.48,1830.3915,3291.251,1501.1292,,-159.96193,46159.082,-19973.361,95933.461,4701.7144,,285561.16,.33072427,.25,,753.44,,,333333.34,,,,,,,,
139,.039,,.82,,,.3338,.0030757400999615,0,0,.0099267871082697,0,.0031275239533148,,1.485223985614886,.2916780144500976,.9918230135151297,.2137400938253209,.8960202217890194,,.02,.1459,.1235,.1495,.166,,1.3401,.5447,.6472,.6518,.9329,,0,0,.0198535742165394,0,.0062550479066296,,3.140508951606599,.3095438229709711,1.297661569240053,.1871681514981968,.9590537726019374,,.0107,.2621,.0708,.0614,.1074,,1.5487,.5457,.6069,.6143999999999999,1.0148,,,139,2027,2.920319634703196,886.0915525114156,392.3473744292237,1062.379337899543,2581.148173515982,,1000000,1.1546,.11598996,3091.3313,305.60797,168.70976,897.97437,,-4.7856398,18314.492,-2775.7373,4110.6084,214.32233,,.50870365,20379.371,1830.3915,3291.251,1501.1292,,-184.36549,38647.453,-54779.418,50817.371,970.22583,,86796.555,.33072427,.25,,753.44,,,333333.34,,,,,,,,
141,.029,.02549758,.676,.63010001,22221000,0,0,0,.0013200976754566,.0473703846769513,.0207026524284184,.1032116987904522,,0,.2138749423418434,.1980877981833979,.1693683986794386,.1172191685577497,,.2316,.0242,.0717,.0627,.1178,,.25,.1034,.0721,.0618,.0806,,0,.0003300244188642,.0511810647390205,.057598256994274,.1368394636389625,,0,.035988855145465,.0576516691396552,.0282280664465731,.0333117435654062,,.2633,.0083,.0515,.0422,.1389,,.375,.1711,.1226,.1234,.1481,,154799,141,2027,.9584474885844749,6012.596461187215,4933.517579908676,1363.125799086758,5049.181392694064,,1000000,1.1546,.44082567,3289.4849,823.20868,60.810307,157.33632,,2.7056944,-54260.508,-12759.936,-1295.1309,-416.28967,,4.1083727,4204.9824,144.08499,-1059.0598,59.82217,,14.254694,150036.25,64765.418,14524.921,3908.0745,,172204.98,0,0,172204.98,753.44,306370.06,-1019943.6,333333.34,172204.98,306370.06,-333333.34,145241.7,584012.13,691865.25,1225480.3,-1333333.4
141,.029,.02549758,.676,.63010001,22221000,0,0,0,.0013200976754566,.0473703846769513,.0207026524284184,.1032116987904522,,0,.2138749423418434,.1980877981833979,.1693683986794386,.1172191685577497,,.2454,.0242,.0724,.0627,.1696,,.25,.1034,.0721,.0618,.0806,,0,.0003300244188642,.0511810647390205,.057598256994274,.1368394636389625,,0,.035988855145465,.0576516691396552,.0282280664465731,.0333117435654062,,.6283,.0083,.0518,.0422,.1665,,.375,.1711,.1226,.1234,.1481,,154799,141,2024,.9584474885844749,6012.596461187215,4933.517579908676,1363.125799086758,5049.181392694064,,1000000,1.1546,.46709248,3289.4849,846.89362,60.810307,716.00464,,2.7056944,-54260.508,-12759.936,-1295.1309,-416.28967,,9.8036108,4204.9824,279.6156,-1059.0598,861.11444,,14.254694,150036.25,64765.418,14524.921,3908.0745,,173729.89,0,0,173729.89,753.44,306370.06,-1019943.6,333333.34,173729.89,306370.06,-333333.34,146766.61,584012.13,691865.25,1225480.3,-1333333.4
141,.029,.02549758,.676,.63010001,22221000,0,0,0,.0013200976754566,.0473703846769513,.0207026524284184,.1032116987904522,,0,.2138749423418434,.1980877981833979,.1693683986794386,.1172191685577497,,.2408,.0242,.0721,.0627,.1523,,.25,.1034,.0721,.0618,.0806,,0,.0003300244188642,.0511810647390205,.057598256994274,.1368394636389625,,0,.035988855145465,.0576516691396552,.0282280664465731,.0333117435654062,,.5066000000000001,.0083,.0517,.0422,.1573,,.375,.1711,.1226,.1234,.1481,,154799,141,2025,.9584474885844749,6012.596461187215,4933.517579908676,1363.125799086758,5049.181392694064,,1000000,1.1546,.45833689,3289.4849,836.74292,60.810307,529.42236,,2.7056944,-54260.508,-12759.936,-1295.1309,-416.28967,,7.9046779,4204.9824,234.43874,-1059.0598,594.01703,,14.254694,150036.25,64765.418,14524.921,3908.0745,,173218.97,0,0,173218.97,753.44,306370.06,-1019943.6,333333.34,173218.97,306370.06,-333333.34,146255.69,584012.13,691865.25,1225480.3,-1333333.4
141,.029,.02549758,.676,.63010001,22221000,0,0,0,.0013200976754566,.0473703846769513,.0207026524284184,.1032116987904522,,0,.2138749423418434,.1980877981833979,.1693683986794386,.1172191685577497,,.2362,.0242,.0719,.0627,.135,,.25,.1034,.0721,.0618,.0806,,0,.0003300244188642,.0511810647390205,.057598256994274,.1368394636389625,,0,.035988855145465,.0576516691396552,.0282280664465731,.0333117435654062,,.385,.0083,.0516,.0422,.1481,,.375,.1711,.1226,.1234,.1481,,154799,141,2026,.9584474885844749,6012.596461187215,4933.517579908676,1363.125799086758,5049.181392694064,,1000000,1.1546,.4495813,3289.4849,829.97577,60.810307,342.84009,,2.7056944,-54260.508,-12759.936,-1295.1309,-416.28967,,6.0073056,4204.9824,189.26186,-1059.0598,326.91959,,14.254694,150036.25,64765.418,14524.921,3908.0745,,172711.44,0,0,172711.44,753.44,306370.06,-1019943.6,333333.34,172711.44,306370.06,-333333.34,145748.16,584012.13,691865.25,1225480.3,-1333333.4
143,.0333,.031731814,.5567,.46959999,37285000,.0157,.026620117826751,0,0,.00027239469405,0,0,,.7660282833912658,.0667130844237154,.4614439263473203,.2217247391118308,.6794996031296845,,.06,.0034,.1108,.0726,.1042,,1.0685,.1576,.4641,.4534,.7465000000000001,,0,0,.00027239469405,0,0,,1.217819603543169,.1091301936014757,.663724568500068,.4325436317611864,1.222500003004117,,.0179,.0012,.0637,.0302,.0684,,1.0955,.135,.4117,.3603,.7111,,311517,143,2024,1002.782876712329,18332.61575342466,2278.539611872146,1067.677853881278,11684.88961187215,,1000000,1.1546,119.48631,1490.4418,1727.2108,82.337227,2600.7322,,3425.012,136108.05,124.23959,2184.8062,1762.6584,,292.22046,1930.4156,13234.1,1626.8975,4595.5938,,-4864.7583,87591.219,-116069.45,-8635.9229,-40293.012,,89032.25,-.010920118,.010920118,88060.008,753.44,276050.94,-3247523.8,333333.34,88060.008,276050.94,-333333.34,30777.602,123110.41,352240.03,1104203.8,-1333333.4
143,.0333,.031731814,.5567,.46959999,37285000,.0157,.026620117826751,0,0,.00027239469405,0,0,,.7660282833912658,.0667130844237154,.4614439263473203,.2217247391118308,.6794996031296845,,.06,.0034,.1108,.0726,.1042,,1.0685,.1576,.4641,.4534,.7465000000000001,,0,0,.00027239469405,0,0,,1.217819603543169,.1091301936014757,.663724568500068,.4325436317611864,1.222500003004117,,.0179,.0012,.0637,.0302,.0684,,1.0955,.135,.4117,.3603,.7111,,311517,143,2027,1002.782876712329,18332.61575342466,2278.539611872146,1067.677853881278,11684.88961187215,,1000000,1.1546,119.48631,1490.4418,1727.2108,82.337227,2600.7322,,3425.012,136108.05,124.23959,2184.8062,1762.6584,,292.22046,1930.4156,13234.1,1626.8975,4595.5938,,-4864.7583,87591.219,-116069.45,-8635.9229,-40293.012,,89032.25,-.010920118,.010920118,88060.008,753.44,276050.94,-3247523.8,333333.34,88060.008,276050.94,-333333.34,30777.602,123110.41,352240.03,1104203.8,-1333333.4
143,.0333,.031731814,.5567,.46959999,37285000,.0157,.026620117826751,0,0,.00027239469405,0,0,,.7660282833912658,.0667130844237154,.4614439263473203,.2217247391118308,.6794996031296845,,.06,.0034,.1108,.0726,.1042,,1.0685,.1576,.4641,.4534,.7465000000000001,,0,0,.00027239469405,0,0,,1.217819603543169,.1091301936014757,.663724568500068,.4325436317611864,1.222500003004117,,.0179,.0012,.0637,.0302,.0684,,1.0955,.135,.4117,.3603,.7111,,311517,143,2026,1002.782876712329,18332.61575342466,2278.539611872146,1067.677853881278,11684.88961187215,,1000000,1.1546,119.48631,1490.4418,1727.2108,82.337227,2600.7322,,3425.012,136108.05,124.23959,2184.8062,1762.6584,,292.22046,1930.4156,13234.1,1626.8975,4595.5938,,-4864.7583,87591.219,-116069.45,-8635.9229,-40293.012,,89032.25,-.010920118,.010920118,88060.008,753.44,276050.94,-3247523.8,333333.34,88060.008,276050.94,-333333.34,30777.602,123110.41,352240.03,1104203.8,-1333333.4
143,.0333,.031731814,.5567,.46959999,37285000,.0157,.026620117826751,0,0,.00027239469405,0,0,,.7660282833912658,.0667130844237154,.4614439263473203,.2217247391118308,.6794996031296845,,.06,.0034,.1108,.0726,.1042,,1.0685,.1576,.4641,.4534,.7465000000000001,,0,0,.00027239469405,0,0,,1.217819603543169,.1091301936014757,.663724568500068,.4325436317611864,1.222500003004117,,.0179,.0012,.0637,.0302,.0684,,1.0955,.135,.4117,.3603,.7111,,311517,143,2025,1002.782876712329,18332.61575342466,2278.539611872146,1067.677853881278,11684.88961187215,,1000000,1.1546,119.48631,1490.4418,1727.2108,82.337227,2600.7322,,3425.012,136108.05,124.23959,2184.8062,1762.6584,,292.22046,1930.4156,13234.1,1626.8975,4595.5938,,-4864.7583,87591.219,-116069.45,-8635.9229,-40293.012,,89032.25,-.010920118,.010920118,88060.008,753.44,276050.94,-3247523.8,333333.34,88060.008,276050.94,-333333.34,30777.602,123110.41,352240.03,1104203.8,-1333333.4
144,.0486,.054389872,.4349,.31200001,4658000,.036,0,.0633205305995019,0,0,.0001016346850142,.0115098533474734,,.5010680239016633,.1114281303729886,.4046478932544845,.0962274777840493,.7350309433589304,,.2344,.0361,.1536,.0156,.1189,,1.0842,.4133,1.1405,.2705,1.1433,,.2571993596212907,0,0,.0001270433562677,.0381299180821592,,.1409125517615255,.0285752941447844,.1324588951477327,.0332371332807817,.2227379886292973,,.2869,.088,.208,.0328,.1977,,.7171999999999999,.4222,.8159999999999999,.1739,.7603,,17062,144,2024,157.2271689497717,21.4453196347032,97.59908675799086,188.6962328767123,1376.852853881279,,1000000,1.1546,53.41774,18.511917,102.81464,3.1064796,315.83136,,1035.2968,528.82648,1474.3467,290.4592,1265.6108,,76.022842,165.60001,1858.9539,311.07468,1263.2808,,3593.5613,1559.0421,13484.314,2971.7458,4990.689,,35362.508,.035999998,.035999998,35362.508,753.44,-55822.441,-572468.19,333333.34,35362.508,-55822.441,-333333.34,-333333.34,-1333333.4,137402.69,-223289.77,-1333333.4
144,.0486,.054389872,.4349,.31200001,4658000,.036,0,.0633205305995019,0,0,.0001016346850142,.0115098533474734,,.5010680239016633,.1114281303729886,.4046478932544845,.0962274777840493,.7350309433589304,,.2344,.0361,.1536,.0156,.1189,,1.0842,.4133,.7827,.2705,1.0883,,.2571993596212907,0,0,.0001270433562677,.0381299180821592,,.1409125517615255,.0285752941447844,.1324588951477327,.0332371332807817,.2227379886292973,,.2869,.088,.208,.0328,.1977,,.7171999999999999,.4222,.7584,.1739,.7603,,17062,144,2027,157.2271689497717,21.4453196347032,97.59908675799086,188.6962328767123,1376.852853881279,,1000000,1.1546,53.41774,18.511917,102.81464,3.1064796,315.83136,,1035.2968,528.82648,757.46179,290.4592,1095.1139,,76.022842,165.60001,1858.9539,311.07468,1263.2808,,3593.5613,1559.0421,12348.031,2971.7458,4990.689,,33338.84,.035999998,.035999998,33338.84,753.44,-55822.441,-572468.19,333333.34,33338.84,-55822.441,-333333.34,-333333.34,-1333333.4,137402.69,-223289.77,-1333333.4
144,.0486,.054389872,.4349,.31200001,4658000,.036,0,.0633205305995019,0,0,.0001016346850142,.0115098533474734,,.5010680239016633,.1114281303729886,.4046478932544845,.0962274777840493,.7350309433589304,,.2344,.0361,.1536,.0156,.1189,,1.0842,.4133,1.0212,.2705,1.125,,.2571993596212907,0,0,.0001270433562677,.0381299180821592,,.1409125517615255,.0285752941447844,.1324588951477327,.0332371332807817,.2227379886292973,,.2869,.088,.208,.0328,.1977,,.7171999999999999,.4222,.7968,.1739,.7603,,17062,144,2025,157.2271689497717,21.4453196347032,97.59908675799086,188.6962328767123,1376.852853881279,,1000000,1.1546,53.41774,18.511917,102.81464,3.1064796,315.83136,,1035.2968,528.82648,1235.3182,290.4592,1208.8818,,76.022842,165.60001,1858.9539,311.07468,1263.2808,,3593.5613,1559.0421,13105.554,2971.7458,4990.689,,34687.988,.035999998,.035999998,34687.988,753.44,-55822.441,-572468.19,333333.34,34687.988,-55822.441,-333333.34,-333333.34,-1333333.4,137402.69,-223289.77,-1333333.4
144,.0486,.054389872,.4349,.31200001,4658000,.036,0,.0633205305995019,0,0,.0001016346850142,.0115098533474734,,.5010680239016633,.1114281303729886,.4046478932544845,.0962274777840493,.7350309433589304,,.2344,.0361,.1536,.0156,.1189,,1.0842,.4133,.902,.2705,1.1066,,.2571993596212907,0,0,.0001270433562677,.0381299180821592,,.1409125517615255,.0285752941447844,.1324588951477327,.0332371332807817,.2227379886292973,,.2869,.088,.208,.0328,.1977,,.7171999999999999,.4222,.7776,.1739,.7603,,17062,144,2026,157.2271689497717,21.4453196347032,97.59908675799086,188.6962328767123,1376.852853881279,,1000000,1.1546,53.41774,18.511917,102.81464,3.1064796,315.83136,,1035.2968,528.82648,996.49023,290.4592,1151.8429,,76.022842,165.60001,1858.9539,311.07468,1263.2808,,3593.5613,1559.0421,12726.792,2971.7458,4990.689,,34013.359,.035999998,.035999998,34013.359,753.44,-55822.441,-572468.19,333333.34,34013.359,-55822.441,-333333.34,-333333.34,-1333333.4,137402.69,-223289.77,-1333333.4
146,.0253,.019297788,.575,.51359999,29428000,.0166,.0011393847322446,0,.0000507597587266,.0160054695942255,.028131795983923,.1065083758077221,,1.26739040987498,.0539686080986995,.3571032458247894,.1554358746668059,.6491314044239387,,.1242,.0072,.0119,.0139,.042,,1.1727,.3078,.1688,.1327,.5467,,0,.0002243912377622,.0212481862769954,.0247565311979441,.183090639895538,,.6711170543862426,.0501134689598642,.35938613305978,.1266649388372393,.596691386085663,,.284,.0042,.0237,.0112,.0789,,1.4055,.2319,.1724,.1189,.5863,,233861,146,2026,18.03367579908676,11379.59646118722,4813.159132420092,2108.028424657534,7250.183333333333,,1000000,1.1546,4.4480109,1945.353,-135.5224,-31.868055,-999.00665,,-19.282381,235955.55,-18605.928,-423.33203,-1672.0463,,83.378342,3969.8643,1080.6305,-1441.9097,-4343.4878,,525.2489,382059.97,-181910.64,-1832.6666,-508.00369,,413700.78,.015460615,.015460615,413700.78,753.44,793193.38,-1806879.5,333333.34,333333.34,333333.34,-333333.34,333333.34,1333333.4,1333333.4,1333333.4,-1333333.4
146,.0253,.019297788,.575,.51359999,29428000,.0166,.0011393847322446,0,.0000507597587266,.0160054695942255,.028131795983923,.1065083758077221,,1.26739040987498,.0539686080986995,.3571032458247894,.1554358746668059,.6491314044239387,,.1242,.0072,.0119,.0139,.042,,1.2564,.3078,.1688,.1327,.5467,,0,.0002243912377622,.0212481862769954,.0247565311979441,.183090639895538,,.6711170543862426,.0501134689598642,.35938613305978,.1266649388372393,.596691386085663,,.284,.0042,.0237,.0112,.0789,,1.6257,.2319,.1724,.1189,.5863,,233861,146,2025,18.03367579908676,11379.59646118722,4813.159132420092,2108.028424657534,7250.183333333333,,1000000,1.1546,4.4480109,1945.353,-135.5224,-31.868055,-999.00665,,-2.2380438,235955.55,-18605.928,-423.33203,-1672.0463,,83.378342,3969.8643,1080.6305,-1441.9097,-4343.4878,,682.74139,382059.97,-181910.64,-1832.6666,-508.00369,,413875.34,.015460615,.015460615,413875.34,753.44,793193.38,-1806879.5,333333.34,333333.34,333333.34,-333333.34,333333.34,1333333.4,1333333.4,1333333.4,-1333333.4
146,.0253,.019297788,.575,.51359999,29428000,.0166,.0011393847322446,0,.0000507597587266,.0160054695942255,.028131795983923,.1065083758077221,,1.26739040987498,.0539686080986995,.3571032458247894,.1554358746668059,.6491314044239387,,.1242,.0072,.0119,.0139,.042,,1.3401,.3078,.1688,.1327,.5467,,0,.0002243912377622,.0212481862769954,.0247565311979441,.183090639895538,,.6711170543862426,.0501134689598642,.35938613305978,.1266649388372393,.596691386085663,,.284,.0042,.0237,.0112,.0789,,1.8458,.2319,.1724,.1189,.5863,,233861,146,2024,18.03367579908676,11379.59646118722,4813.159132420092,2108.028424657534,7250.183333333333,,1000000,1.1546,4.4480109,1945.353,-135.5224,-31.868055,-999.00665,,14.806294,235955.55,-18605.928,-423.33203,-1672.0463,,83.378342,3969.8643,1080.6305,-1441.9097,-4343.4878,,840.16235,382059.97,-181910.64,-1832.6666,-508.00369,,414049.78,.015460615,.015460615,414049.78,753.44,793193.38,-1806879.5,333333.34,333333.34,333333.34,-333333.34,333333.34,1333333.4,1333333.4,1333333.4,-1333333.4
146,.0253,.019297788,.575,.51359999,29428000,.0166,.0011393847322446,0,.0000507597587266,.0160054695942255,.028131795983923,.1065083758077221,,1.26739040987498,.0539686080986995,.3571032458247894,.1554358746668059,.6491314044239387,,.1242,.0072,.0119,.0139,.042,,1.089,.3078,.1688,.1327,.5467,,0,.0002243912377622,.0212481862769954,.0247565311979441,.183090639895538,,.6711170543862426,.0501134689598642,.35938613305978,.1266649388372393,.596691386085663,,.284,.0042,.0237,.0112,.0789,,1.1853,.2319,.1724,.1189,.5863,,233861,146,2027,18.03367579908676,11379.59646118722,4813.159132420092,2108.028424657534,7250.183333333333,,1000000,1.1546,4.4480109,1945.353,-135.5224,-31.868055,-999.00665,,-36.326721,235955.55,-18605.928,-423.33203,-1672.0463,,83.378342,3969.8643,1080.6305,-1441.9097,-4343.4878,,367.75638,382059.97,-181910.64,-1832.6666,-508.00369,,413526.22,.015460615,.015460615,413526.22,753.44,793193.38,-1806879.5,333333.34,333333.34,333333.34,-333333.34,333333.34,1333333.4,1333333.4,1333333.4,-1333333.4
147,.041,.039663017,.5570000000000001,.4826,6440000,0,0,.0024263839811543,.0182562815511792,.0819852717237642,.1643024346521823,.4728972000818634,,0,.0033129223543661,.0385713240220772,.0018070128477628,.0421848280870223,,.2315,.0443,.0223,.0227,.065,,.5155,.137,.1636,.203,.2046,,.0002021986650962,.001975573652547,.0161067367056408,.0136918695543485,.1317724269668896,,0,.0012340960241445,.0312321925180848,.0006023376159209,.0643576745868286,,.1162,.0275,.0122,.0024,.078,,.5361,.1787,.1997,.2341,.2581,,59350,147,2026,4.845890410958904,1102.366552511415,2009.057534246575,150.5423515981735,3239.559817351598,,1000000,1.1546,2.2044928,686.50024,-822.38953,-22.643774,-2822.5396,,28.208025,12038.53,5156.6226,267.52509,1184.6193,,9.1511154,2469.0347,-718.73041,-85.770424,-1001.6282,,103.03332,36131.328,68411.289,3935.593,4232.0903,,129182.03,0,0,129182.03,753.44,44839.07,-479135.97,333333.34,129182.03,44839.07,-333333.34,-159312.25,-637249,516728.13,179356.28,-1333333.4
147,.041,.039663017,.5570000000000001,.4826,6440000,0,0,.0024263839811543,.0182562815511792,.0819852717237642,.1643024346521823,.4728972000818634,,0,.0033129223543661,.0385713240220772,.0018070128477628,.0421848280870223,,.2315,.0443,.0223,.0227,.065,,.5155,.137,.1636,.203,.2046,,.0002021986650962,.001975573652547,.0161067367056408,.0136918695543485,.1317724269668896,,0,.0012340960241445,.0312321925180848,.0006023376159209,.0643576745868286,,.1162,.0275,.0122,.0024,.078,,.5361,.1787,.1997,.2341,.2581,,59350,147,2027,4.845890410958904,1102.366552511415,2009.057534246575,150.5423515981735,3239.559817351598,,1000000,1.1546,2.2044928,686.50024,-822.38953,-22.643774,-2822.5396,,28.208025,12038.53,5156.6226,267.52509,1184.6193,,9.1511154,2469.0347,-718.73041,-85.770424,-1001.6282,,103.03332,36131.328,68411.289,3935.593,4232.0903,,129182.03,0,0,129182.03,753.44,44839.07,-479135.97,333333.34,129182.03,44839.07,-333333.34,-159312.25,-637249,516728.13,179356.28,-1333333.4
147,.041,.039663017,.5570000000000001,.4826,6440000,0,0,.0024263839811543,.0182562815511792,.0819852717237642,.1643024346521823,.4728972000818634,,0,.0033129223543661,.0385713240220772,.0018070128477628,.0421848280870223,,.2315,.0443,.0223,.0227,.065,,.5155,.137,.1636,.203,.2046,,.0002021986650962,.001975573652547,.0161067367056408,.0136918695543485,.1317724269668896,,0,.0012340960241445,.0312321925180848,.0006023376159209,.0643576745868286,,.1162,.0275,.0122,.0024,.078,,.5361,.1787,.1997,.2341,.2581,,59350,147,2024,4.845890410958904,1102.366552511415,2009.057534246575,150.5423515981735,3239.559817351598,,1000000,1.1546,2.2044928,686.50024,-822.38953,-22.643774,-2822.5396,,28.208025,12038.53,5156.6226,267.52509,1184.6193,,9.1511154,2469.0347,-718.73041,-85.770424,-1001.6282,,103.03332,36131.328,68411.289,3935.593,4232.0903,,129182.03,0,0,129182.03,753.44,44839.07,-479135.97,333333.34,129182.03,44839.07,-333333.34,-159312.25,-637249,516728.13,179356.28,-1333333.4
147,.041,.039663017,.5570000000000001,.4826,6440000,0,0,.0024263839811543,.0182562815511792,.0819852717237642,.1643024346521823,.4728972000818634,,0,.0033129223543661,.0385713240220772,.0018070128477628,.0421848280870223,,.2315,.0443,.0223,.0227,.065,,.5155,.137,.1636,.203,.2046,,.0002021986650962,.001975573652547,.0161067367056408,.0136918695543485,.1317724269668896,,0,.0012340960241445,.0312321925180848,.0006023376159209,.0643576745868286,,.1162,.0275,.0122,.0024,.078,,.5361,.1787,.1997,.2341,.2581,,59350,147,2025,4.845890410958904,1102.366552511415,2009.057534246575,150.5423515981735,3239.559817351598,,1000000,1.1546,2.2044928,686.50024,-822.38953,-22.643774,-2822.5396,,28.208025,12038.53,5156.6226,267.52509,1184.6193,,9.1511154,2469.0347,-718.73041,-85.770424,-1001.6282,,103.03332,36131.328,68411.289,3935.593,4232.0903,,129182.03,0,0,129182.03,753.44,44839.07,-479135.97,333333.34,129182.03,44839.07,-333333.34,-159312.25,-637249,516728.13,179356.28,-1333333.4
148,.0366,.027685063,.5447,.46970001,15678000,.0001,0,.059157897130211,.0164465553400597,.0282158617027316,.0214209718388932,.1232487005495016,,.0235100630193984,.0432961336544687,.1956996629017224,.2675112773984838,.3614270532359456,,.0771,.0217,.0419,.0641,.1196,,.3006,.2696,.2018,.2129,.2185,,.1315887103191897,.0420398680682344,.0492235891140302,.0260402884815459,.2575344372025353,,.0219427254847719,.0564135076472587,.1697036094720145,.5727746489840202,.4304647153395926,,.1592,.0408,.0542,.0627,.1423,,.3637,.2361,.1799,.2042,.2318,,223803,148,2027,30.12408675799087,2409.402397260274,10507.95821917808,581.5365296803653,11223.19760273973,,1000000,1.1546,1.0733645,302.66705,986.17456,26.363976,-87.469795,,94.255142,44540.934,1315.9382,-280.51257,-3611.5798,,13.541017,-262.138,4788.4404,1075.6699,-7436.3496,,408.30994,79959.07,21656.252,-23997.799,-15034.25,,104458.59,.000099999997,.000099999997,104458.59,753.44,1127441.8,-1175849.9,333333.34,104458.59,333333.34,-333333.34,104458.59,496904.69,496904.69,1333333.4,-1333333.4
148,.0366,.027685063,.5447,.46970001,15678000,.0001,0,.059157897130211,.0164465553400597,.0282158617027316,.0214209718388932,.1232487005495016,,.0235100630193984,.0432961336544687,.1956996629017224,.2675112773984838,.3614270532359456,,.0771,.0217,.0419,.0787,.123,,.3006,.2696,.2018,.2129,.2185,,.1315887103191897,.0420398680682344,.0492235891140302,.0260402884815459,.2575344372025353,,.0219427254847719,.0564135076472587,.1697036094720145,.5727746489840202,.4304647153395926,,.1592,.0408,.0757,.0636,.2283,,.3637,.2361,.1799,.2042,.2318,,223803,148,2025,30.12408675799087,2409.402397260274,10507.95821917808,581.5365296803653,11223.19760273973,,1000000,1.1546,1.0733645,302.66705,986.17456,35.382786,-5.9620643,,94.255142,44540.934,1315.9382,-280.51257,-3611.5798,,13.541017,-262.138,25476.336,1102.0778,-1886.5671,,408.30994,79959.07,21656.252,-23997.799,-15034.25,,130813.2,.000099999997,.000099999997,130813.2,753.44,1127441.8,-1175849.9,333333.34,130813.2,333333.34,-333333.34,130813.2,496904.69,496904.69,1333333.4,-1333333.4
148,.0366,.027685063,.5447,.46970001,15678000,.0001,0,.059157897130211,.0164465553400597,.0282158617027316,.0214209718388932,.1232487005495016,,.0235100630193984,.0432961336544687,.1956996629017224,.2675112773984838,.3614270532359456,,.0771,.0217,.0419,.0714,.1213,,.3006,.2696,.2018,.2129,.2185,,.1315887103191897,.0420398680682344,.0492235891140302,.0260402884815459,.2575344372025353,,.0219427254847719,.0564135076472587,.1697036094720145,.5727746489840202,.4304647153395926,,.1592,.0408,.0649,.0631,.1853,,.3637,.2361,.1799,.2042,.2318,,223803,148,2026,30.12408675799087,2409.402397260274,10507.95821917808,581.5365296803653,11223.19760273973,,1000000,1.1546,1.0733645,302.66705,986.17456,30.873381,-46.715931,,94.255142,44540.934,1315.9382,-280.51257,-3611.5798,,13.541017,-262.138,15084.276,1087.4067,-4661.4585,,408.30994,79959.07,21656.252,-23997.799,-15034.25,,117586.33,.000099999997,.000099999997,117586.33,753.44,1127441.8,-1175849.9,333333.34,117586.33,333333.34,-333333.34,117586.33,496904.69,496904.69,1333333.4,-1333333.4
148,.0366,.027685063,.5447,.46970001,15678000,.0001,0,.059157897130211,.0164465553400597,.0282158617027316,.0214209718388932,.1232487005495016,,.0235100630193984,.0432961336544687,.1956996629017224,.2675112773984838,.3614270532359456,,.0771,.0217,.0419,.086,.1247,,.3006,.2696,.2018,.2129,.2185,,.1315887103191897,.0420398680682344,.0492235891140302,.0260402884815459,.2575344372025353,,.0219427254847719,.0564135076472587,.1697036094720145,.5727746489840202,.4304647153395926,,.1592,.0408,.0865,.0641,.2714,,.3637,.2361,.1799,.2042,.2318,,223803,148,2024,30.12408675799087,2409.402397260274,10507.95821917808,581.5365296803653,11223.19760273973,,1000000,1.1546,1.0733645,302.66705,986.17456,39.892193,34.791801,,94.255142,44540.934,1315.9382,-280.51257,-3611.5798,,13.541017,-262.138,35868.395,1116.7488,894.7774,,408.30994,79959.07,21656.252,-23997.799,-15034.25,,144046.55,.000099999997,.000099999997,144046.55,753.44,1127441.8,-1175849.9,333333.34,144046.55,333333.34,-333333.34,144046.55,496904.69,496904.69,1333333.4,-1333333.4
152,.0269,.031470239,.5909,.50230002,28045000,.0671,.0000828088771116,0,.0454829028766744,.0741409650138063,.0126769440910175,.1073414579894402,,.1841334345190009,.0147600130562255,.1307416403923852,.0997849135015488,.3795333396863141,,.3071,.0295,.0913,.1171,.1144,,1.2327,.4478,.5037,.5054999999999999,.7782,,0,.2234964355607958,.2733175920265116,.0463384582957608,.4087146116405108,,.0122755623012667,.0018210539439585,.0352309468540157,.0176148088452075,.1967253861507603,,.39,.1256,.0351,.0449,.1244,,1.5256,.4578,.41,.3694,.7543,,251857,152,2026,13.98938356164384,14022.94703196347,3443.325,1411.399885844749,8707.667465753424,,1000000,1.1546,8.5317554,-5359.2822,405.21814,156.55461,131.28651,,165.63992,496049.81,26363.416,5057.8301,7815.8809,,88.820633,-120462.35,-75112.352,-102.43783,-14235.146,,839.6319,1180937.9,260831.61,55589.988,32737.781,,1851908.3,.06701719,.06701719,1851908.3,753.44,-650433.5,-2484786.3,333333.34,333333.34,-333333.34,-333333.34,-333333.34,-1333333.4,1333333.4,-1333333.4,-1333333.4
152,.0269,.031470239,.5909,.50230002,28045000,.0671,.0000828088771116,0,.0454829028766744,.0741409650138063,.0126769440910175,.1073414579894402,,.1841334345190009,.0147600130562255,.1307416403923852,.0997849135015488,.3795333396863141,,.2501,.0295,.0887,.0878,.1144,,1.1212,.3479,.4412,.4365,.6959,,0,.2234964355607958,.2733175920265116,.0463384582957608,.4087146116405108,,.0122755623012667,.0018210539439585,.0352309468540157,.0176148088452075,.1967253861507603,,.3234,.1138,.0351,.0449,.1244,,1.2319,.3391,.3767,.3516,.6882,,251857,152,2027,13.98938356164384,14022.94703196347,3443.325,1411.399885844749,8707.667465753424,,1000000,1.1546,6.9481993,-5359.2822,343.81799,112.62705,131.28651,,148.02649,381613.78,21945.461,4197.6445,6202.3848,,73.652802,-134982.34,-75112.352,-102.43783,-14235.146,,676.67944,873517.25,237655.48,52777.188,28856.744,,1378467.5,.06701719,.06701719,1378467.5,753.44,-650433.5,-2484786.3,333333.34,333333.34,-333333.34,-333333.34,-333333.34,-1333333.4,1333333.4,-1333333.4,-1333333.4
152,.0269,.031470239,.5909,.50230002,28045000,.0671,.0000828088771116,0,.0454829028766744,.0741409650138063,.0126769440910175,.1073414579894402,,.1841334345190009,.0147600130562255,.1307416403923852,.0997849135015488,.3795333396863141,,.4211,.0295,.0964,.1759,.1144,,1.4556,.6478,.6287,.6437,.9427,,0,.2234964355607958,.2733175920265116,.0463384582957608,.4087146116405108,,.0122755623012667,.0018210539439585,.0352309468540157,.0176148088452075,.1967253861507603,,.5231,.1492,.0351,.0449,.1244,,2.1129,.6954,.4767,.405,.8865,,251857,152,2024,13.98938356164384,14022.94703196347,3443.325,1411.399885844749,8707.667465753424,,1000000,1.1546,11.698868,-5359.2822,525.65686,244.70958,131.28651,,200.85097,725151,35199.328,6780.6943,11040.912,,119.13352,-91422.359,-75112.352,-102.43783,-14235.146,,1165.4812,1796297,307253.44,61215.59,40499.852,,2799605,.06701719,.06701719,2799605,753.44,-650433.5,-2484786.3,333333.34,333333.34,-333333.34,-333333.34,-333333.34,-1333333.4,1333333.4,-1333333.4,-1333333.4
152,.0269,.031470239,.5909,.50230002,28045000,.0671,.0000828088771116,0,.0454829028766744,.0741409650138063,.0126769440910175,.1073414579894402,,.1841334345190009,.0147600130562255,.1307416403923852,.0997849135015488,.3795333396863141,,.3641,.0295,.0939,.1465,.1144,,1.3441,.5478,.5662,.5746,.8604000000000001,,0,.2234964355607958,.2733175920265116,.0463384582957608,.4087146116405108,,.0122755623012667,.0018210539439585,.0352309468540157,.0176148088452075,.1967253861507603,,.4565,.1374,.0351,.0449,.1244,,1.8192,.5766,.4433,.3872,.8204,,251857,152,2025,13.98938356164384,14022.94703196347,3443.325,1411.399885844749,8707.667465753424,,1000000,1.1546,10.115312,-5359.2822,466.61829,200.6321,131.28651,,183.23755,610600.44,30781.371,5919.2622,9427.416,,103.96569,-105942.35,-75112.352,-102.43783,-14235.146,,1002.5288,1488617.5,284007.72,58402.789,36618.816,,2325722,.06701719,.06701719,2325722,753.44,-650433.5,-2484786.3,333333.34,333333.34,-333333.34,-333333.34,-333333.34,-1333333.4,1333333.4,-1333333.4,-1333333.4
156,.0559,.051936563,.5284,.31,7342000,0,0,.6875274537828804,.8232257689773814,.6644990870288313,.8308989933165425,.8076134823013199,,.5435949349024819,.3560247197778091,.4040539505871314,.2886202144686431,.4000478704750256,,.0081,.0003,.0007,0,.0077,,.1916,.1024,.137,.0573,.1065,,4.18245867717919,4.527540214986044,3.901094305463481,4.539018491542148,4.215955770139851,,.4951527489458862,.2866133303169864,.3217022025994801,.2261879871404553,.3211011655821742,,.0248,.0009,.002,0,.0237,,.0527,.0141,.0509,.0255,.0675,,46345,156,2027,51.19646118721461,74.68184931506849,471.1397260273973,420.7382420091324,3924.688698630137,,1000000,1.1546,-69.078522,-1469.5602,-2144.8867,-371.34674,-6705.8145,,-203.49173,-1547.2648,-2582.9265,-859.64386,-2593.8826,,-3465.2888,-29664.443,-168218.2,-96357.813,-94604.953,,-898.3905,-3758.7703,-25788.162,-9453.7109,-6711.2104,,-457468.81,0,0,-457468.81,753.44,103796.99,-1603492.8,333333.34,-333333.34,103796.99,-333333.34,-333333.34,-1333333.4,-1333333.4,415187.97,-1333333.4
156,.0559,.051936563,.5284,.31,7342000,0,0,.6875274537828804,.8232257689773814,.6644990870288313,.8308989933165425,.8076134823013199,,.5435949349024819,.3560247197778091,.4040539505871314,.2886202144686431,.4000478704750256,,.0081,.0003,.0007,0,.0077,,.1916,.1024,.137,.0573,.1065,,4.18245867717919,4.527540214986044,3.901094305463481,4.539018491542148,4.215955770139851,,.4951527489458862,.2866133303169864,.3217022025994801,.2261879871404553,.3211011655821742,,.0248,.0009,.002,0,.0237,,.0527,.0141,.0509,.0255,.0675,,46345,156,2026,51.19646118721461,74.68184931506849,471.1397260273973,420.7382420091324,3924.688698630137,,1000000,1.1546,-69.078522,-1469.5602,-2144.8867,-371.34674,-6705.8145,,-203.49173,-1547.2648,-2582.9265,-859.64386,-2593.8826,,-3465.2888,-29664.443,-168218.2,-96357.813,-94604.953,,-898.3905,-3758.7703,-25788.162,-9453.7109,-6711.2104,,-457468.81,0,0,-457468.81,753.44,103796.99,-1603492.8,333333.34,-333333.34,103796.99,-333333.34,-333333.34,-1333333.4,-1333333.4,415187.97,-1333333.4
156,.0559,.051936563,.5284,.31,7342000,0,0,.6875274537828804,.8232257689773814,.6644990870288313,.8308989933165425,.8076134823013199,,.5435949349024819,.3560247197778091,.4040539505871314,.2886202144686431,.4000478704750256,,.0081,.0003,.0007,0,.0077,,.1916,.1024,.137,.0573,.1065,,4.18245867717919,4.527540214986044,3.901094305463481,4.539018491542148,4.215955770139851,,.4951527489458862,.2866133303169864,.3217022025994801,.2261879871404553,.3211011655821742,,.0248,.0009,.002,0,.0237,,.0527,.0141,.0509,.0255,.0675,,46345,156,2024,51.19646118721461,74.68184931506849,471.1397260273973,420.7382420091324,3924.688698630137,,1000000,1.1546,-69.078522,-1469.5602,-2144.8867,-371.34674,-6705.8145,,-203.49173,-1547.2648,-2582.9265,-859.64386,-2593.8826,,-3465.2888,-29664.443,-168218.2,-96357.813,-94604.953,,-898.3905,-3758.7703,-25788.162,-9453.7109,-6711.2104,,-457468.81,0,0,-457468.81,753.44,103796.99,-1603492.8,333333.34,-333333.34,103796.99,-333333.34,-333333.34,-1333333.4,-1333333.4,415187.97,-1333333.4
156,.0559,.051936563,.5284,.31,7342000,0,0,.6875274537828804,.8232257689773814,.6644990870288313,.8308989933165425,.8076134823013199,,.5435949349024819,.3560247197778091,.4040539505871314,.2886202144686431,.4000478704750256,,.0081,.0003,.0007,0,.0077,,.1916,.1024,.137,.0573,.1065,,4.18245867717919,4.527540214986044,3.901094305463481,4.539018491542148,4.215955770139851,,.4951527489458862,.2866133303169864,.3217022025994801,.2261879871404553,.3211011655821742,,.0248,.0009,.002,0,.0237,,.0527,.0141,.0509,.0255,.0675,,46345,156,2025,51.19646118721461,74.68184931506849,471.1397260273973,420.7382420091324,3924.688698630137,,1000000,1.1546,-69.078522,-1469.5602,-2144.8867,-371.34674,-6705.8145,,-203.49173,-1547.2648,-2582.9265,-859.64386,-2593.8826,,-3465.2888,-29664.443,-168218.2,-96357.813,-94604.953,,-898.3905,-3758.7703,-25788.162,-9453.7109,-6711.2104,,-457468.81,0,0,-457468.81,753.44,103796.99,-1603492.8,333333.34,-333333.34,103796.99,-333333.34,-333333.34,-1333333.4,-1333333.4,415187.97,-1333333.4
157,.0322,.038562279,.555,.52389997,24550000,.0192,.0537572669202612,.3323543898730033,.0466382295719105,.0863226942567375,.1922335027357867,.357134133272524,,1.692478477523437,.0552504595384529,.3386779120910106,.4534968165137667,.8979161360978754,,.2951,.0244,.1033,.1096,.1864,,1.1815,.2012,.207,.3502,.6504,,.6412611358564789,.0859182181340023,.1041742947326525,.3053261744713365,.506759123333956,,2.314379409550006,.0561375768229835,.4239669350726899,.4898461717188688,1.281922281552163,,.4509,.0582,.102,.2055,.2951,,1.4132,.2763,.2712,.4582,.832,,214562,157,2024,647.5390410958904,7210.927853881279,4861.994406392694,2022.261757990868,8766.27705479452,,1000000,1.1546,-47.90749,-3834.4495,566.11053,-177.50595,-3196.9719,,-3736.2764,85970.984,-13142.885,-1845.089,-4885.2285,,-2006.7576,-17538.871,-968.03796,-10185.792,-10668.739,,-23143.846,293209,-150128.2,-7165.1865,-26594.822,,100479.54,-.034557268,.034557268,97007.242,753.44,-771392.63,-763505.69,333333.34,97007.242,-333333.34,-333333.34,-333333.34,-1333333.4,327198.66,-1333333.4,-1333333.4
157,.0322,.038562279,.555,.52389997,24550000,.0192,.0537572669202612,.3323543898730033,.0466382295719105,.0863226942567375,.1922335027357867,.357134133272524,,1.692478477523437,.0552504595384529,.3386779120910106,.4534968165137667,.8979161360978754,,.2605,.0244,.0983,.1017,.1723,,1.17,.2012,.207,.3502,.6504,,.6412611358564789,.0859182181340023,.1041742947326525,.3053261744713365,.506759123333956,,2.314379409550006,.0561375768229835,.4239669350726899,.4898461717188688,1.281922281552163,,.3572,.0582,.102,.1192,.2311,,1.3025,.2763,.2712,.4101,.7612,,214562,157,2027,647.5390410958904,7210.927853881279,4861.994406392694,2022.261757990868,8766.27705479452,,1000000,1.1546,-92.40155,-3834.4495,399.38486,-194.47603,-3460.9924,,-3820.3643,85970.984,-13142.885,-1845.089,-4885.2285,,-2994.5286,-17538.871,-968.03796,-18991.438,-13894.678,,-25986.813,293209,-150128.2,-18055.777,-30779.797,,68965.344,-.034557268,.034557268,66582.094,753.44,-771392.63,-763505.69,333333.34,66582.094,-333333.34,-333333.34,-333333.34,-1333333.4,327198.66,-1333333.4,-1333333.4
157,.0322,.038562279,.555,.52389997,24550000,.0192,.0537572669202612,.3323543898730033,.0466382295719105,.0863226942567375,.1922335027357867,.357134133272524,,1.692478477523437,.0552504595384529,.3386779120910106,.4534968165137667,.8979161360978754,,.272,.0244,.1,.1043,.177,,1.1738,.2012,.207,.3502,.6504,,.6412611358564789,.0859182181340023,.1041742947326525,.3053261744713365,.506759123333956,,2.314379409550006,.0561375768229835,.4239669350726899,.4898461717188688,1.281922281552163,,.3884,.0582,.102,.148,.2524,,1.3394,.2763,.2712,.4262,.7848000000000001,,214562,157,2026,647.5390410958904,7210.927853881279,4861.994406392694,2022.261757990868,8766.27705479452,,1000000,1.1546,-77.613068,-3834.4495,456.07159,-188.89095,-3372.9856,,-3792.5786,85970.984,-13142.885,-1845.089,-4885.2285,,-2665.623,-17538.871,-968.03796,-16052.82,-12821.045,,-25039.156,293209,-150128.2,-14410.485,-29384.807,,79487.289,-.034557268,.034557268,76740.422,753.44,-771392.63,-763505.69,333333.34,76740.422,-333333.34,-333333.34,-333333.34,-1333333.4,327198.66,-1333333.4,-1333333.4
157,.0322,.038562279,.555,.52389997,24550000,.0192,.0537572669202612,.3323543898730033,.0466382295719105,.0863226942567375,.1922335027357867,.357134133272524,,1.692478477523437,.0552504595384529,.3386779120910106,.4534968165137667,.8979161360978754,,.2835,.0244,.1016,.107,.1817,,1.1776,.2012,.207,.3502,.6504,,.6412611358564789,.0859182181340023,.1041742947326525,.3053261744713365,.506759123333956,,2.314379409550006,.0561375768229835,.4239669350726899,.4898461717188688,1.281922281552163,,.4196,.0582,.102,.1767,.2738,,1.3763,.2763,.2712,.4422,.8084,,214562,157,2025,647.5390410958904,7210.927853881279,4861.994406392694,2022.261757990868,8766.27705479452,,1000000,1.1546,-62.824574,-3834.4495,509.4238,-183.09105,-3284.9788,,-3764.7932,85970.984,-13142.885,-1845.089,-4885.2285,,-2336.7173,-17538.871,-968.03796,-13124.408,-11742.372,,-24091.502,293209,-150128.2,-10787.836,-27989.814,,89978.305,-.034557268,.034557268,86868.898,753.44,-771392.63,-763505.69,333333.34,86868.898,-333333.34,-333333.34,-333333.34,-1333333.4,327198.66,-1333333.4,-1333333.4
158,.0433,.037108302,.4617,.41580001,4933000,0,0,0,.003659762108117,0,0,.0124185967409427,,2,1.901151162426246,1.968525511980939,1.968885563729506,1.877947725105349,,.0086,.0393,.0508,.0376,.0601,,.0097,.0893,.1684,.1888,.1344,,0,.0006099603513528,0,0,.0020697661234905,,.7166666666666668,.7304640628632174,.74719286524234,.8636782737864229,.8909639324763927,,.0039,.0056,.008,.0054,.0148,,.0145,.1345,.2038,.1757,.16,,29104,158,2024,28.98127853881278,233.0977168949772,574.6046803652968,370.6196347031964,4590.515639269406,,1000000,1.1546,.49496672,198.65079,200.19392,14.80252,467.53464,,-651.33813,-34499.957,-21234.168,-5827.2319,-18020.277,,1.8400636,102.06743,420.93851,100.97996,336.01508,,-807.07904,-25656.715,-63110.492,-28547.764,-22625.689,,-219137.2,0,0,-219137.2,753.44,101829.21,-226424.67,333333.34,-219137.2,101829.21,-226424.67,-333333.34,-1333333.4,-876548.81,407316.84,-905698.69
158,.0433,.037108302,.4617,.41580001,4933000,0,0,0,.003659762108117,0,0,.0124185967409427,,2,1.901151162426246,1.968525511980939,1.968885563729506,1.877947725105349,,.0086,.0393,.0508,.0376,.0601,,.0097,.0893,.1684,.1888,.1344,,0,.0006099603513528,0,0,.0020697661234905,,.7166666666666668,.7304640628632174,.74719286524234,.8636782737864229,.8909639324763927,,.0039,.0056,.008,.0054,.0148,,.0145,.1345,.2038,.1757,.16,,29104,158,2027,28.98127853881278,233.0977168949772,574.6046803652968,370.6196347031964,4590.515639269406,,1000000,1.1546,.49496672,198.65079,200.19392,14.80252,467.53464,,-651.33813,-34499.957,-21234.168,-5827.2319,-18020.277,,1.8400636,102.06743,420.93851,100.97996,336.01508,,-807.07904,-25656.715,-63110.492,-28547.764,-22625.689,,-219137.2,0,0,-219137.2,753.44,101829.21,-226424.67,333333.34,-219137.2,101829.21,-226424.67,-333333.34,-1333333.4,-876548.81,407316.84,-905698.69
158,.0433,.037108302,.4617,.41580001,4933000,0,0,0,.003659762108117,0,0,.0124185967409427,,2,1.901151162426246,1.968525511980939,1.968885563729506,1.877947725105349,,.0086,.0393,.0508,.0376,.0601,,.0097,.0893,.1684,.1888,.1344,,0,.0006099603513528,0,0,.0020697661234905,,.7166666666666668,.7304640628632174,.74719286524234,.8636782737864229,.8909639324763927,,.0039,.0056,.008,.0054,.0148,,.0145,.1345,.2038,.1757,.16,,29104,158,2025,28.98127853881278,233.0977168949772,574.6046803652968,370.6196347031964,4590.515639269406,,1000000,1.1546,.49496672,198.65079,200.19392,14.80252,467.53464,,-651.33813,-34499.957,-21234.168,-5827.2319,-18020.277,,1.8400636,102.06743,420.93851,100.97996,336.01508,,-807.07904,-25656.715,-63110.492,-28547.764,-22625.689,,-219137.2,0,0,-219137.2,753.44,101829.21,-226424.67,333333.34,-219137.2,101829.21,-226424.67,-333333.34,-1333333.4,-876548.81,407316.84,-905698.69
158,.0433,.037108302,.4617,.41580001,4933000,0,0,0,.003659762108117,0,0,.0124185967409427,,2,1.901151162426246,1.968525511980939,1.968885563729506,1.877947725105349,,.0086,.0393,.0508,.0376,.0601,,.0097,.0893,.1684,.1888,.1344,,0,.0006099603513528,0,0,.0020697661234905,,.7166666666666668,.7304640628632174,.74719286524234,.8636782737864229,.8909639324763927,,.0039,.0056,.008,.0054,.0148,,.0145,.1345,.2038,.1757,.16,,29104,158,2026,28.98127853881278,233.0977168949772,574.6046803652968,370.6196347031964,4590.515639269406,,1000000,1.1546,.49496672,198.65079,200.19392,14.80252,467.53464,,-651.33813,-34499.957,-21234.168,-5827.2319,-18020.277,,1.8400636,102.06743,420.93851,100.97996,336.01508,,-807.07904,-25656.715,-63110.492,-28547.764,-22625.689,,-219137.2,0,0,-219137.2,753.44,101829.21,-226424.67,333333.34,-219137.2,101829.21,-226424.67,-333333.34,-1333333.4,-876548.81,407316.84,-905698.69
160,.0354,.027006403,.55,.4298,36018000,.0282,.020341564233656,.1868848744618073,.1224150546440303,.0294212126442493,.2480075161549951,.1241744686134863,,1.470505529339402,.216985818319447,.1759586495733461,.4244113813335673,.7382633341277279,,.2851,.0458,.0528,.0817,.1851,,1.274,.4333,.5099,.5103,.7981,,.3525216760641395,.1331613575804162,.038796232338347,.1151357571973905,.2975105620517275,,1.538465897295189,.2569221105780745,.506869136737584,.7812372132457237,1.157953645851067,,.5235,.0708,.1158,.1413,.2976,,1.6169,.4439,.4652,.4915,.9693000000000001,,391833,160,2025,1032.836187214612,8706.735502283105,19726.90605022831,1435.932876712329,12678.78869863014,,1000000,1.1546,201.45119,-15950.751,3162.9983,-253.66783,1649.9865,,-2291.7996,153850.3,135236.06,1089.3383,1708.0923,,2874.9028,-47644.859,139101.06,1895.6376,6.5201936,,3212.8813,300668.94,-166146.8,-46580.848,-16128.255,,449661.22,.0078584356,.0078584356,449661.22,753.44,1858485.1,-4329363.5,333333.34,333333.34,333333.34,-333333.34,333333.34,1000961.2,1000961.2,1333333.4,-1333333.4
160,.0354,.027006403,.55,.4298,36018000,.0282,.020341564233656,.1868848744618073,.1224150546440303,.0294212126442493,.2480075161549951,.1241744686134863,,1.470505529339402,.216985818319447,.1759586495733461,.4244113813335673,.7382633341277279,,.2593,.0458,.0528,.0817,.1702,,1.1646,.3869,.4821,.4792,.743,,.3525216760641395,.1331613575804162,.038796232338347,.1151357571973905,.2975105620517275,,1.538465897295189,.2569221105780745,.506869136737584,.7812372132457237,1.157953645851067,,.3535,.0708,.1158,.1172,.2278,,1.2948,.3801,.4224,.4037,.7532,,391833,160,2027,1032.836187214612,8706.735502283105,19726.90605022831,1435.932876712329,12678.78869863014,,1000000,1.1546,148.53224,-15950.751,3162.9983,-253.66783,1246.4644,,-3567.707,120848.98,123977.91,694.89227,135.21245,,16.449959,-47644.859,139101.06,149.5574,-5082.0303,,-9981.2402,198075.64,-336802.66,-60696.391,-34602.934,,72975.453,.0078584356,.0078584356,72975.453,753.44,1858485.1,-4329363.5,333333.34,72975.453,333333.34,-333333.34,72975.453,1000961.2,1000961.2,1333333.4,-1333333.4
160,.0354,.027006403,.55,.4298,36018000,.0282,.020341564233656,.1868848744618073,.1224150546440303,.0294212126442493,.2480075161549951,.1241744686134863,,1.470505529339402,.216985818319447,.1759586495733461,.4244113813335673,.7382633341277279,,.298,.0458,.0528,.0817,.1926,,1.3286,.4565,.5238,.5258,.8257,,.3525216760641395,.1331613575804162,.038796232338347,.1151357571973905,.2975105620517275,,1.538465897295189,.2569221105780745,.506869136737584,.7812372132457237,1.157953645851067,,.6084000000000001,.0708,.1158,.1533,.3325,,1.778,.4758,.4867,.5354,1.0773,,391833,160,2024,1032.836187214612,8706.735502283105,19726.90605022831,1435.932876712329,12678.78869863014,,1000000,1.1546,227.91066,-15950.751,3162.9983,-253.66783,1853.1016,,-1655.0121,170350.97,140865.13,1285.9271,2495.9595,,4302.4478,-47644.859,139101.06,2765.0552,2550.7954,,9811.9902,351965.59,-80420.133,-39523.074,-6895.189,,638396.31,.0078584356,.0078584356,638396.31,753.44,1858485.1,-4329363.5,333333.34,333333.34,333333.34,-333333.34,333333.34,1000961.2,1000961.2,1333333.4,-1333333.4
160,.0354,.027006403,.55,.4298,36018000,.0282,.020341564233656,.1868848744618073,.1224150546440303,.0294212126442493,.2480075161549951,.1241744686134863,,1.470505529339402,.216985818319447,.1759586495733461,.4244113813335673,.7382633341277279,,.2722,.0458,.0528,.0817,.1777,,1.2193,.4101,.496,.4947,.7706,,.3525216760641395,.1331613575804162,.038796232338347,.1151357571973905,.2975105620517275,,1.538465897295189,.2569221105780745,.506869136737584,.7812372132457237,1.157953645851067,,.4385,.0708,.1158,.1292,.2627,,1.4558,.412,.4438,.4476,.8613,,391833,160,2026,1032.836187214612,8706.735502283105,19726.90605022831,1435.932876712329,12678.78869863014,,1000000,1.1546,174.99171,-15950.751,3162.9983,-253.66783,1449.5795,,-2929.7534,137349.64,129606.98,891.48114,923.07965,,1445.6764,-47644.859,139101.06,1018.9749,-2537.7551,,-3386.2275,249372.28,-251474.73,-53638.617,-25361.32,,261319.06,.0078584356,.0078584356,261319.06,753.44,1858485.1,-4329363.5,333333.34,261319.06,333333.34,-333333.34,261319.06,1000961.2,1000961.2,1333333.4,-1333333.4
163,.0491,.04131477,.47,.37,7391000,.0029,0,.576900732082262,.0489314366813902,.1445947210944732,.1498698109967136,.2559306224017868,,.0752998121108535,.0088181922794345,.1333749377378529,.1555962350708362,.2856301873895937,,.2033,.0837,.0846,.1257,.1331,,.5965,.3924,.3717,.4014,.3063,,.5544341711644376,.033062452605831,.0833822108041245,.1646558081227071,.1649958395321802,,.0547735937598029,.0103317321357792,.1075125265854071,.0625665984551002,.1807302210226994,,.3064,.0705,.0705,.1782,.1567,,1.0187,.2497,.3015,.3406,.3591,,39429,163,2027,209.8536529680365,386.8869863013699,493.888698630137,313.7342465753425,2881.958789954338,,1000000,1.1546,-155.69844,321.64923,-203.21704,-8.0547962,-756.13214,,1235.0698,12122.722,2416.3628,681.15106,134.11905,,-847.38098,1270.974,-582.61145,214.4016,-137.47034,,8022.666,17103.842,19365.168,9766.25,3466.1987,,73430.008,.0029,.0029,73430.008,753.44,173459.14,-739099.94,333333.34,73430.008,173459.14,-333333.34,-86444.195,-345776.78,293720.03,693836.56,-1333333.4
163,.0491,.04131477,.47,.37,7391000,.0029,0,.576900732082262,.0489314366813902,.1445947210944732,.1498698109967136,.2559306224017868,,.0752998121108535,.0088181922794345,.1333749377378529,.1555962350708362,.2856301873895937,,.2033,.0837,.0846,.1257,.1331,,.5965,.3924,.3717,.4014,.3063,,.5544341711644376,.033062452605831,.0833822108041245,.1646558081227071,.1649958395321802,,.0547735937598029,.0103317321357792,.1075125265854071,.0625665984551002,.1807302210226994,,.3064,.0705,.0705,.1782,.1567,,1.0187,.2497,.3015,.3406,.3591,,39429,163,2025,209.8536529680365,386.8869863013699,493.888698630137,313.7342465753425,2881.958789954338,,1000000,1.1546,-155.69844,321.64923,-203.21704,-8.0547962,-756.13214,,1235.0698,12122.722,2416.3628,681.15106,134.11905,,-847.38098,1270.974,-582.61145,214.4016,-137.47034,,8022.666,17103.842,19365.168,9766.25,3466.1987,,73430.008,.0029,.0029,73430.008,753.44,173459.14,-739099.94,333333.34,73430.008,173459.14,-333333.34,-86444.195,-345776.78,293720.03,693836.56,-1333333.4
163,.0491,.04131477,.47,.37,7391000,.0029,0,.576900732082262,.0489314366813902,.1445947210944732,.1498698109967136,.2559306224017868,,.0752998121108535,.0088181922794345,.1333749377378529,.1555962350708362,.2856301873895937,,.2033,.0837,.0846,.1257,.1331,,.5965,.3924,.3717,.4014,.3063,,.5544341711644376,.033062452605831,.0833822108041245,.1646558081227071,.1649958395321802,,.0547735937598029,.0103317321357792,.1075125265854071,.0625665984551002,.1807302210226994,,.3064,.0705,.0705,.1782,.1567,,1.0187,.2497,.3015,.3406,.3591,,39429,163,2024,209.8536529680365,386.8869863013699,493.888698630137,313.7342465753425,2881.958789954338,,1000000,1.1546,-155.69844,321.64923,-203.21704,-8.0547962,-756.13214,,1235.0698,12122.722,2416.3628,681.15106,134.11905,,-847.38098,1270.974,-582.61145,214.4016,-137.47034,,8022.666,17103.842,19365.168,9766.25,3466.1987,,73430.008,.0029,.0029,73430.008,753.44,173459.14,-739099.94,333333.34,73430.008,173459.14,-333333.34,-86444.195,-345776.78,293720.03,693836.56,-1333333.4
163,.0491,.04131477,.47,.37,7391000,.0029,0,.576900732082262,.0489314366813902,.1445947210944732,.1498698109967136,.2559306224017868,,.0752998121108535,.0088181922794345,.1333749377378529,.1555962350708362,.2856301873895937,,.2033,.0837,.0846,.1257,.1331,,.5965,.3924,.3717,.4014,.3063,,.5544341711644376,.033062452605831,.0833822108041245,.1646558081227071,.1649958395321802,,.0547735937598029,.0103317321357792,.1075125265854071,.0625665984551002,.1807302210226994,,.3064,.0705,.0705,.1782,.1567,,1.0187,.2497,.3015,.3406,.3591,,39429,163,2026,209.8536529680365,386.8869863013699,493.888698630137,313.7342465753425,2881.958789954338,,1000000,1.1546,-155.69844,321.64923,-203.21704,-8.0547962,-756.13214,,1235.0698,12122.722,2416.3628,681.15106,134.11905,,-847.38098,1270.974,-582.61145,214.4016,-137.47034,,8022.666,17103.842,19365.168,9766.25,3466.1987,,73430.008,.0029,.0029,73430.008,753.44,173459.14,-739099.94,333333.34,73430.008,173459.14,-333333.34,-86444.195,-345776.78,293720.03,693836.56,-1333333.4
164,.0482,.042278949,.4345,.333,15968000,.0168,.0819897512810899,.9011310919611162,.3248100203320443,.5765364649358327,.5367759607664756,1.189968374156161,0,2.920112818800229,1.208710819259285,1.47653168045027,1.540219251040039,2.015402036697273,2,.3048,.0396,.0634,.0499,.2522,0,1.3652,.2831,.5412,.5724,.8297,0,.9309707490681121,.1661782999226568,.2574093574160802,.3091620619971216,.8125681449526664,0,4.880453078075357,.9297689643332609,2.004311492679063,2.165887166332346,3.691141591369135,.9166666666666665,.4047,.0612,.0667,.0664,.3335,0,1.133,.1657,.312,.3055,.5974,0,115211,164,2027,471.722602739726,1021.90399543379,2185.526712328767,688.8852739726027,8080.893264840182,142.0815068493151,1000000,1.1546,-558.6427,-6969.2578,-7691.4282,-356.27441,-16186.697,0,-8282.5322,-77267.438,-41964.793,-5888.8999,-21572.531,-7277.1387,-4041.5374,-9413.5791,-38166.965,-8438.0234,-22259.611,0,-70110.195,-144206.77,-747575.25,-143489.19,-168572.92,-14437.667,-1564727.3,-.065189749,.065189749,-1564727.3,753.44,385480.72,-1620751.9,333333.34,-333333.34,333333.34,-333333.34,-333333.34,-1333333.4,-1333333.4,1333333.4,-1333333.4
164,.0482,.042278949,.4345,.333,15968000,.0168,.0819897512810899,.9011310919611162,.3248100203320443,.5765364649358327,.5367759607664756,1.189968374156161,0,2.920112818800229,1.208710819259285,1.47653168045027,1.540219251040039,2.015402036697273,2,.3351,.0396,.0634,.0499,.2557,0,1.3652,.2831,.5412,.5724,.8297,0,.9309707490681121,.1661782999226568,.2574093574160802,.3091620619971216,.8125681449526664,0,4.880453078075357,.9297689643332609,2.004311492679063,2.165887166332346,3.691141591369135,.9166666666666665,.4047,.0612,.0667,.0664,.3335,0,1.133,.1657,.312,.3055,.5974,0,115211,164,2024,471.722602739726,1021.90399543379,2185.526712328767,688.8852739726027,8080.893264840182,142.0815068493151,1000000,1.1546,-530.25769,-6969.2578,-7691.4282,-356.27441,-16126.284,0,-8282.5322,-77267.438,-41964.793,-5888.8999,-21572.531,-7277.1387,-4041.5374,-9413.5791,-38166.965,-8438.0234,-22259.611,0,-70110.195,-144206.77,-747575.25,-143489.19,-168572.92,-14437.667,-1564638.5,-.065189749,.065189749,-1564638.5,753.44,385480.72,-1620751.9,333333.34,-333333.34,333333.34,-333333.34,-333333.34,-1333333.4,-1333333.4,1333333.4,-1333333.4
164,.0482,.042278949,.4345,.333,15968000,.0168,.0819897512810899,.9011310919611162,.3248100203320443,.5765364649358327,.5367759607664756,1.189968374156161,0,2.920112818800229,1.208710819259285,1.47653168045027,1.540219251040039,2.015402036697273,2,.3149,.0396,.0634,.0499,.2534,0,1.3652,.2831,.5412,.5724,.8297,0,.9309707490681121,.1661782999226568,.2574093574160802,.3091620619971216,.8125681449526664,0,4.880453078075357,.9297689643332609,2.004311492679063,2.165887166332346,3.691141591369135,.9166666666666665,.4047,.0612,.0667,.0664,.3335,0,1.133,.1657,.312,.3055,.5974,0,115211,164,2026,471.722602739726,1021.90399543379,2185.526712328767,688.8852739726027,8080.893264840182,142.0815068493151,1000000,1.1546,-549.18103,-6969.2578,-7691.4282,-356.27441,-16165.984,0,-8282.5322,-77267.438,-41964.793,-5888.8999,-21572.531,-7277.1387,-4041.5374,-9413.5791,-38166.965,-8438.0234,-22259.611,0,-70110.195,-144206.77,-747575.25,-143489.19,-168572.92,-14437.667,-1564697,-.065189749,.065189749,-1564697,753.44,385480.72,-1620751.9,333333.34,-333333.34,333333.34,-333333.34,-333333.34,-1333333.4,-1333333.4,1333333.4,-1333333.4
164,.0482,.042278949,.4345,.333,15968000,.0168,.0819897512810899,.9011310919611162,.3248100203320443,.5765364649358327,.5367759607664756,1.189968374156161,0,2.920112818800229,1.208710819259285,1.47653168045027,1.540219251040039,2.015402036697273,2,.325,.0396,.0634,.0499,.2546,0,1.3652,.2831,.5412,.5724,.8297,0,.9309707490681121,.1661782999226568,.2574093574160802,.3091620619971216,.8125681449526664,0,4.880453078075357,.9297689643332609,2.004311492679063,2.165887166332346,3.691141591369135,.9166666666666665,.4047,.0612,.0667,.0664,.3335,0,1.133,.1657,.312,.3055,.5974,0,115211,164,2025,471.722602739726,1021.90399543379,2185.526712328767,688.8852739726027,8080.893264840182,142.0815068493151,1000000,1.1546,-539.71936,-6969.2578,-7691.4282,-356.27441,-16145.271,0,-8282.5322,-77267.438,-41964.793,-5888.8999,-21572.531,-7277.1387,-4041.5374,-9413.5791,-38166.965,-8438.0234,-22259.611,0,-70110.195,-144206.77,-747575.25,-143489.19,-168572.92,-14437.667,-1564667,-.065189749,.065189749,-1564667,753.44,385480.72,-1620751.9,333333.34,-333333.34,333333.34,-333333.34,-333333.34,-1333333.4,-1333333.4,1333333.4,-1333333.4
167,.0376,.037543841,.65,.417,16110000,0,0,,.5034821175151202,.2927449414512192,.4123912797398194,.1736399931926609,,,.1188919682078902,.1587916673907399,.2818905591857243,.3033599966379882,,.2368,.0632,.0765,.0456,.1279,,1.0591,.0337,.1576,.2423,.1779,,,.025174105875756,.014637247072561,.020619563986991,.055177967838466,,,.2360960798807654,.4990345498801757,.7976153642301105,.864099199451494,,.2803,.0035,.0037,.0018,.0133,,1.1419,.0315,.1845,.2358,.1691,,60729,167,2027,,890.4595890410959,1760.503652968036,172.4478310502283,3726.839726027397,,1000000,1.1546,,-9374.6904,-2610.9641,-67.188683,-364.11627,,,-6196.8486,-43.068058,-60.303478,-1052.7183,,,-1693.5599,-1763.2117,-163.74962,-897.4024,,,-33647.629,-111924.14,-10847.267,-17465.033,,-198171.89,0,0,-198171.89,753.44,1927.2041,-3753630,333333.34,-198171.89,1927.2041,-333333.34,-333333.34,-1333333.4,-791059.25,7708.8164,-1333333.4
167,.0376,.037543841,.65,.417,16110000,0,0,,.5034821175151202,.2927449414512192,.4123912797398194,.1736399931926609,,,.1188919682078902,.1587916673907399,.2818905591857243,.3033599966379882,,.2368,.0676,.09,.0456,.1298,,1.0591,.0337,.1576,.2423,.1779,,,.025174105875756,.014637247072561,.020619563986991,.055177967838466,,,.2360960798807654,.4990345498801757,.7976153642301105,.864099199451494,,.2803,.0035,.0037,.0018,.0133,,1.1419,.0315,.1845,.2358,.1691,,60729,167,2026,,890.4595890410959,1760.503652968036,172.4478310502283,3726.839726027397,,1000000,1.1546,,-9281.0029,-2447.9636,-67.188683,-348.99121,,,-6196.8486,-43.068058,-60.303478,-1052.7183,,,-1693.5599,-1763.2117,-163.74962,-897.4024,,,-33647.629,-111924.14,-10847.267,-17465.033,,-197900.08,0,0,-197900.08,753.44,1927.2041,-3753630,333333.34,-197900.08,1927.2041,-333333.34,-333333.34,-1333333.4,-791059.25,7708.8164,-1333333.4
167,.0376,.037543841,.65,.417,16110000,0,0,,.5034821175151202,.2927449414512192,.4123912797398194,.1736399931926609,,,.1188919682078902,.1587916673907399,.2818905591857243,.3033599966379882,,.2368,.0763,.1169,.0456,.1337,,1.0591,.0337,.1576,.2423,.1779,,,.025174105875756,.014637247072561,.020619563986991,.055177967838466,,,.2360960798807654,.4990345498801757,.7976153642301105,.864099199451494,,.2803,.0035,.0037,.0018,.0133,,1.1419,.0315,.1845,.2358,.1691,,60729,167,2024,,890.4595890410959,1760.503652968036,172.4478310502283,3726.839726027397,,1000000,1.1546,,-9095.7588,-2123.1702,-67.188683,-317.94501,,,-6196.8486,-43.068058,-60.303478,-1052.7183,,,-1693.5599,-1763.2117,-163.74962,-897.4024,,,-33647.629,-111924.14,-10847.267,-17465.033,,-197358.98,0,0,-197358.98,753.44,1927.2041,-3753630,333333.34,-197358.98,1927.2041,-333333.34,-333333.34,-1333333.4,-791059.25,7708.8164,-1333333.4
167,.0376,.037543841,.65,.417,16110000,0,0,,.5034821175151202,.2927449414512192,.4123912797398194,.1736399931926609,,,.1188919682078902,.1587916673907399,.2818905591857243,.3033599966379882,,.2368,.072,.1035,.0456,.1317,,1.0591,.0337,.1576,.2423,.1779,,,.025174105875756,.014637247072561,.020619563986991,.055177967838466,,,.2360960798807654,.4990345498801757,.7976153642301105,.864099199451494,,.2803,.0035,.0037,.0018,.0133,,1.1419,.0315,.1845,.2358,.1691,,60729,167,2025,,890.4595890410959,1760.503652968036,172.4478310502283,3726.839726027397,,1000000,1.1546,,-9187.3164,-2284.9631,-67.188683,-333.86612,,,-6196.8486,-43.068058,-60.303478,-1052.7183,,,-1693.5599,-1763.2117,-163.74962,-897.4024,,,-33647.629,-111924.14,-10847.267,-17465.033,,-197628.27,0,0,-197628.27,753.44,1927.2041,-3753630,333333.34,-197628.27,1927.2041,-333333.34,-333333.34,-1333333.4,-791059.25,7708.8164,-1333333.4
168,.0718,,.3736,,,.052,0,0,0,.0337055018476837,0,.0270772451771766,,1.421074210742108,.3654679081424188,.5415085808888248,.9876112488030192,.7595664066724477,,.1272,.0557,.0631,.1229,.1535,,1.5654,.204,.4447,.4634,1.0084,,0,0,.0503528928952021,0,.0221712897537716,,4.735498545461645,1.523688220151993,1.796303810075422,3.209736558609812,2.548002463192907,,.1715,.1595,.094,.1159,.2634,,5.455,.4888,1.0531,.6555,2.828,,,3065,2024,27.28561643835616,413.7683789954338,185.0706621004566,64.85114155251142,1160.062671232877,,1000000,1.1546,6.8925653,551.09204,37.309689,8.4662075,313.26364,,44.468056,-5457.5977,-367.80255,-300.27347,649.9151,,76.181335,5791.1274,739.69476,379.23993,1609.0568,,778.61676,-79084.922,-27801.229,-18545.891,2190.1814,,-118382.21,.052000001,.052000001,,753.44,,,333333.34,,,,,,,,
168,.0718,,.3736,,,.052,0,0,0,.0337055018476837,0,.0270772451771766,,1.421074210742108,.3654679081424188,.5415085808888248,.9876112488030192,.7595664066724477,,.1272,.0557,.0631,.1229,.1535,,1.5654,.204,.4447,.4634,1.0084,,0,0,.0503528928952021,0,.0221712897537716,,4.735498545461645,1.523688220151993,1.796303810075422,3.209736558609812,2.548002463192907,,.1715,.1595,.094,.1159,.2634,,3.7993,.4888,1.0531,.6555,2.828,,,3065,2027,27.28561643835616,413.7683789954338,185.0706621004566,64.85114155251142,1160.062671232877,,1000000,1.1546,6.8925653,551.09204,37.309689,8.4662075,313.26364,,44.468056,-5457.5977,-367.80255,-300.27347,649.9151,,76.181335,5791.1274,739.69476,379.23993,1609.0568,,-1013.118,-79084.922,-27801.229,-18545.891,2190.1814,,-120173.95,.052000001,.052000001,,753.44,,,333333.34,,,,,,,,
168,.0718,,.3736,,,.052,0,0,0,.0337055018476837,0,.0270772451771766,,1.421074210742108,.3654679081424188,.5415085808888248,.9876112488030192,.7595664066724477,,.1272,.0557,.0631,.1229,.1535,,1.5654,.204,.4447,.4634,1.0084,,0,0,.0503528928952021,0,.0221712897537716,,4.735498545461645,1.523688220151993,1.796303810075422,3.209736558609812,2.548002463192907,,.1715,.1595,.094,.1159,.2634,,4.9031,.4888,1.0531,.6555,2.828,,,3065,2025,27.28561643835616,413.7683789954338,185.0706621004566,64.85114155251142,1160.062671232877,,1000000,1.1546,6.8925653,551.09204,37.309689,8.4662075,313.26364,,44.468056,-5457.5977,-367.80255,-300.27347,649.9151,,76.181335,5791.1274,739.69476,379.23993,1609.0568,,181.37184,-79084.922,-27801.229,-18545.891,2190.1814,,-118979.45,.052000001,.052000001,,753.44,,,333333.34,,,,,,,,
168,.0718,,.3736,,,.052,0,0,0,.0337055018476837,0,.0270772451771766,,1.421074210742108,.3654679081424188,.5415085808888248,.9876112488030192,.7595664066724477,,.1272,.0557,.0631,.1229,.1535,,1.5654,.204,.4447,.4634,1.0084,,0,0,.0503528928952021,0,.0221712897537716,,4.735498545461645,1.523688220151993,1.796303810075422,3.209736558609812,2.548002463192907,,.1715,.1595,.094,.1159,.2634,,4.3512,.4888,1.0531,.6555,2.828,,,3065,2026,27.28561643835616,413.7683789954338,185.0706621004566,64.85114155251142,1160.062671232877,,1000000,1.1546,6.8925653,551.09204,37.309689,8.4662075,313.26364,,44.468056,-5457.5977,-367.80255,-300.27347,649.9151,,76.181335,5791.1274,739.69476,379.23993,1609.0568,,-415.87308,-79084.922,-27801.229,-18545.891,2190.1814,,-119576.7,.052000001,.052000001,,753.44,,,333333.34,,,,,,,,
169,.0368,.044545442,.495,.3646,42907000,.003,.0659908872165054,.4215601441661481,.0547185484183724,.2406869522149775,.1299878389338204,.2149890381224347,,2.498488166588039,2.47220010466203,1.395086421060667,1.272793587067329,1.31211098062327,,.2728,.119,.1194,.1297,.2001,,.9935,.38,.4975,.4708,.588,,1.378940046516942,.1238224563132115,.4553660049320115,.3191421918516367,.5821641999596235,,2.806342042638125,.9941894088001162,1.645519059642768,1.446096586116787,1.390493452638345,,.3814,.1693,.1489,.1677,.2758,,1.3033,.3809,.493,.4596,.7534,,315745,169,2026,2205.281506849315,5901.797374429224,7902.492465753425,2103.426484018265,15911.099543379,,1000000,1.1546,-651.49432,9071.5527,-6573.4927,-.64312631,-506.02286,,-37477.234,-1008661.7,-145614.19,-14900.17,-25940.092,,-35813.359,23551.928,-221771.59,-16072.641,-28028.451,,-131459.95,-668486.63,-1840902.1,-232322.83,-68351.453,,-4450911,-.062990889,.062990889,-4450911,753.44,-1381950.9,-5595072.5,333333.34,-333333.34,-333333.34,-333333.34,-333333.34,-1333333.4,-1333333.4,-1333333.4,-1333333.4
169,.0368,.044545442,.495,.3646,42907000,.003,.0659908872165054,.4215601441661481,.0547185484183724,.2406869522149775,.1299878389338204,.2149890381224347,,2.498488166588039,2.47220010466203,1.395086421060667,1.272793587067329,1.31211098062327,,.2874,.1451,.1427,.1608,.2322,,.9935,.38,.5183,.4708,.588,,1.378940046516942,.1238224563132115,.4553660049320115,.3191421918516367,.5821641999596235,,2.806342042638125,.9941894088001162,1.645519059642768,1.446096586116787,1.390493452638345,,.4134,.1993,.1781,.2205,.3274,,1.3202,.3872,.5698,.5225,.7623,,315745,169,2025,2205.281506849315,5901.797374429224,7902.492465753425,2103.426484018265,15911.099543379,,1000000,1.1546,-587.55371,12754.848,-5310.6826,68.844444,584.93634,,-37477.234,-1008661.7,-142239.83,-14900.17,-25940.092,,-34664.504,39088.34,-200641.25,-10468.948,-23307.705,,-129981.84,-661619.63,-1718230.6,-217509.69,-67396.602,,-4246441.5,-.062990889,.062990889,-4246441.5,753.44,-1381950.9,-5595072.5,333333.34,-333333.34,-333333.34,-333333.34,-333333.34,-1333333.4,-1333333.4,-1333333.4,-1333333.4
169,.0368,.044545442,.495,.3646,42907000,.003,.0659908872165054,.4215601441661481,.0547185484183724,.2406869522149775,.1299878389338204,.2149890381224347,,2.498488166588039,2.47220010466203,1.395086421060667,1.272793587067329,1.31211098062327,,.3021,.1712,.166,.192,.2644,,.9935,.38,.5391,.4708,.588,,1.378940046516942,.1238224563132115,.4553660049320115,.3191421918516367,.5821641999596235,,2.806342042638125,.9941894088001162,1.645519059642768,1.446096586116787,1.390493452638345,,.4454,.2293,.2073,.2733,.3789,,1.3371,.3934,.6466,.5854,.7712,,315745,169,2024,2205.281506849315,5901.797374429224,7902.492465753425,2103.426484018265,15911.099543379,,1000000,1.1546,-523.17511,16438.143,-4047.8726,138.55545,1679.2942,,-37477.234,-1008661.7,-138865.47,-14900.17,-25940.092,,-33515.652,54624.75,-179510.91,-4865.2563,-18596.105,,-128503.72,-654861.56,-1595559,-202696.56,-66441.758,,-4042085.5,-.062990889,.062990889,-4042085.5,753.44,-1381950.9,-5595072.5,333333.34,-333333.34,-333333.34,-333333.34,-333333.34,-1333333.4,-1333333.4,-1333333.4,-1333333.4
169,.0368,.044545442,.495,.3646,42907000,.003,.0659908872165054,.4215601441661481,.0547185484183724,.2406869522149775,.1299878389338204,.2149890381224347,,2.498488166588039,2.47220010466203,1.395086421060667,1.272793587067329,1.31211098062327,,.2581,.093,.0961,.0985,.1679,,.9935,.38,.4766,.4708,.588,,1.378940046516942,.1238224563132115,.4553660049320115,.3191421918516367,.5821641999596235,,2.806342042638125,.9941894088001162,1.645519059642768,1.446096586116787,1.390493452638345,,.3495,.1393,.1197,.115,.2242,,1.2864,.3746,.4163,.3967,.7446,,315745,169,2027,2205.281506849315,5901.797374429224,7902.492465753425,2103.426484018265,15911.099543379,,1000000,1.1546,-715.87292,5402.3701,-7836.3027,-70.354126,-1600.3807,,-37477.234,-1008661.7,-149004.77,-14900.17,-25940.092,,-36958.621,8015.5161,-242901.92,-21665.719,-32749.199,,-132938.06,-675353.63,-1963413.9,-247135.95,-69295.57,,-4655201.5,-.062990889,.062990889,-4655201.5,753.44,-1381950.9,-5595072.5,333333.34,-333333.34,-333333.34,-333333.34,-333333.34,-1333333.4,-1333333.4,-1333333.4,-1333333.4
170,.0319,.022674182,.5863,.52740002,25493000,0,0,0,.0030023017885254,.0113619929542908,.0112433294040113,.0310708992347412,,.0167436659506224,.111021130478386,.2522473767757346,.2060223938516698,.1772592588961054,,.0244,.0598,.0899,.0563,.0863,,.6578000000000001,.0844,.3392,.3368,.3443,,0,.0004717241051215,.016587752001521,.0232148896880357,.0542846434661241,,.0111624439670816,.0638818186883217,.1632461096997741,.1512609871395776,.1388231690065422,,.0012,.0082,.0453,.008,.0306,,.5571,.0899,.3217,.302,.3732,,310794,170,2025,3.879337899543379,4472.747831050228,13110.24942922374,6883.22899543379,10105.54086757991,,1000000,1.1546,.18797818,6074.5879,7061.6929,329.43573,1192.1498,,28.081753,-9726.5518,23402.215,7950.9424,3800.5649,,.075786091,3033.208,34469.711,-5284.1362,-1376.2183,,83.996056,21492.865,419886.91,116168.09,15970.505,,644558.31,0,0,644558.31,753.44,1620270.1,-1501537.3,333333.34,333333.34,333333.34,-333333.34,333333.34,1333333.4,1333333.4,1333333.4,-1333333.4
170,.0319,.022674182,.5863,.52740002,25493000,0,0,0,.0030023017885254,.0113619929542908,.0112433294040113,.0310708992347412,,.0167436659506224,.111021130478386,.2522473767757346,.2060223938516698,.1772592588961054,,.0244,.0624,.0995,.0563,.0863,,.6578000000000001,.0844,.3392,.3368,.3443,,0,.0004717241051215,.016587752001521,.0232148896880357,.0542846434661241,,.0111624439670816,.0638818186883217,.1632461096997741,.1512609871395776,.1388231690065422,,.0012,.0082,.0453,.008,.0306,,.5571,.0899,.342,.3318,.3732,,310794,170,2024,3.879337899543379,4472.747831050228,13110.24942922374,6883.22899543379,10105.54086757991,,1000000,1.1546,.18797818,6352.6611,7924.8706,329.43573,1192.1498,,28.081753,-9726.5518,23402.215,7950.9424,3800.5649,,.075786091,3033.208,34469.711,-5284.1362,-1376.2183,,83.996056,21492.865,473679.88,139133.67,15970.505,,722458.13,0,0,722458.13,753.44,1620270.1,-1501537.3,333333.34,333333.34,333333.34,-333333.34,333333.34,1333333.4,1333333.4,1333333.4,-1333333.4
170,.0319,.022674182,.5863,.52740002,25493000,0,0,0,.0030023017885254,.0113619929542908,.0112433294040113,.0310708992347412,,.0167436659506224,.111021130478386,.2522473767757346,.2060223938516698,.1772592588961054,,.0244,.0571,.0804,.0563,.0863,,.6578000000000001,.0844,.3392,.3368,.3443,,0,.0004717241051215,.016587752001521,.0232148896880357,.0542846434661241,,.0111624439670816,.0638818186883217,.1632461096997741,.1512609871395776,.1388231690065422,,.0012,.0082,.0453,.008,.0306,,.5571,.0899,.3013,.2721,.3732,,310794,170,2026,3.879337899543379,4472.747831050228,13110.24942922374,6883.22899543379,10105.54086757991,,1000000,1.1546,.18797818,5785.8193,6207.5068,329.43573,1192.1498,,28.081753,-9726.5518,23402.215,7950.9424,3800.5649,,.075786091,3033.208,34469.711,-5284.1362,-1376.2183,,83.996056,21492.865,365828.97,93125.445,15970.505,,566314.75,0,0,566314.75,753.44,1620270.1,-1501537.3,333333.34,333333.34,333333.34,-333333.34,333333.34,1333333.4,1333333.4,1333333.4,-1333333.4
170,.0319,.022674182,.5863,.52740002,25493000,0,0,0,.0030023017885254,.0113619929542908,.0112433294040113,.0310708992347412,,.0167436659506224,.111021130478386,.2522473767757346,.2060223938516698,.1772592588961054,,.0244,.0545,.0709,.0563,.0863,,.6578000000000001,.0844,.3392,.3368,.3443,,0,.0004717241051215,.016587752001521,.0232148896880357,.0542846434661241,,.0111624439670816,.0638818186883217,.1632461096997741,.1512609871395776,.1388231690065422,,.0012,.0082,.0453,.008,.0306,,.5571,.0899,.2809,.2423,.3732,,310794,170,2027,3.879337899543379,4472.747831050228,13110.24942922374,6883.22899543379,10105.54086757991,,1000000,1.1546,.18797818,5507.7461,5353.3208,329.43573,1192.1498,,28.081753,-9726.5518,23402.215,7950.9424,3800.5649,,.075786091,3033.208,34469.711,-5284.1362,-1376.2183,,83.996056,21492.865,311771,70159.859,15970.505,,488158.94,0,0,488158.94,753.44,1620270.1,-1501537.3,333333.34,333333.34,333333.34,-333333.34,333333.34,1333333.4,1333333.4,1333333.4,-1333333.4
171,.0358,.030724023,.4591,.36899999,4841000,.0001,0,0,.0039833104392771,.0182305413353085,.0367455207767634,.0545461173942761,,.9753553854565337,.5403167701094782,.0282941651129021,.2866459742129123,.0938683813669257,,.4927,.0061,.0324,.1234,.099,,1.165,.0123,.0348,.0345,.0984,,0,.0014965201056429,.0100266530007175,.0765531682849237,.0658354313287643,,.6189486513577547,1.00810438349649,.0372539840653211,.3774171993803346,.1158799661209761,,.331,.0099,.0667,.1702,.1443,,2.2987,.0102,.0198,.0126,.2255,,53769,171,2025,16.70319634703196,1743.604908675799,985.9076484018265,460.1343607305936,2739.849885844749,,1000000,1.1546,16.343391,88.25045,95.809265,42.354061,260.15955,,35.769306,-75206.227,131.67477,-1024.7778,27.954151,,90.007408,1285.7378,5116.519,2174.1563,1236.1218,,1112.7635,-321351.22,-3478.158,-18794.42,2025.1682,,-406116.03,.000099999997,.000099999997,-406075.41,753.44,154227.42,-436174.16,333333.34,-333333.34,154227.42,-333333.34,-333333.34,-1333333.4,-1333333.4,616909.69,-1333333.4
171,.0358,.030724023,.4591,.36899999,4841000,.0001,0,0,.0039833104392771,.0182305413353085,.0367455207767634,.0545461173942761,,.9753553854565337,.5403167701094782,.0282941651129021,.2866459742129123,.0938683813669257,,.6172,.0061,.0324,.1454,.099,,1.2015,.0123,.0348,.0345,.0984,,0,.0014965201056429,.0100266530007175,.0765531682849237,.0658354313287643,,.6189486513577547,1.00810438349649,.0372539840653211,.3774171993803346,.1158799661209761,,.3449,.0099,.0667,.2116,.1443,,2.8531,.0102,.0198,.0126,.2255,,53769,171,2024,16.70319634703196,1743.604908675799,985.9076484018265,460.1343607305936,2739.849885844749,,1000000,1.1546,20.47319,88.25045,95.809265,53.106991,260.15955,,42.653656,-75206.227,131.67477,-1024.7778,27.954151,,93.787178,1285.7378,5116.519,3135.3213,1236.1218,,1480.0299,-321351.22,-3478.158,-18794.42,2025.1682,,-404762.03,.000099999997,.000099999997,-404721.56,753.44,154227.42,-436174.16,333333.34,-333333.34,154227.42,-333333.34,-333333.34,-1333333.4,-1333333.4,616909.69,-1333333.4
171,.0358,.030724023,.4591,.36899999,4841000,.0001,0,0,.0039833104392771,.0182305413353085,.0367455207767634,.0545461173942761,,.9753553854565337,.5403167701094782,.0282941651129021,.2866459742129123,.0938683813669257,,.2439,.0061,.0324,.0794,.099,,1.0921,.0123,.0348,.0345,.0984,,0,.0014965201056429,.0100266530007175,.0765531682849237,.0658354313287643,,.6189486513577547,1.00810438349649,.0372539840653211,.3774171993803346,.1158799661209761,,.3033,.0099,.0667,.0875,.1443,,1.1898,.0102,.0198,.0126,.2255,,53769,171,2027,16.70319634703196,1743.604908675799,985.9076484018265,460.1343607305936,2739.849885844749,,1000000,1.1546,8.0904264,88.25045,95.809265,20.848206,260.15955,,22.01947,-75206.227,131.67477,-1024.7778,27.954151,,82.475067,1285.7378,5116.519,254.14766,1236.1218,,378.16464,-321351.22,-3478.158,-18794.42,2025.1682,,-408821.66,.000099999997,.000099999997,-408780.78,753.44,154227.42,-436174.16,333333.34,-333333.34,154227.42,-333333.34,-333333.34,-1333333.4,-1333333.4,616909.69,-1333333.4
171,.0358,.030724023,.4591,.36899999,4841000,.0001,0,0,.0039833104392771,.0182305413353085,.0367455207767634,.0545461173942761,,.9753553854565337,.5403167701094782,.0282941651129021,.2866459742129123,.0938683813669257,,.3683,.0061,.0324,.1014,.099,,1.1286,.0123,.0348,.0345,.0984,,0,.0014965201056429,.0100266530007175,.0765531682849237,.0658354313287643,,.6189486513577547,1.00810438349649,.0372539840653211,.3774171993803346,.1158799661209761,,.3171,.0099,.0667,.1289,.1443,,1.7442,.0102,.0198,.0126,.2255,,53769,171,2026,16.70319634703196,1743.604908675799,985.9076484018265,460.1343607305936,2739.849885844749,,1000000,1.1546,12.216908,88.25045,95.809265,31.601135,260.15955,,28.903818,-75206.227,131.67477,-1024.7778,27.954151,,86.227638,1285.7378,5116.519,1215.3127,1236.1218,,745.43097,-321351.22,-3478.158,-18794.42,2025.1682,,-407467.72,.000099999997,.000099999997,-407426.97,753.44,154227.42,-436174.16,333333.34,-333333.34,154227.42,-333333.34,-333333.34,-1333333.4,-1333333.4,616909.69,-1333333.4
173,.0362,.029233193,.5477,.50999999,35388000,0,.0001010645465571,0,.0000694398114652,.0342821051740743,.015121061859091,.0207851792626941,,.7574569256508848,.1392211677977847,.109257664747641,.1108472531828208,.2203895259431362,,.1945,.0017,.0123,.0236,.0345,,.4612,.3015,.2485,.1868,.2302,,0,.0000705739950525,.0275201728207874,.0084780982488831,.026503301546067,,.2777342060719911,.0624193303389288,.0693657634916778,.0610423085456672,.0969665300880915,,.1232,.0046,.0195,.0203,.0901,,.5412,.1663,.1621,.1255,.1183,,468919,173,2025,19.44577625570776,5027.184703196347,17492.32888127854,3707.188127853881,25190.1147260274,,1000000,1.1546,7.5111237,196.0078,-2637.1506,33.38916,737.94427,,-65.052536,66641.492,50001.41,2487.0305,556.39899,,39.00198,1998.0813,-12846.679,2211.2864,9211.3994,,203.19257,96450.07,327873.44,26753.977,3623.5649,,573476.31,-.00010106455,.00010106455,573418.38,753.44,1846041.9,-1334127.9,333333.34,333333.34,333333.34,-333333.34,333333.34,1333333.4,1333333.4,1333333.4,-1333333.4
173,.0362,.029233193,.5477,.50999999,35388000,0,.0001010645465571,0,.0000694398114652,.0342821051740743,.015121061859091,.0207851792626941,,.7574569256508848,.1392211677977847,.109257664747641,.1108472531828208,.2203895259431362,,.1945,.0017,.0123,.0236,.0345,,.4612,.2885,.2485,.1868,.2302,,0,.0000705739950525,.0275201728207874,.0084780982488831,.026503301546067,,.2777342060719911,.0624193303389288,.0693657634916778,.0610423085456672,.0969665300880915,,.1232,.0046,.0195,.0203,.0901,,.5412,.1663,.1621,.1255,.1183,,468919,173,2026,19.44577625570776,5027.184703196347,17492.32888127854,3707.188127853881,25190.1147260274,,1000000,1.1546,7.5111237,196.0078,-2637.1506,33.38916,737.94427,,-65.052536,61302.906,50001.41,2487.0305,556.39899,,39.00198,1998.0813,-12846.679,2211.2864,9211.3994,,203.19257,96450.07,327873.44,26753.977,3623.5649,,568137.75,-.00010106455,.00010106455,568080.31,753.44,1846041.9,-1334127.9,333333.34,333333.34,333333.34,-333333.34,333333.34,1333333.4,1333333.4,1333333.4,-1333333.4
173,.0362,.029233193,.5477,.50999999,35388000,0,.0001010645465571,0,.0000694398114652,.0342821051740743,.015121061859091,.0207851792626941,,.7574569256508848,.1392211677977847,.109257664747641,.1108472531828208,.2203895259431362,,.1945,.0017,.0123,.0236,.0345,,.4612,.3144,.2485,.1868,.2302,,0,.0000705739950525,.0275201728207874,.0084780982488831,.026503301546067,,.2777342060719911,.0624193303389288,.0693657634916778,.0610423085456672,.0969665300880915,,.1232,.0046,.0195,.0203,.0901,,.5412,.1663,.1621,.1255,.1183,,468919,173,2024,19.44577625570776,5027.184703196347,17492.32888127854,3707.188127853881,25190.1147260274,,1000000,1.1546,7.5111237,196.0078,-2637.1506,33.38916,737.94427,,-65.052536,71939.016,50001.41,2487.0305,556.39899,,39.00198,1998.0813,-12846.679,2211.2864,9211.3994,,203.19257,96450.07,327873.44,26753.977,3623.5649,,578773.88,-.00010106455,.00010106455,578715.38,753.44,1846041.9,-1334127.9,333333.34,333333.34,333333.34,-333333.34,333333.34,1333333.4,1333333.4,1333333.4,-1333333.4
173,.0362,.029233193,.5477,.50999999,35388000,0,.0001010645465571,0,.0000694398114652,.0342821051740743,.015121061859091,.0207851792626941,,.7574569256508848,.1392211677977847,.109257664747641,.1108472531828208,.2203895259431362,,.1945,.0017,.0123,.0236,.0345,,.4612,.2756,.2485,.1868,.2302,,0,.0000705739950525,.0275201728207874,.0084780982488831,.026503301546067,,.2777342060719911,.0624193303389288,.0693657634916778,.0610423085456672,.0969665300880915,,.1232,.0046,.0195,.0203,.0901,,.5412,.1663,.1621,.1255,.1183,,468919,173,2027,19.44577625570776,5027.184703196347,17492.32888127854,3707.188127853881,25190.1147260274,,1000000,1.1546,7.5111237,196.0078,-2637.1506,33.38916,737.94427,,-65.052536,56005.391,50001.41,2487.0305,556.39899,,39.00198,1998.0813,-12846.679,2211.2864,9211.3994,,203.19257,96450.07,327873.44,26753.977,3623.5649,,562840.25,-.00010106455,.00010106455,562783.38,753.44,1846041.9,-1334127.9,333333.34,333333.34,333333.34,-333333.34,333333.34,1333333.4,1333333.4,1333333.4,-1333333.4
175,.0384,.031055311,.475,.46399999,30733000,0,.0046331079388931,.508723794884705,.0957646458064828,.1904971727066997,.6313160789056295,.4438879092521472,,1.976382430687192,1.436182108610071,.3707870531079218,.3948778988227712,.6278805194262655,,.1189,.0611,.0221,.0349,.0492,,.2146,.0877,.036,.0475,.0455,,1.335326479338086,.2251830214711137,.3696570995842812,1.219801638760141,1.093480611001285,,3.504341690105137,1.232035212017918,.3402126975850698,.4765389158198471,.8642862426053626,,.1065,.0234,.0564,.0678,.0336,,.2133,.0843,.0313,.0484,.0544,,168216,175,2025,428.9624429223744,2261.443378995434,7639.593721461187,753.6371004566211,7531.149200913242,,1000000,1.1546,-332.08374,-1874.4944,-8823.1377,-477.4534,-6349.1904,,-8533.79,-249108.7,-52505.191,-2312.3706,-9874.9355,,-8581.4463,-40041.977,-219144.56,-43805.473,-45896.449,,-55990.063,-479369.47,-477006.72,-36125.672,-41127.25,,-1787280.4,-.0046331082,.0046331082,-1787280.4,753.44,698153.06,-338063.41,333333.34,-333333.34,333333.34,-333333.34,-333333.34,-1333333.4,-1333333.4,1333333.4,-1333333.4
175,.0384,.031055311,.475,.46399999,30733000,0,.0046331079388931,.508723794884705,.0957646458064828,.1904971727066997,.6313160789056295,.4438879092521472,,1.976382430687192,1.436182108610071,.3707870531079218,.3948778988227712,.6278805194262655,,.1189,.0611,.0221,.0349,.0492,,.2146,.0877,.036,.0475,.0455,,1.335326479338086,.2251830214711137,.3696570995842812,1.219801638760141,1.093480611001285,,3.504341690105137,1.232035212017918,.3402126975850698,.4765389158198471,.8642862426053626,,.1065,.0234,.0564,.0678,.0336,,.2133,.0843,.0313,.0484,.0544,,168216,175,2024,428.9624429223744,2261.443378995434,7639.593721461187,753.6371004566211,7531.149200913242,,1000000,1.1546,-332.08374,-1874.4944,-8823.1377,-477.4534,-6349.1904,,-8533.79,-249108.7,-52505.191,-2312.3706,-9874.9355,,-8581.4463,-40041.977,-219144.56,-43805.473,-45896.449,,-55990.063,-479369.47,-477006.72,-36125.672,-41127.25,,-1787280.4,-.0046331082,.0046331082,-1787280.4,753.44,698153.06,-338063.41,333333.34,-333333.34,333333.34,-333333.34,-333333.34,-1333333.4,-1333333.4,1333333.4,-1333333.4
175,.0384,.031055311,.475,.46399999,30733000,0,.0046331079388931,.508723794884705,.0957646458064828,.1904971727066997,.6313160789056295,.4438879092521472,,1.976382430687192,1.436182108610071,.3707870531079218,.3948778988227712,.6278805194262655,,.1189,.0611,.0221,.0349,.0492,,.2146,.0877,.036,.0475,.0455,,1.335326479338086,.2251830214711137,.3696570995842812,1.219801638760141,1.093480611001285,,3.504341690105137,1.232035212017918,.3402126975850698,.4765389158198471,.8642862426053626,,.1065,.0234,.0564,.0678,.0336,,.2133,.0843,.0313,.0484,.0544,,168216,175,2027,428.9624429223744,2261.443378995434,7639.593721461187,753.6371004566211,7531.149200913242,,1000000,1.1546,-332.08374,-1874.4944,-8823.1377,-477.4534,-6349.1904,,-8533.79,-249108.7,-52505.191,-2312.3706,-9874.9355,,-8581.4463,-40041.977,-219144.56,-43805.473,-45896.449,,-55990.063,-479369.47,-477006.72,-36125.672,-41127.25,,-1787280.4,-.0046331082,.0046331082,-1787280.4,753.44,698153.06,-338063.41,333333.34,-333333.34,333333.34,-333333.34,-333333.34,-1333333.4,-1333333.4,1333333.4,-1333333.4
175,.0384,.031055311,.475,.46399999,30733000,0,.0046331079388931,.508723794884705,.0957646458064828,.1904971727066997,.6313160789056295,.4438879092521472,,1.976382430687192,1.436182108610071,.3707870531079218,.3948778988227712,.6278805194262655,,.1189,.0611,.0221,.0349,.0492,,.2146,.0877,.036,.0475,.0455,,1.335326479338086,.2251830214711137,.3696570995842812,1.219801638760141,1.093480611001285,,3.504341690105137,1.232035212017918,.3402126975850698,.4765389158198471,.8642862426053626,,.1065,.0234,.0564,.0678,.0336,,.2133,.0843,.0313,.0484,.0544,,168216,175,2026,428.9624429223744,2261.443378995434,7639.593721461187,753.6371004566211,7531.149200913242,,1000000,1.1546,-332.08374,-1874.4944,-8823.1377,-477.4534,-6349.1904,,-8533.79,-249108.7,-52505.191,-2312.3706,-9874.9355,,-8581.4463,-40041.977,-219144.56,-43805.473,-45896.449,,-55990.063,-479369.47,-477006.72,-36125.672,-41127.25,,-1787280.4,-.0046331082,.0046331082,-1787280.4,753.44,698153.06,-338063.41,333333.34,-333333.34,333333.34,-333333.34,-333333.34,-1333333.4,-1333333.4,1333333.4,-1333333.4
177,.0546,,.2735,,,.0504,.084,0,0,0,,0,,.4240653836316767,0,1.268016794696049,,1.094227594917473,,0,0,0,.3007,0,,.3319,.0426,.6977,1.2045,1.0331,,0,0,0,,0,,.6000784534610044,0,3.305025189170237,,2.721484703198105,,0,0,0,.2811,0,,1.5757,.3355,1.1978,1.2891,1.8385,,,177,2027,39.72340182648402,61.13013698630137,13.24075342465753,,207.3358447488584,,1000000,1.1546,0,0,0,,0,,-41.341354,212.72717,-155.02159,,-28.535,,0,0,0,,0,,1537.0433,3787.8333,-5639.52,,-1234.4457,,-1561.2596,-.033599999,.033599999,,753.44,,,333333.34,,,,,,,,
177,.0546,,.2735,,,.0504,.084,0,0,0,,0,,.4240653836316767,0,1.268016794696049,,1.094227594917473,,0,0,0,.3007,0,,.3319,.0426,.6977,1.2045,1.0331,,0,0,0,,0,,.6000784534610044,0,3.305025189170237,,2.721484703198105,,0,0,0,.2811,0,,1.5757,.3355,1.3472,1.2891,2.0926,,,177,2026,39.72340182648402,61.13013698630137,13.24075342465753,,207.3358447488584,,1000000,1.1546,0,0,0,,0,,-41.341354,212.72717,-155.02159,,-28.535,,0,0,0,,0,,1537.0433,3787.8333,-5239.6841,,-879.20435,,-806.18237,-.033599999,.033599999,,753.44,,,333333.34,,,,,,,,
177,.0546,,.2735,,,.0504,.084,0,0,0,,0,,.4240653836316767,0,1.268016794696049,,1.094227594917473,,0,0,0,.3007,0,,.3319,.0426,.6977,1.2045,1.0331,,0,0,0,,0,,.6000784534610044,0,3.305025189170237,,2.721484703198105,,0,0,0,.2811,0,,1.5757,.3355,1.4966,1.2891,2.3467,,,177,2025,39.72340182648402,61.13013698630137,13.24075342465753,,207.3358447488584,,1000000,1.1546,0,0,0,,0,,-41.341354,212.72717,-155.02159,,-28.535,,0,0,0,,0,,1537.0433,3787.8333,-4839.8481,,-523.96307,,-51.105164,-.033599999,.033599999,,753.44,,,333333.34,,,,,,,,
177,.0546,,.2735,,,.0504,.084,0,0,0,,0,,.4240653836316767,0,1.268016794696049,,1.094227594917473,,0,0,0,.3007,0,,.3319,.0426,.6977,1.2045,1.0331,,0,0,0,,0,,.6000784534610044,0,3.305025189170237,,2.721484703198105,,0,0,0,.2811,0,,1.5757,.3355,1.646,1.2891,2.6009,,,177,2024,39.72340182648402,61.13013698630137,13.24075342465753,,207.3358447488584,,1000000,1.1546,0,0,0,,0,,-41.341354,212.72717,-155.02159,,-28.535,,0,0,0,,0,,1537.0433,3787.8333,-4440.0122,,-168.58192,,704.11194,-.033599999,.033599999,,753.44,,,333333.34,,,,,,,,
178,.0333,.027797526,.5674,.52149999,26106000,.0013,0,0,.0582205881419194,.0412933609063017,.0244855534948929,.046245050651724,,.0520060405342478,.1250150922787259,.1938666866088701,.0807511795212329,.1673854145583555,,.0726,.0241,.0323,.0141,.0754,,.3797,.3657,.4879,.4714,.5556,,0,.1186008346215807,.0594543448857767,.0171704399548556,.0465600057149749,,.0546063425609602,.235966998336886,.1668125124627497,.0770289509449683,.1308734436775438,,.1486,.0479,.0411,.0215,.1157,,.4208,.5797,.4602,.4011,.5561,,569655,178,2024,52.46141552511416,6993.695319634703,29525.2002283105,7118.436529680365,20134.1600456621,,1000000,1.1546,7.5637407,-5706.041,-1821.0962,-78.529648,1253.8601,,194.12384,137503.44,178218.47,24562.023,17598.334,,126.91399,-43388.676,-49623.941,1555.0393,8004.3076,,761.91956,443987.66,1750866.1,258281.8,57729.566,,2780032.8,.0013,.0013,2780032.8,753.44,1771250,-1198265.6,333333.34,333333.34,333333.34,-333333.34,333333.34,1333333.4,1333333.4,1333333.4,-1333333.4
178,.0333,.027797526,.5674,.52149999,26106000,.0013,0,0,.0582205881419194,.0412933609063017,.0244855534948929,.046245050651724,,.0520060405342478,.1250150922787259,.1938666866088701,.0807511795212329,.1673854145583555,,.0726,.0241,.0323,.0141,.0754,,.3797,.3268,.4285,.4185,.5556,,0,.1186008346215807,.0594543448857767,.0171704399548556,.0465600057149749,,.0546063425609602,.235966998336886,.1668125124627497,.0770289509449683,.1308734436775438,,.1486,.0479,.0411,.0215,.1157,,.4208,.3909,.3729,.332,.5561,,569655,178,2026,52.46141552511416,6993.695319634703,29525.2002283105,7118.436529680365,20134.1600456621,,1000000,1.1546,7.5637407,-5706.041,-1821.0962,-78.529648,1253.8601,,194.12384,115279.85,142215.14,21235.938,17598.334,,126.91399,-43388.676,-49623.941,1555.0393,8004.3076,,761.91956,200121.44,1229880.6,203209.7,57729.566,,1898556.1,.0013,.0013,1898556.1,753.44,1771250,-1198265.6,333333.34,333333.34,333333.34,-333333.34,333333.34,1333333.4,1333333.4,1333333.4,-1333333.4
178,.0333,.027797526,.5674,.52149999,26106000,.0013,0,0,.0582205881419194,.0412933609063017,.0244855534948929,.046245050651724,,.0520060405342478,.1250150922787259,.1938666866088701,.0807511795212329,.1673854145583555,,.0726,.0241,.0323,.0141,.0754,,.3797,.3073,.3988,.3921,.5556,,0,.1186008346215807,.0594543448857767,.0171704399548556,.0465600057149749,,.0546063425609602,.235966998336886,.1668125124627497,.0770289509449683,.1308734436775438,,.1486,.0479,.0411,.0215,.1157,,.4208,.2965,.3292,.2974,.5561,,569655,178,2027,52.46141552511416,6993.695319634703,29525.2002283105,7118.436529680365,20134.1600456621,,1000000,1.1546,7.5637407,-5706.041,-1821.0962,-78.529648,1253.8601,,194.12384,104139.48,124213.48,19576.039,17598.334,,126.91399,-43388.676,-49623.941,1555.0393,8004.3076,,761.91956,78188.32,969089.5,175633.81,57729.566,,1457454.1,.0013,.0013,1457454.1,753.44,1771250,-1198265.6,333333.34,333333.34,333333.34,-333333.34,333333.34,1333333.4,1333333.4,1333333.4,-1333333.4
178,.0333,.027797526,.5674,.52149999,26106000,.0013,0,0,.0582205881419194,.0412933609063017,.0244855534948929,.046245050651724,,.0520060405342478,.1250150922787259,.1938666866088701,.0807511795212329,.1673854145583555,,.0726,.0241,.0323,.0141,.0754,,.3797,.3462,.4582,.4449,.5556,,0,.1186008346215807,.0594543448857767,.0171704399548556,.0465600057149749,,.0546063425609602,.235966998336886,.1668125124627497,.0770289509449683,.1308734436775438,,.1486,.0479,.0411,.0215,.1157,,.4208,.4853,.4166,.3665,.5561,,569655,178,2025,52.46141552511416,6993.695319634703,29525.2002283105,7118.436529680365,20134.1600456621,,1000000,1.1546,7.5637407,-5706.041,-1821.0962,-78.529648,1253.8601,,194.12384,126363.08,160216.81,22895.836,17598.334,,126.91399,-43388.676,-49623.941,1555.0393,8004.3076,,761.91956,322054.53,1490671.8,230705.91,57729.566,,2339521.3,.0013,.0013,2339521.3,753.44,1771250,-1198265.6,333333.34,333333.34,333333.34,-333333.34,333333.34,1333333.4,1333333.4,1333333.4,-1333333.4
183,.0352,.031616975,.5024999999999999,.46959999,6632000,0,.0004307559767392,0,.0866961957742072,.0572551828988783,.0117882900834283,.0838943728484222,,0,.0143768843707507,.1418201828222273,.0835234662006855,.2102244408717453,,.3715,.0789,.0531,.0411,.1554,,0,.2819,.3231,.2577,.2103,,0,.0605434978292046,.0422440101536073,.0098463613028934,.1363461229237446,,0,.0194517227298835,.1091971067633275,.0544033953988024,.2134851948758664,,.1458,.0333,.0228,.0228,.0793,,0,.1408,.1262,.0957,.1212,,125945,183,2025,6.710730593607306,2557.72705479452,3403.023858447489,1818.653310502283,6072.319634703196,,1000000,1.1546,4.9509511,-476.81357,-96.977982,56.625294,927.46631,,0,55895.07,12664.2,2797.9023,1.0330176,,15.928615,-6114.5181,-6059.1309,1188.652,-1991.7814,,0,57323.246,11695.164,8408.7842,-3778.6013,,132461.2,-.00043075599,.00043075599,132404.14,753.44,255000.34,-218192.86,333333.34,132404.14,255000.34,-218192.86,169211.63,676197.25,528967.25,1020001.4,-872771.44
183,.0352,.031616975,.5024999999999999,.46959999,6632000,0,.0004307559767392,0,.0866961957742072,.0572551828988783,.0117882900834283,.0838943728484222,,0,.0143768843707507,.1418201828222273,.0835234662006855,.2102244408717453,,.4357,.0824,.0531,.0411,.1633,,0,.2819,.3231,.2577,.2103,,0,.0605434978292046,.0422440101536073,.0098463613028934,.1363461229237446,,0,.0194517227298835,.1091971067633275,.0544033953988024,.2134851948758664,,.1458,.0333,.0228,.0228,.0793,,0,.1408,.1262,.0957,.1212,,125945,183,2024,6.710730593607306,2557.72705479452,3403.023858447489,1818.653310502283,6072.319634703196,,1000000,1.1546,5.8065395,-262.75436,-96.977982,56.625294,1029.9335,,0,55895.07,12664.2,2797.9023,1.0330176,,15.928615,-6114.5181,-6059.1309,1188.652,-1991.7814,,0,57323.246,11695.164,8408.7842,-3778.6013,,132778.59,-.00043075599,.00043075599,132721.41,753.44,255000.34,-218192.86,333333.34,132721.41,255000.34,-218192.86,169528.89,676197.25,528967.25,1020001.4,-872771.44
183,.0352,.031616975,.5024999999999999,.46959999,6632000,0,.0004307559767392,0,.0866961957742072,.0572551828988783,.0117882900834283,.0838943728484222,,0,.0143768843707507,.1418201828222273,.0835234662006855,.2102244408717453,,.2429,.0718,.0531,.0411,.1395,,0,.2819,.3231,.2577,.2103,,0,.0605434978292046,.0422440101536073,.0098463613028934,.1363461229237446,,0,.0194517227298835,.1091971067633275,.0544033953988024,.2134851948758664,,.1458,.0333,.0228,.0228,.0793,,0,.1408,.1262,.0957,.1212,,125945,183,2027,6.710730593607306,2557.72705479452,3403.023858447489,1818.653310502283,6072.319634703196,,1000000,1.1546,3.2371089,-911.04791,-96.977982,56.625294,721.2348,,0,55895.07,12664.2,2797.9023,1.0330176,,15.928615,-6114.5181,-6059.1309,1188.652,-1991.7814,,0,57323.246,11695.164,8408.7842,-3778.6013,,131819.03,-.00043075599,.00043075599,131762.25,753.44,255000.34,-218192.86,333333.34,131762.25,255000.34,-218192.86,168569.73,676197.25,528967.25,1020001.4,-872771.44
183,.0352,.031616975,.5024999999999999,.46959999,6632000,0,.0004307559767392,0,.0866961957742072,.0572551828988783,.0117882900834283,.0838943728484222,,0,.0143768843707507,.1418201828222273,.0835234662006855,.2102244408717453,,.3072,.0753,.0531,.0411,.1474,,0,.2819,.3231,.2577,.2103,,0,.0605434978292046,.0422440101536073,.0098463613028934,.1363461229237446,,0,.0194517227298835,.1091971067633275,.0544033953988024,.2134851948758664,,.1458,.0333,.0228,.0228,.0793,,0,.1408,.1262,.0957,.1212,,125945,183,2026,6.710730593607306,2557.72705479452,3403.023858447489,1818.653310502283,6072.319634703196,,1000000,1.1546,4.0940299,-696.98871,-96.977982,56.625294,823.70203,,0,55895.07,12664.2,2797.9023,1.0330176,,15.928615,-6114.5181,-6059.1309,1188.652,-1991.7814,,0,57323.246,11695.164,8408.7842,-3778.6013,,132136.41,-.00043075599,.00043075599,132079.48,753.44,255000.34,-218192.86,333333.34,132079.48,255000.34,-218192.86,168886.97,676197.25,528967.25,1020001.4,-872771.44
184,.0428,.049390987,.534,.28389999,38231000,.0069,.0037198921231284,.4399019095968282,.1368095079571724,.1484587872246003,.2593037853751609,.4103986195869716,,.9420278101147546,.2653356702902172,.4514111777442338,.4061607416203534,.5834506436334855,,.2866,.1325,.1226,.1365,.22,,.9311,.2117,.4183,.5491,.4968,,.8827569184607795,.4157993013174786,.2084220419988815,.4183953552962584,.5595521956529028,,.4871958947303159,.1067260423874545,.2082732658229757,.214333592744143,.3246770019482861,,.4428,.2306,.1821,.1608,.2996,,.6692,.1238,.256,.2987,.3159,,319451,184,2027,3627.256849315068,7026.270547945205,5135.251255707763,1743.941438356164,16078.37226027397,,1000000,1.1546,-1104.297,-724.04279,-910.72626,-227.49039,-6538.9673,,-447.59152,-30784.818,-3490.5964,2201.7927,-3136.751,,-25980,-114185.08,-12377.724,-22666.42,-24032.363,,26182.902,22156.545,49538.391,16472.914,-951.55237,,-131005.86,.0031801078,.0031801078,-130589.25,753.44,-1189774.4,-9561573,333333.34,-130589.25,-333333.34,-333333.34,-333333.34,-1333333.4,-289134.16,-1333333.4,-1333333.4
184,.0428,.049390987,.534,.28389999,38231000,.0069,.0037198921231284,.4399019095968282,.1368095079571724,.1484587872246003,.2593037853751609,.4103986195869716,,.9420278101147546,.2653356702902172,.4514111777442338,.4061607416203534,.5834506436334855,,.311,.1374,.1483,.1608,.2222,,.9311,.2117,.4183,.5491,.4968,,.8827569184607795,.4157993013174786,.2084220419988815,.4183953552962584,.5595521956529028,,.4871958947303159,.1067260423874545,.2082732658229757,.214333592744143,.3246770019482861,,.4633,.2647,.2004,.23,.3,,.6692,.1238,.256,.2987,.3159,,319451,184,2026,3627.256849315068,7026.270547945205,5135.251255707763,1743.941438356164,16078.37226027397,,1000000,1.1546,-928.53369,99.208885,-5.5923619,-182.47536,-6463.4116,,-447.59152,-30784.818,-3490.5964,2201.7927,-3136.751,,-24769.449,-93160.641,-3772.2993,-16577.35,-23995.383,,26182.902,22156.545,49538.391,16472.914,-951.55237,,-92014.672,.0031801078,.0031801078,-91722.055,753.44,-1189774.4,-9561573,333333.34,-91722.055,-333333.34,-333333.34,-333333.34,-1333333.4,-289134.16,-1333333.4,-1333333.4
184,.0428,.049390987,.534,.28389999,38231000,.0069,.0037198921231284,.4399019095968282,.1368095079571724,.1484587872246003,.2593037853751609,.4103986195869716,,.9420278101147546,.2653356702902172,.4514111777442338,.4061607416203534,.5834506436334855,,.3353,.1424,.174,.1851,.2244,,.9311,.2117,.4183,.5491,.4968,,.8827569184607795,.4157993013174786,.2084220419988815,.4183953552962584,.5595521956529028,,.4871958947303159,.1067260423874545,.2082732658229757,.214333592744143,.3246770019482861,,.4838,.2989,.2186,.2991,.3004,,.6692,.1238,.256,.2987,.3159,,319451,184,2025,3627.256849315068,7026.270547945205,5135.251255707763,1743.941438356164,16078.37226027397,,1000000,1.1546,-753.49078,939.2616,899.5415,-137.46031,-6387.8555,,-447.59152,-30784.818,-3490.5964,2201.7927,-3136.751,,-23558.898,-72074.547,4786.1011,-10497.078,-23958.404,,26182.902,22156.545,49538.391,16472.914,-951.55237,,-53001.59,.0031801078,.0031801078,-52833.039,753.44,-1189774.4,-9561573,333333.34,-52833.039,-333333.34,-333333.34,-333333.34,-1333333.4,-289134.16,-1333333.4,-1333333.4
184,.0428,.049390987,.534,.28389999,38231000,.0069,.0037198921231284,.4399019095968282,.1368095079571724,.1484587872246003,.2593037853751609,.4103986195869716,,.9420278101147546,.2653356702902172,.4514111777442338,.4061607416203534,.5834506436334855,,.3597,.1473,.1996,.2094,.2267,,.9311,.2117,.4183,.5491,.4968,,.8827569184607795,.4157993013174786,.2084220419988815,.4183953552962584,.5595521956529028,,.4871958947303159,.1067260423874545,.2082732658229757,.214333592744143,.3246770019482861,,.5042,.333,.2369,.3682,.3007,,.6692,.1238,.256,.2987,.3159,,319451,184,2024,3627.256849315068,7026.270547945205,5135.251255707763,1743.941438356164,16078.37226027397,,1000000,1.1546,-577.72748,1762.5132,1801.1536,-92.44529,-6308.8652,,-447.59152,-30784.818,-3490.5964,2201.7927,-3136.751,,-22354.254,-51050.113,13391.525,-4416.8071,-23930.668,,26182.902,22156.545,49538.391,16472.914,-951.55237,,-14034.451,.0031801078,.0031801078,-13989.82,753.44,-1189774.4,-9561573,333333.34,-13989.82,-333333.34,-333333.34,-333333.34,-1333333.4,-289134.16,-1333333.4,-1333333.4
185,.0361,.035483956,.5745,.45919999,14092000,0,0,0,0,.0055056112181025,.0041852013921692,.005139004621256,,0,.0139033318703055,.3356450545344811,.066502739999942,.0388874404060918,,.0679,.0008,.0054,.0077,.0275,,.1239,.0866,.0676,.0214,.03,,0,0,.0025692852351145,.0019530939830123,.0021115081925732,,0,.0062228171050428,.1547696640353441,.0289973232716942,.0146432131192283,,.1766,.0002,.0015,.0157,.01,,.0362,.0236,.0217,.0042,.0105,,75048,185,2027,29.02899543378996,1891.107420091324,1648.981849315069,1181.756849315068,3512.308904109589,,1000000,1.1546,3.9143693,36.175774,-1.1943839,4.4121265,167.75951,,40.613811,11230.231,-9073.7539,-470.78656,-70.280617,,83.459038,33.188786,-161.46149,819.68329,159.31168,,41.677235,6069.2988,-44352.023,-3280.9673,-98.12381,,-38818.867,0,0,-38818.867,753.44,26125.256,-1624807.6,333333.34,-38818.867,26125.256,-333333.34,-333333.34,-1333333.4,-155275.47,104501.02,-1333333.4
185,.0361,.035483956,.5745,.45919999,14092000,0,0,0,0,.0055056112181025,.0041852013921692,.005139004621256,,0,.0139033318703055,.3356450545344811,.066502739999942,.0388874404060918,,.0679,.0008,.0054,.0077,.0275,,.1239,.0866,.0676,.0214,.03,,0,0,.0025692852351145,.0019530939830123,.0021115081925732,,0,.0062228171050428,.1547696640353441,.0289973232716942,.0146432131192283,,.1766,.0002,.0015,.0157,.01,,.0362,.0236,.0217,.0042,.0105,,75048,185,2024,29.02899543378996,1891.107420091324,1648.981849315069,1181.756849315068,3512.308904109589,,1000000,1.1546,3.9143693,36.175774,-1.1943839,4.4121265,167.75951,,40.613811,11230.231,-9073.7539,-470.78656,-70.280617,,83.459038,33.188786,-161.46149,819.68329,159.31168,,41.677235,6069.2988,-44352.023,-3280.9673,-98.12381,,-38818.867,0,0,-38818.867,753.44,26125.256,-1624807.6,333333.34,-38818.867,26125.256,-333333.34,-333333.34,-1333333.4,-155275.47,104501.02,-1333333.4
185,.0361,.035483956,.5745,.45919999,14092000,0,0,0,0,.0055056112181025,.0041852013921692,.005139004621256,,0,.0139033318703055,.3356450545344811,.066502739999942,.0388874404060918,,.0679,.0008,.0054,.0077,.0275,,.1239,.0866,.0676,.0214,.03,,0,0,.0025692852351145,.0019530939830123,.0021115081925732,,0,.0062228171050428,.1547696640353441,.0289973232716942,.0146432131192283,,.1766,.0002,.0015,.0157,.01,,.0362,.0236,.0217,.0042,.0105,,75048,185,2025,29.02899543378996,1891.107420091324,1648.981849315069,1181.756849315068,3512.308904109589,,1000000,1.1546,3.9143693,36.175774,-1.1943839,4.4121265,167.75951,,40.613811,11230.231,-9073.7539,-470.78656,-70.280617,,83.459038,33.188786,-161.46149,819.68329,159.31168,,41.677235,6069.2988,-44352.023,-3280.9673,-98.12381,,-38818.867,0,0,-38818.867,753.44,26125.256,-1624807.6,333333.34,-38818.867,26125.256,-333333.34,-333333.34,-1333333.4,-155275.47,104501.02,-1333333.4
185,.0361,.035483956,.5745,.45919999,14092000,0,0,0,0,.0055056112181025,.0041852013921692,.005139004621256,,0,.0139033318703055,.3356450545344811,.066502739999942,.0388874404060918,,.0679,.0008,.0054,.0077,.0275,,.1239,.0866,.0676,.0214,.03,,0,0,.0025692852351145,.0019530939830123,.0021115081925732,,0,.0062228171050428,.1547696640353441,.0289973232716942,.0146432131192283,,.1766,.0002,.0015,.0157,.01,,.0362,.0236,.0217,.0042,.0105,,75048,185,2026,29.02899543378996,1891.107420091324,1648.981849315069,1181.756849315068,3512.308904109589,,1000000,1.1546,3.9143693,36.175774,-1.1943839,4.4121265,167.75951,,40.613811,11230.231,-9073.7539,-470.78656,-70.280617,,83.459038,33.188786,-161.46149,819.68329,159.31168,,41.677235,6069.2988,-44352.023,-3280.9673,-98.12381,,-38818.867,0,0,-38818.867,753.44,26125.256,-1624807.6,333333.34,-38818.867,26125.256,-333333.34,-333333.34,-1333333.4,-155275.47,104501.02,-1333333.4
186,.0295,,.615,0,52812000,.0262,.0178994327256705,.157772406619592,.0413596123449789,.1070802787248102,.1541741836992329,.1429864252800879,,.8622349830863154,.0309653754923108,.1580843495128993,.4650457342108347,.410672050754902,,.1815,.0426,.0922,.097,.154,,1.2084,.2801,.4775,.6335,.735,,.2335339504170311,4.23940554797303,.2869689706227744,.193705572038159,.1561649806510558,,1.053044766000614,.0407838979941252,.1645611609789891,.4477514886378298,.5546328737770757,,.1856,.074,.1398,.1464,.241,,1.508,.2466,.4503,.6254999999999999,.8829,,0,186,2025,835.7300228310502,44864.23184931507,31796.37420091324,4656.409018264841,34854.94520547945,,1000000,1.1546,39.380363,1330.6669,-3244.9399,-282.79419,819.96631,,3266.7778,913045.31,208495.7,6928.291,25451.592,,-652.16864,-16398446,-428502.5,-11114.154,17002.018,,15079.709,1705385.4,1836391.9,92667.203,77150.047,,-11939188,.008300567,.008300567,-11840086,753.44,,-32479380,333333.34,-333333.34,,-333333.34,,0,-1333333.4,0,-1333333.4
186,.0295,,.615,0,52812000,.0262,.0178994327256705,.157772406619592,.0413596123449789,.1070802787248102,.1541741836992329,.1429864252800879,,.8622349830863154,.0309653754923108,.1580843495128993,.4650457342108347,.410672050754902,,.1815,.0426,.0997,.1102,.1665,,1.2815,.2801,.5236,.7611,.7866,,.2335339504170311,4.23940554797303,.2869689706227744,.193705572038159,.1561649806510558,,1.053044766000614,.0407838979941252,.1645611609789891,.4477514886378298,.5546328737770757,,.1856,.0741,.1758,.1827,.2819,,1.6888,.2466,.5183,.798,1.0246,,0,186,2024,835.7300228310502,44864.23184931507,31796.37420091324,4656.409018264841,34854.94520547945,,1000000,1.1546,39.380363,1330.6669,-1609.4163,-217.50453,1750.5977,,3956.6265,913045.31,238587.06,12176.303,29500.895,,-652.16864,-16398052,-323683.59,-2585.6917,25198.898,,21072.412,1705385.4,2273415.5,182598.16,110452.69,,-11208291,.008300567,.008300567,-11115256,753.44,,-32479380,333333.34,-333333.34,,-333333.34,,0,-1333333.4,0,-1333333.4
186,.0295,,.615,0,52812000,.0262,.0178994327256705,.157772406619592,.0413596123449789,.1070802787248102,.1541741836992329,.1429864252800879,,.8622349830863154,.0309653754923108,.1580843495128993,.4650457342108347,.410672050754902,,.1815,.0426,.0846,.0839,.1416,,1.1352,.2801,.4315,.5058,.6833,,.2335339504170311,4.23940554797303,.2869689706227744,.193705572038159,.1561649806510558,,1.053044766000614,.0407838979941252,.1645611609789891,.4477514886378298,.5546328737770757,,.1856,.0739,.1037,.1101,.2002,,1.3271,.2466,.3824,.453,.7411,,0,186,2026,835.7300228310502,44864.23184931507,31796.37420091324,4656.409018264841,34854.94520547945,,1000000,1.1546,39.380363,1330.6669,-4902.271,-347.58923,-103.22007,,2575.9856,913045.31,178469.61,1676.1666,21394.441,,-652.16864,-16398839,-533612.56,-19642.617,8825.1787,,9083.6924,1705385.4,1400010.9,2736.2529,43823.906,,-12669704,.008300567,.008300567,-12564538,753.44,,-32479380,333333.34,-333333.34,,-333333.34,,0,-1333333.4,0,-1333333.4
186,.0295,,.615,0,52812000,.0262,.0178994327256705,.157772406619592,.0413596123449789,.1070802787248102,.1541741836992329,.1429864252800879,,.8622349830863154,.0309653754923108,.1580843495128993,.4650457342108347,.410672050754902,,.1815,.0426,.0771,.0708,.1291,,1.062,.2801,.3855,.3782,.6316000000000001,,.2335339504170311,4.23940554797303,.2869689706227744,.193705572038159,.1561649806510558,,1.053044766000614,.0407838979941252,.1645611609789891,.4477514886378298,.5546328737770757,,.1856,.0737,.0677,.0738,.1594,,1.1462,.2466,.3144,.2805,.5993000000000001,,0,186,2027,835.7300228310502,44864.23184931507,31796.37420091324,4656.409018264841,34854.94520547945,,1000000,1.1546,39.380363,1330.6669,-6537.7944,-412.38428,-1033.8514,,1885.1931,913045.31,148443.53,-3571.845,17337.291,,-652.16864,-16399627,-638431.5,-28171.08,648.33905,,3087.6748,1705385.4,962987.13,-87194.695,10497.765,,-13400946,.008300567,.008300567,-13289711,753.44,,-32479380,333333.34,-333333.34,,-333333.34,,0,-1333333.4,0,-1333333.4
187,.0379,.025662901,.472,.39300001,12187000,0,0,0,.0112650263485997,.0115043745028974,0,.0274126330188295,,0,.0005150478614694,.0056029598522741,.0012473997598967,.005875212408561,,.128,.0544,.072,.0357,.0849,,.0685,.0463,.0606,.0655,.0943,,0,.1116392090487014,.0279677943214555,0,.1036134767700222,,0,.0025752393073471,.0056029598522741,.0012473997598967,.014725874980652,,.1135,.196,.2299,.0729,.1483,,.0685,.0755,.1043,.0837,.1592,,87909,187,2025,190.9163242009132,2263.166894977169,2363.008219178082,606.2840182648401,4354.277625570776,,1000000,1.1546,48.530308,2334.3059,980.40881,22.99131,534.67737,,147.67401,8464.4229,2667.8896,344.08032,866.87469,,352.76834,16753.377,43694.859,2230.0605,1118.8029,,518.67096,30481.375,47139.813,5596.9243,4241.8042,,168540.31,0,0,168540.31,753.44,607885.44,-962772.94,333333.34,168540.31,333333.34,-333333.34,168540.31,638252.56,638252.56,1333333.4,-1333333.4
187,.0379,.025662901,.472,.39300001,12187000,0,0,0,.0112650263485997,.0115043745028974,0,.0274126330188295,,0,.0005150478614694,.0056029598522741,.0012473997598967,.005875212408561,,.128,.0544,.072,.0357,.0849,,.0685,.0463,.0606,.0655,.0943,,0,.1116392090487014,.0279677943214555,0,.1036134767700222,,0,.0025752393073471,.0056029598522741,.0012473997598967,.014725874980652,,.1135,.2254,.2858,.0729,.1483,,.0685,.0755,.1043,.0837,.1592,,87909,187,2024,190.9163242009132,2263.166894977169,2363.008219178082,606.2840182648401,4354.277625570776,,1000000,1.1546,48.530308,2334.3059,980.40881,22.99131,534.67737,,147.67401,8464.4229,2667.8896,344.08032,866.87469,,352.76834,22591.982,55790.711,2230.0605,1118.8029,,518.67096,30481.375,47139.813,5596.9243,4241.8042,,186474.75,0,0,186474.75,753.44,607885.44,-962772.94,333333.34,186474.75,333333.34,-333333.34,186474.75,638252.56,638252.56,1333333.4,-1333333.4
187,.0379,.025662901,.472,.39300001,12187000,0,0,0,.0112650263485997,.0115043745028974,0,.0274126330188295,,0,.0005150478614694,.0056029598522741,.0012473997598967,.005875212408561,,.128,.0544,.072,.0357,.0849,,.0685,.0463,.0606,.0655,.0943,,0,.1116392090487014,.0279677943214555,0,.1036134767700222,,0,.0025752393073471,.0056029598522741,.0012473997598967,.014725874980652,,.1135,.1371,.1181,.0729,.1483,,.0685,.0755,.1043,.0837,.1592,,87909,187,2027,190.9163242009132,2263.166894977169,2363.008219178082,606.2840182648401,4354.277625570776,,1000000,1.1546,48.530308,2334.3059,980.40881,22.99131,534.67737,,147.67401,8464.4229,2667.8896,344.08032,866.87469,,352.76834,5056.3091,19503.148,2230.0605,1118.8029,,518.67096,30481.375,47139.813,5596.9243,4241.8042,,132651.53,0,0,132651.53,753.44,607885.44,-962772.94,333333.34,132651.53,333333.34,-333333.34,132651.53,638252.56,638252.56,1333333.4,-1333333.4
187,.0379,.025662901,.472,.39300001,12187000,0,0,0,.0112650263485997,.0115043745028974,0,.0274126330188295,,0,.0005150478614694,.0056029598522741,.0012473997598967,.005875212408561,,.128,.0544,.072,.0357,.0849,,.0685,.0463,.0606,.0655,.0943,,0,.1116392090487014,.0279677943214555,0,.1036134767700222,,0,.0025752393073471,.0056029598522741,.0012473997598967,.014725874980652,,.1135,.1665,.174,.0729,.1483,,.0685,.0755,.1043,.0837,.1592,,87909,187,2026,190.9163242009132,2263.166894977169,2363.008219178082,606.2840182648401,4354.277625570776,,1000000,1.1546,48.530308,2334.3059,980.40881,22.99131,534.67737,,147.67401,8464.4229,2667.8896,344.08032,866.87469,,352.76834,10894.914,31599.004,2230.0605,1118.8029,,518.67096,30481.375,47139.813,5596.9243,4241.8042,,150585.98,0,0,150585.98,753.44,607885.44,-962772.94,333333.34,150585.98,333333.34,-333333.34,150585.98,638252.56,638252.56,1333333.4,-1333333.4
191,.0347,.029428873,.6109,.4756,35331000,.0254,.0267607299097466,.1339784303090822,.0927354902217264,.1373452803946637,.0118545287656453,.0402281596318429,,1.660813822444576,.8091178726575592,.7404290943047884,.8099434704537688,.5605654800023306,,.1793,.0522,.1291,.0725,.0933,,1.6265,.1104,.1806,.1231,.4831,,.4816644955047656,.3117245686994154,.4371850805577043,.0101954632725026,.0997256670191375,,1.728198267914057,.7672770484826363,.635868782507662,.6319323743795122,.5795168689697983,,.3201,.0544,.1407,.0691,.1771,,2.2062,.1426,.2662,.2139,.7874,,348977,191,2024,67.56267123287671,4844.451940639269,12226.29874429224,4805.544520547945,16716.20627853881,,1000000,1.1546,6.0809546,-4695.6069,-691.38257,309.57108,1894.9823,,-26.178595,-276505.97,-140512.13,-29153.68,-2915.4937,,-177.70654,-109388.34,-331938.28,14282.504,7436.9619,,1280.8391,-558911.63,-913537.25,-224916.58,23431.57,,-2544727.8,-.0013607299,.0013607299,-2544727.8,753.44,1039465.8,-4780284,333333.34,-333333.34,333333.34,-333333.34,-333333.34,-1333333.4,-1333333.4,1333333.4,-1333333.4
191,.0347,.029428873,.6109,.4756,35331000,.0254,.0267607299097466,.1339784303090822,.0927354902217264,.1373452803946637,.0118545287656453,.0402281596318429,,1.660813822444576,.8091178726575592,.7404290943047884,.8099434704537688,.5605654800023306,,.1793,.0522,.1121,.0724,.0933,,1.4399,.1104,.1806,.1231,.4831,,.4816644955047656,.3117245686994154,.4371850805577043,.0101954632725026,.0997256670191375,,1.728198267914057,.7672770484826363,.635868782507662,.6319323743795122,.5795168689697983,,.3086,.0544,.1173,.0691,.1723,,1.8551,.1426,.2662,.2139,.7271,,348977,191,2025,67.56267123287671,4844.451940639269,12226.29874429224,4805.544520547945,16716.20627853881,,1000000,1.1546,6.0809546,-4695.6069,-2116.8652,309.06061,1894.9823,,-168.53888,-276505.97,-140512.13,-29153.68,-2915.4937,,-190.35551,-109388.34,-358136.44,14282.504,6975.6016,,340.04208,-558911.63,-913537.25,-224916.58,16634.848,,-2580705.8,-.0013607299,.0013607299,-2580705.8,753.44,1039465.8,-4780284,333333.34,-333333.34,333333.34,-333333.34,-333333.34,-1333333.4,-1333333.4,1333333.4,-1333333.4
191,.0347,.029428873,.6109,.4756,35331000,.0254,.0267607299097466,.1339784303090822,.0927354902217264,.1373452803946637,.0118545287656453,.0402281596318429,,1.660813822444576,.8091178726575592,.7404290943047884,.8099434704537688,.5605654800023306,,.1793,.0522,.0951,.0723,.0933,,1.2533,.1104,.1806,.1231,.4831,,.4816644955047656,.3117245686994154,.4371850805577043,.0101954632725026,.0997256670191375,,1.728198267914057,.7672770484826363,.635868782507662,.6319323743795122,.5795168689697983,,.2971,.0544,.0938,.0691,.1676,,1.5041,.1426,.2662,.2139,.6667,,348977,191,2026,67.56267123287671,4844.451940639269,12226.29874429224,4805.544520547945,16716.20627853881,,1000000,1.1546,6.0809546,-4695.6069,-3542.3479,308.55014,1894.9823,,-310.89917,-276505.97,-140512.13,-29153.68,-2915.4937,,-203.00449,-109388.34,-384446.53,14282.504,6523.8535,,-600.487,-558911.63,-913537.25,-224916.58,9826.8564,,-2616797.3,-.0013607299,.0013607299,-2616797.3,753.44,1039465.8,-4780284,333333.34,-333333.34,333333.34,-333333.34,-333333.34,-1333333.4,-1333333.4,1333333.4,-1333333.4
191,.0347,.029428873,.6109,.4756,35331000,.0254,.0267607299097466,.1339784303090822,.0927354902217264,.1373452803946637,.0118545287656453,.0402281596318429,,1.660813822444576,.8091178726575592,.7404290943047884,.8099434704537688,.5605654800023306,,.1793,.0522,.078,.0721,.0933,,1.0667,.1104,.1806,.1231,.4831,,.4816644955047656,.3117245686994154,.4371850805577043,.0101954632725026,.0997256670191375,,1.728198267914057,.7672770484826363,.635868782507662,.6319323743795122,.5795168689697983,,.2856,.0544,.0704,.0691,.1628,,1.153,.1426,.2662,.2139,.6064000000000001,,348977,191,2027,67.56267123287671,4844.451940639269,12226.29874429224,4805.544520547945,16716.20627853881,,1000000,1.1546,6.0809546,-4695.6069,-4976.2158,307.52924,1894.9823,,-453.25946,-276505.97,-140512.13,-29153.68,-2915.4937,,-215.65347,-109388.34,-410644.66,14282.504,6062.4937,,-1541.2841,-558911.63,-913537.25,-224916.58,3030.135,,-2652783.8,-.0013607299,.0013607299,-2652783.8,753.44,1039465.8,-4780284,333333.34,-333333.34,333333.34,-333333.34,-333333.34,-1333333.4,-1333333.4,1333333.4,-1333333.4
193,.0528,.035316441,.44,.359,2836000,.1644,0,0,0,0,0,0,,.6758553274682306,.3313825792263145,.2274577153009028,.0958255018716535,.3481203942051631,,0,.2016,.1703,.142,.2459,,1.5011,.7212,.7638,.6485,1.1019,,0,0,0,0,0,,.6645910720104268,.3258595362392092,.2236667533792211,.0942284101737926,.3519948263711684,,0,.1828,.1439,.2213,.3756,,1.0498,.731,.7551,.6471,.9926,,16338,193,2027,6.422945205479452,80.40445205479452,462.9617579908676,79.50262557077626,1154.476141552511,,1000000,1.1546,0,387.59866,540.72662,11.991933,606.38269,,59.853199,2560.3501,5097.4209,388.10022,1959.2755,,0,1289.7378,6100.5,887.71973,2493.2822,,98.127075,6016.2886,49729.297,4921.2417,4986.7754,,88134.664,.1644,.1644,88134.664,753.44,161413.06,-229716,333333.34,88134.664,161413.06,-229716,19831.727,96321.992,369533.75,645652.25,-918864
193,.0528,.035316441,.44,.359,2836000,.1644,0,0,0,0,0,0,,.6758553274682306,.3313825792263145,.2274577153009028,.0958255018716535,.3481203942051631,,0,.3061,.1751,.142,.2459,,1.5011,.9593,.7638,.6485,1.1019,,0,0,0,0,0,,.6645910720104268,.3258595362392092,.2236667533792211,.0942284101737926,.3519948263711684,,0,.1828,.1439,.2263,.3756,,1.0498,.9913,.7551,.6471,.9926,,16338,193,2025,6.422945205479452,80.40445205479452,462.9617579908676,79.50262557077626,1154.476141552511,,1000000,1.1546,0,588.51166,555.96735,11.991933,606.38269,,59.853199,4124.2085,5097.4209,388.10022,1959.2755,,0,1289.7378,6100.5,907.77667,2493.2822,,98.127075,9881.7139,49729.297,4921.2417,4986.7754,,93800.156,.1644,.1644,93800.156,753.44,161413.06,-229716,333333.34,93800.156,161413.06,-229716,25497.219,96321.992,369533.75,645652.25,-918864
193,.0528,.035316441,.44,.359,2836000,.1644,0,0,0,0,0,0,,.6758553274682306,.3313825792263145,.2274577153009028,.0958255018716535,.3481203942051631,,0,.2539,.1727,.142,.2459,,1.5011,.8401999999999999,.7638,.6485,1.1019,,0,0,0,0,0,,.6645910720104268,.3258595362392092,.2236667533792211,.0942284101737926,.3519948263711684,,0,.1828,.1439,.2238,.3756,,1.0498,.8611,.7551,.6471,.9926,,16338,193,2026,6.422945205479452,80.40445205479452,462.9617579908676,79.50262557077626,1154.476141552511,,1000000,1.1546,0,488.15131,548.34698,11.991933,606.38269,,59.853199,3341.9509,5097.4209,388.10022,1959.2755,,0,1289.7378,6100.5,897.74823,2493.2822,,98.127075,7948.2588,49729.297,4921.2417,4986.7754,,90966.438,.1644,.1644,90966.438,753.44,161413.06,-229716,333333.34,90966.438,161413.06,-229716,22663.5,96321.992,369533.75,645652.25,-918864
193,.0528,.035316441,.44,.359,2836000,.1644,0,0,0,0,0,0,,.6758553274682306,.3313825792263145,.2274577153009028,.0958255018716535,.3481203942051631,,0,.3583,.1774,.142,.2459,,1.5011,1.0784,.7638,.6485,1.1019,,0,0,0,0,0,,.6645910720104268,.3258595362392092,.2236667533792211,.0942284101737926,.3519948263711684,,0,.1828,.1439,.2289,.3756,,1.0498,1.1214,.7551,.6471,.9926,,16338,193,2024,6.422945205479452,80.40445205479452,462.9617579908676,79.50262557077626,1154.476141552511,,1000000,1.1546,0,688.87207,563.27014,11.991933,606.38269,,59.853199,4906.4663,5097.4209,388.10022,1959.2755,,0,1289.7378,6100.5,918.2063,2493.2822,,98.127075,11813.684,49729.297,4921.2417,4986.7754,,96632.484,.1644,.1644,96632.484,753.44,161413.06,-229716,333333.34,96632.484,161413.06,-229716,28329.547,96321.992,369533.75,645652.25,-918864
195,.0342,.03258089,.4955,.419,37954000,.0023,.0031389637726652,.2234391415739449,.016823379639101,.0695803118501127,.0394257086983521,.0769914548763611,,.8026463323974118,.4181387579378269,.0796807730264384,.0665702304510513,.1792283355059038,,.266,.0752,.0867,.0531,.1252,,.5397999999999999,.2869,.3118,.2646,.3418,,.2245801666635946,.0171964423105758,.0952365800405317,.0363083541122614,.1183831960910917,,1.310429184867977,1.090235041195917,.0595730382283872,.0630044368905209,.3324081191677378,,.2735,.1838,.1359,.0922,.1644,,.7919,.3129,.284,.2274,.3995,,347136,195,2025,297.2840182648402,8071.414497716895,10574.53184931507,3599.353881278539,15599.31312785388,,1000000,1.1546,25.127075,11266.792,1241.5808,52.281586,1606.3226,,-882.35614,-86530.609,50388.98,6295.7578,5709.7422,,236.75938,117999.2,39375.363,10150.43,4127.4595,,-6113.6851,-1158779.6,479683.38,66249.648,7056.9956,,-450840.47,-.00083896378,.00083896378,-450840.47,753.44,317604.03,-2903481,333333.34,-333333.34,317604.03,-333333.34,-333333.34,-1333333.4,-1333333.4,1270416.1,-1333333.4
195,.0342,.03258089,.4955,.419,37954000,.0023,.0031389637726652,.2234391415739449,.016823379639101,.0695803118501127,.0394257086983521,.0769914548763611,,.8026463323974118,.4181387579378269,.0796807730264384,.0665702304510513,.1792283355059038,,.2404,.0682,.0798,.0531,.1252,,.5397999999999999,.2869,.3118,.2646,.3418,,.2245801666635946,.0171964423105758,.0952365800405317,.0363083541122614,.1183831960910917,,1.310429184867977,1.090235041195917,.0595730382283872,.0630044368905209,.3324081191677378,,.2735,.083,.0755,.0801,.1644,,.7919,.2961,.284,.2274,.3995,,347136,195,2027,297.2840182648402,8071.414497716895,10574.53184931507,3599.353881278539,15599.31312785388,,1000000,1.1546,10.01335,9915.7793,741.16821,52.281586,1606.3226,,-882.35614,-86530.609,50388.98,6295.7578,5709.7422,,236.75938,46606.254,-19111.402,7952.9604,4127.4595,,-6113.6851,-1183823.5,479683.38,66249.648,7056.9956,,-609828.13,-.00083896378,.00083896378,-609828.13,753.44,317604.03,-2903481,333333.34,-333333.34,317604.03,-333333.34,-333333.34,-1333333.4,-1333333.4,1270416.1,-1333333.4
195,.0342,.03258089,.4955,.419,37954000,.0023,.0031389637726652,.2234391415739449,.016823379639101,.0695803118501127,.0394257086983521,.0769914548763611,,.8026463323974118,.4181387579378269,.0796807730264384,.0665702304510513,.1792283355059038,,.2532,.0717,.0833,.0531,.1252,,.5397999999999999,.2869,.3118,.2646,.3418,,.2245801666635946,.0171964423105758,.0952365800405317,.0363083541122614,.1183831960910917,,1.310429184867977,1.090235041195917,.0595730382283872,.0630044368905209,.3324081191677378,,.2735,.1334,.1057,.0862,.1644,,.7919,.3045,.284,.2274,.3995,,347136,195,2026,297.2840182648402,8071.414497716895,10574.53184931507,3599.353881278539,15599.31312785388,,1000000,1.1546,17.570213,10591.285,995.00073,52.281586,1606.3226,,-882.35614,-86530.609,50388.98,6295.7578,5709.7422,,236.75938,82302.727,10131.979,9060.7754,4127.4595,,-6113.6851,-1171301.6,479683.38,66249.648,7056.9956,,-530321.63,-.00083896378,.00083896378,-530321.63,753.44,317604.03,-2903481,333333.34,-333333.34,317604.03,-333333.34,-333333.34,-1333333.4,-1333333.4,1270416.1,-1333333.4
195,.0342,.03258089,.4955,.419,37954000,.0023,.0031389637726652,.2234391415739449,.016823379639101,.0695803118501127,.0394257086983521,.0769914548763611,,.8026463323974118,.4181387579378269,.0796807730264384,.0665702304510513,.1792283355059038,,.2788,.0787,.0902,.0531,.1252,,.5397999999999999,.2869,.3118,.2646,.3418,,.2245801666635946,.0171964423105758,.0952365800405317,.0363083541122614,.1183831960910917,,1.310429184867977,1.090235041195917,.0595730382283872,.0630044368905209,.3324081191677378,,.2735,.2342,.1661,.0983,.1644,,.7919,.3213,.284,.2274,.3995,,347136,195,2024,297.2840182648402,8071.414497716895,10574.53184931507,3599.353881278539,15599.31312785388,,1000000,1.1546,32.683937,11942.298,1495.4133,52.281586,1606.3226,,-882.35614,-86530.609,50388.98,6295.7578,5709.7422,,236.75938,153695.67,68618.742,11258.245,4127.4595,,-6113.6851,-1146257.6,479683.38,66249.648,7056.9956,,-371333.91,-.00083896378,.00083896378,-371333.91,753.44,317604.03,-2903481,333333.34,-333333.34,317604.03,-333333.34,-333333.34,-1333333.4,-1333333.4,1270416.1,-1333333.4
201,.0546,.040707171,.3651,.4073,7709000,0,0,.2959099311708531,.130742745441463,.2981934479589438,.0251811876667874,.1913498209915188,,.7580304617272822,.6971116249247504,.5924364267923484,.453871599891865,.6413689433319055,,.4037,.2638,.2608,.2755,.3768,,.9545,.6927,.8326,.8182,.8817,,.204804344058609,.1312091310343027,.292411241310383,.0224935565877977,.1407075128787075,,.7056114584556565,1.17209256869816,.7238411355157206,.4681034363494072,.6393530783334833,,.2879,.137,.1867,.1694,.2113,,.7752,.5731000000000001,.6865,.6904,.7043,,37954,201,2026,482.1680365296804,215.6060502283105,486.6481735159817,203.5340182648402,2607.877511415525,,1000000,1.1546,103.21366,685.97955,-124.80403,54.119015,1033.0414,,1069.7051,-77.699379,2399.3054,654.97247,1411.1178,,652.27002,109.55945,-4710.812,1508.6582,1058.5383,,1330.7438,-23852.029,-3673.0015,5065.6914,1142.0632,,-14159.368,0,0,-14159.368,753.44,297960.16,325319.75,333333.34,-14159.368,297960.16,325319.75,333333.34,1333333.4,-55114.262,1191840.6,1301279
201,.0546,.040707171,.3651,.4073,7709000,0,0,.2959099311708531,.130742745441463,.2981934479589438,.0251811876667874,.1913498209915188,,.7580304617272822,.6971116249247504,.5924364267923484,.453871599891865,.6413689433319055,,.5049,.3463,.4123,.3789,.4618,,.9545,.6927,.8326,.8182,.8817,,.204804344058609,.1312091310343027,.292411241310383,.0224935565877977,.1407075128787075,,.7056114584556565,1.17209256869816,.7238411355157206,.4681034363494072,.6393530783334833,,.2879,.137,.1867,.1694,.2113,,.7752,.5731000000000001,.6865,.6904,.7043,,37954,201,2024,482.1680365296804,215.6060502283105,486.6481735159817,203.5340182648402,2607.877511415525,,1000000,1.1546,200.11703,1111.3101,380.841,76.474129,1506.5299,,1069.7051,-77.699379,2399.3054,654.97247,1411.1178,,652.27002,109.55945,-4710.812,1508.6582,1058.5383,,1330.7438,-23852.029,-3673.0015,5065.6914,1142.0632,,-12635.644,0,0,-12635.644,753.44,297960.16,325319.75,333333.34,-12635.644,297960.16,325319.75,333333.34,1333333.4,-55114.262,1191840.6,1301279
201,.0546,.040707171,.3651,.4073,7709000,0,0,.2959099311708531,.130742745441463,.2981934479589438,.0251811876667874,.1913498209915188,,.7580304617272822,.6971116249247504,.5924364267923484,.453871599891865,.6413689433319055,,.3531,.2225,.1851,.2238,.3343,,.9545,.6927,.8326,.8182,.8817,,.204804344058609,.1312091310343027,.292411241310383,.0224935565877977,.1407075128787075,,.7056114584556565,1.17209256869816,.7238411355157206,.4681034363494072,.6393530783334833,,.2879,.137,.1867,.1694,.2113,,.7752,.5731000000000001,.6865,.6904,.7043,,37954,201,2027,482.1680365296804,215.6060502283105,486.6481735159817,203.5340182648402,2607.877511415525,,1000000,1.1546,54.761967,473.05649,-377.45966,42.941456,796.29718,,1069.7051,-77.699379,2399.3054,654.97247,1411.1178,,652.27002,109.55945,-4710.812,1508.6582,1058.5383,,1330.7438,-23852.029,-3673.0015,5065.6914,1142.0632,,-14921.319,0,0,-14921.319,753.44,297960.16,325319.75,333333.34,-14921.319,297960.16,325319.75,333333.34,1333333.4,-55114.262,1191840.6,1301279
201,.0546,.040707171,.3651,.4073,7709000,0,0,.2959099311708531,.130742745441463,.2981934479589438,.0251811876667874,.1913498209915188,,.7580304617272822,.6971116249247504,.5924364267923484,.453871599891865,.6413689433319055,,.4543,.305,.3365,.3272,.4193,,.9545,.6927,.8326,.8182,.8817,,.204804344058609,.1312091310343027,.292411241310383,.0224935565877977,.1407075128787075,,.7056114584556565,1.17209256869816,.7238411355157206,.4681034363494072,.6393530783334833,,.2879,.137,.1867,.1694,.2113,,.7752,.5731000000000001,.6865,.6904,.7043,,37954,201,2025,482.1680365296804,215.6060502283105,486.6481735159817,203.5340182648402,2607.877511415525,,1000000,1.1546,151.66534,898.38702,127.8516,65.29657,1269.7856,,1069.7051,-77.699379,2399.3054,654.97247,1411.1178,,652.27002,109.55945,-4710.812,1508.6582,1058.5383,,1330.7438,-23852.029,-3673.0015,5065.6914,1142.0632,,-13397.931,0,0,-13397.931,753.44,297960.16,325319.75,333333.34,-13397.931,297960.16,325319.75,333333.34,1333333.4,-55114.262,1191840.6,1301279
203,.0391,.028133433,.3458,.31670001,13432000,.0382,.0008665511265165,0,0,0,0,0,,.7435022471177388,.6795040731371782,.1109055214666215,.1806670007090471,.44652790538699,,.3299,.1276,.1218,.1325,.1934,,1.4083,.6372,.7647,.6813,.9767,,0,0,0,0,0,,.9246445118287985,.1360403441114766,.0644814170644155,.0421479329622089,.327970456503684,,.4514,.1512,.2524,.071,.2747,,1.4484,.5204,.3956,.4187,.728,,87085,203,2025,845.5021689497717,2149.510502283105,2232.8149543379,827.6914383561644,3147.143607305936,,1000000,1.1546,553.93274,6558.4604,1865.1683,116.49405,1300.0986,,6347.0903,-7428.1348,29967.969,3659.9988,3756.6401,,6213.3662,28519.146,51606.164,2965.1033,4970.9126,,17563.117,152587.98,149435.84,34894.941,8488.9316,,503943.22,.037333447,.037333447,503943.22,753.44,539664.69,-390871.03,333333.34,333333.34,333333.34,-333333.34,333333.34,1333333.4,1333333.4,1333333.4,-1333333.4
203,.0391,.028133433,.3458,.31670001,13432000,.0382,.0008665511265165,0,0,0,0,0,,.7435022471177388,.6795040731371782,.1109055214666215,.1806670007090471,.44652790538699,,.3051,.1257,.1193,.1303,.1934,,1.3358,.5565,.6698,.6288,.9133,,0,0,0,0,0,,.9246445118287985,.1360403441114766,.0644814170644155,.0421479329622089,.327970456503684,,.4366,.1512,.2107,.071,.2747,,1.443,.4969,.3956,.4187,.728,,87085,203,2026,845.5021689497717,2149.510502283105,2232.8149543379,827.6914383561644,3147.143607305936,,1000000,1.1546,512.29126,6460.8032,1826.8849,114.55981,1300.0986,,5654.9038,-21598.176,25618.039,3276.1848,3307.4067,,6009.6494,28519.146,43080.109,2965.1033,4970.9126,,17382.039,143258.66,149435.84,34894.941,8488.9316,,465478.34,.037333447,.037333447,465478.34,753.44,539664.69,-390871.03,333333.34,333333.34,333333.34,-333333.34,333333.34,1333333.4,1333333.4,1333333.4,-1333333.4
203,.0391,.028133433,.3458,.31670001,13432000,.0382,.0008665511265165,0,0,0,0,0,,.7435022471177388,.6795040731371782,.1109055214666215,.1806670007090471,.44652790538699,,.3547,.1296,.1244,.1347,.1934,,1.4808,.718,.8595,.7337,1.0401,,0,0,0,0,0,,.9246445118287985,.1360403441114766,.0644814170644155,.0421479329622089,.327970456503684,,.4661,.1512,.2941,.071,.2747,,1.4537,.544,.3956,.4187,.728,,87085,203,2024,845.5021689497717,2149.510502283105,2232.8149543379,827.6914383561644,3147.143607305936,,1000000,1.1546,595.57428,6661.2578,1904.983,118.42828,1300.0986,,7039.2769,6759.4653,34313.316,4043.0815,4205.8735,,6415.7065,28519.146,60132.223,2965.1033,4970.9126,,17740.844,161957.02,149435.84,34894.941,8488.9316,,542462.06,.037333447,.037333447,542462.06,753.44,539664.69,-390871.03,333333.34,333333.34,333333.34,-333333.34,333333.34,1333333.4,1333333.4,1333333.4,-1333333.4
203,.0391,.028133433,.3458,.31670001,13432000,.0382,.0008665511265165,0,0,0,0,0,,.7435022471177388,.6795040731371782,.1109055214666215,.1806670007090471,.44652790538699,,.2803,.1237,.1167,.128,.1934,,1.2633,.4757,.575,.5763,.8499,,0,0,0,0,0,,.9246445118287985,.1360403441114766,.0644814170644155,.0421479329622089,.327970456503684,,.4219,.1512,.169,.071,.2747,,1.4376,.4733,.3956,.4187,.728,,87085,203,2027,845.5021689497717,2149.510502283105,2232.8149543379,827.6914383561644,3147.143607305936,,1000000,1.1546,470.64975,6358.0059,1787.0701,112.53764,1300.0986,,4962.7173,-35785.777,21272.691,2892.3708,2858.1736,,5807.3091,28519.146,34554.051,2965.1033,4970.9126,,17200.961,133889.63,149435.84,34894.941,8488.9316,,426955.38,.037333447,.037333447,426955.38,753.44,539664.69,-390871.03,333333.34,333333.34,333333.34,-333333.34,333333.34,1333333.4,1333333.4,1333333.4,-1333333.4
204,.035,.033454515,.4668,.3707,27212000,0,.0000398612827361,.0022922817728402,.002185130687144,.0017830644192857,.0001429674874739,.0034079292150694,,.0851106774091311,1.058615032922156,.663278963625265,.5509628580946221,.520979923341511,,.0871,.0079,.0036,.0032,.0178,,.2785,.0602,.1687,.0917,.1854,,.0059217279131706,.0021051598755033,.0021810507001758,.0003322568461424,.00428070417989,,.0369991298158991,1.07950057295064,.565204283544387,.4344325074584891,.3599557654653343,,.0805,.0202,.0052,.0034,.0235,,.2963,.0501,.121,.0897,.1806,,353465,204,2026,684.3493150684932,4713.311187214612,11094.61883561644,3943.643378995434,14913.68173515982,,1000000,1.1546,115.25857,644.0863,138.25153,12.806106,458.47055,,1494.4478,-384410.5,-112644.85,-15997.494,-11268.005,,830.88483,7483.8662,3067.0984,610.4212,1648.0988,,7037.8516,-896093.81,-996124.5,-152211.98,-18036.182,,-2563245.8,-.000039861283,.000039861283,-2563245.8,753.44,308689,-2615073.3,333333.34,-333333.34,308689,-333333.34,-333333.34,-1333333.4,-1333333.4,1234756,-1333333.4
204,.035,.033454515,.4668,.3707,27212000,0,.0000398612827361,.0022922817728402,.002185130687144,.0017830644192857,.0001429674874739,.0034079292150694,,.0851106774091311,1.058615032922156,.663278963625265,.5509628580946221,.520979923341511,,.0871,.0079,.0036,.0032,.0178,,.2785,.0602,.1687,.0917,.1854,,.0059217279131706,.0021051598755033,.0021810507001758,.0003322568461424,.00428070417989,,.0369991298158991,1.07950057295064,.565204283544387,.4344325074584891,.3599557654653343,,.0805,.0202,.0052,.0034,.0235,,.2963,.0501,.121,.0897,.1806,,353465,204,2024,684.3493150684932,4713.311187214612,11094.61883561644,3943.643378995434,14913.68173515982,,1000000,1.1546,115.25857,644.0863,138.25153,12.806106,458.47055,,1494.4478,-384410.5,-112644.85,-15997.494,-11268.005,,830.88483,7483.8662,3067.0984,610.4212,1648.0988,,7037.8516,-896093.81,-996124.5,-152211.98,-18036.182,,-2563245.8,-.000039861283,.000039861283,-2563245.8,753.44,308689,-2615073.3,333333.34,-333333.34,308689,-333333.34,-333333.34,-1333333.4,-1333333.4,1234756,-1333333.4
204,.035,.033454515,.4668,.3707,27212000,0,.0000398612827361,.0022922817728402,.002185130687144,.0017830644192857,.0001429674874739,.0034079292150694,,.0851106774091311,1.058615032922156,.663278963625265,.5509628580946221,.520979923341511,,.0871,.0079,.0036,.0032,.0178,,.2785,.0602,.1687,.0917,.1854,,.0059217279131706,.0021051598755033,.0021810507001758,.0003322568461424,.00428070417989,,.0369991298158991,1.07950057295064,.565204283544387,.4344325074584891,.3599557654653343,,.0805,.0202,.0052,.0034,.0235,,.2963,.0501,.121,.0897,.1806,,353465,204,2025,684.3493150684932,4713.311187214612,11094.61883561644,3943.643378995434,14913.68173515982,,1000000,1.1546,115.25857,644.0863,138.25153,12.806106,458.47055,,1494.4478,-384410.5,-112644.85,-15997.494,-11268.005,,830.88483,7483.8662,3067.0984,610.4212,1648.0988,,7037.8516,-896093.81,-996124.5,-152211.98,-18036.182,,-2563245.8,-.000039861283,.000039861283,-2563245.8,753.44,308689,-2615073.3,333333.34,-333333.34,308689,-333333.34,-333333.34,-1333333.4,-1333333.4,1234756,-1333333.4
204,.035,.033454515,.4668,.3707,27212000,0,.0000398612827361,.0022922817728402,.002185130687144,.0017830644192857,.0001429674874739,.0034079292150694,,.0851106774091311,1.058615032922156,.663278963625265,.5509628580946221,.520979923341511,,.0871,.0079,.0036,.0032,.0178,,.2785,.0602,.1687,.0917,.1854,,.0059217279131706,.0021051598755033,.0021810507001758,.0003322568461424,.00428070417989,,.0369991298158991,1.07950057295064,.565204283544387,.4344325074584891,.3599557654653343,,.0805,.0202,.0052,.0034,.0235,,.2963,.0501,.121,.0897,.1806,,353465,204,2027,684.3493150684932,4713.311187214612,11094.61883561644,3943.643378995434,14913.68173515982,,1000000,1.1546,115.25857,644.0863,138.25153,12.806106,458.47055,,1494.4478,-384410.5,-112644.85,-15997.494,-11268.005,,830.88483,7483.8662,3067.0984,610.4212,1648.0988,,7037.8516,-896093.81,-996124.5,-152211.98,-18036.182,,-2563245.8,-.000039861283,.000039861283,-2563245.8,753.44,308689,-2615073.3,333333.34,-333333.34,308689,-333333.34,-333333.34,-1333333.4,-1333333.4,1234756,-1333333.4
205,.0462,.044333436,.4076,.30050001,18797000,.1061,.0108450821723534,.1913062384634648,.0400226732827087,.145855368997485,.1992428613786713,.1498850782411003,,.7732101177311458,.2794328844204712,.4949282482118536,.6856734625414874,.6341561387084659,,.3402,.0776,.1755,.2038,.3187,,1.5839,.7427,.908,.9678,1.2107,,.2863857535834432,.0758745262839329,.124275999995379,.3194841119957108,.2403922047569493,,.9230854541985872,.2670296699867852,.4818526516710181,.4824717850145168,.7706188578119977,,.3035,.0956,.2237,.1296,.2585,,1.5883,.7707000000000001,.826,.9129,1.2207,,207789,205,2026,2686.088698630137,5363.261301369863,3425.590410958904,556.7102739726027,10100.3799086758,,1000000,1.1546,794.24933,4819.1064,696.46533,2.6948888,3642.0996,,24589.264,202963.73,29048.535,1387.2865,13111.013,,748.39142,9283.2822,31187.902,-5333.728,1051.6329,,70866.406,498905.5,238285.91,26828.656,30652.996,,1183531.4,.09525492,.09525492,1183531.4,753.44,219167.16,-2013158.6,333333.34,333333.34,219167.16,-333333.34,219167.16,876668.63,1333333.4,876668.63,-1333333.4
205,.0462,.044333436,.4076,.30050001,18797000,.1061,.0108450821723534,.1913062384634648,.0400226732827087,.145855368997485,.1992428613786713,.1498850782411003,,.7732101177311458,.2794328844204712,.4949282482118536,.6856734625414874,.6341561387084659,,.3431,.0776,.1808,.2043,.3294,,1.6325,.765,.9851,1.0916,1.278,,.2863857535834432,.0758745262839329,.124275999995379,.3194841119957108,.2403922047569493,,.9230854541985872,.2670296699867852,.4818526516710181,.4824717850145168,.7706188578119977,,.3035,.0956,.2237,.1296,.2585,,1.5883,.8113,.8396,.9768,1.2207,,207789,205,2025,2686.088698630137,5363.261301369863,3425.590410958904,556.7102739726027,10100.3799086758,,1000000,1.1546,809.71893,4819.1064,820.98248,2.9905667,3872.947,,26063.363,212733.67,34470.457,1996.042,14641.462,,748.39142,9283.2822,31187.902,-5333.728,1051.6329,,70866.406,539121.38,247702.47,30811.553,30652.996,,1256323,.09525492,.09525492,1256323,753.44,219167.16,-2013158.6,333333.34,333333.34,219167.16,-333333.34,219167.16,876668.63,1333333.4,876668.63,-1333333.4
205,.0462,.044333436,.4076,.30050001,18797000,.1061,.0108450821723534,.1913062384634648,.0400226732827087,.145855368997485,.1992428613786713,.1498850782411003,,.7732101177311458,.2794328844204712,.4949282482118536,.6856734625414874,.6341561387084659,,.346,.0776,.1861,.2049,.34,,1.681,.7874,1.0622,1.2154,1.3452,,.2863857535834432,.0758745262839329,.124275999995379,.3194841119957108,.2403922047569493,,.9230854541985872,.2670296699867852,.4818526516710181,.4824717850145168,.7706188578119977,,.3035,.0956,.2237,.1296,.2585,,1.5883,.8518,.8532999999999999,1.0406,1.2207,,207789,205,2024,2686.088698630137,5363.261301369863,3425.590410958904,556.7102739726027,10100.3799086758,,1000000,1.1546,825.18848,4819.1064,945.49969,3.3453798,4101.6367,,27534.432,222547.42,39892.375,2604.7974,16169.637,,748.39142,9283.2822,31187.902,-5333.728,1051.6329,,70866.406,579238.25,257188.28,34788.219,30652.996,,1329115.1,.09525492,.09525492,1329115.1,753.44,219167.16,-2013158.6,333333.34,333333.34,219167.16,-333333.34,219167.16,876668.63,1333333.4,876668.63,-1333333.4
205,.0462,.044333436,.4076,.30050001,18797000,.1061,.0108450821723534,.1913062384634648,.0400226732827087,.145855368997485,.1992428613786713,.1498850782411003,,.7732101177311458,.2794328844204712,.4949282482118536,.6856734625414874,.6341561387084659,,.3374,.0776,.1701,.2032,.3081,,1.5354,.7203000000000001,.831,.844,1.1435,,.2863857535834432,.0758745262839329,.124275999995379,.3194841119957108,.2403922047569493,,.9230854541985872,.2670296699867852,.4818526516710181,.4824717850145168,.7706188578119977,,.3035,.0956,.2237,.1296,.2585,,1.5883,.7302,.8124,.849,1.2207,,207789,205,2027,2686.088698630137,5363.261301369863,3425.590410958904,556.7102739726027,10100.3799086758,,1000000,1.1546,779.31317,4819.1064,569.59875,2.3400755,3413.4099,,23118.195,193149.98,23633.648,778.53107,11582.837,,748.39142,9283.2822,31187.902,-5333.728,1051.6329,,70866.406,458788.63,228869.33,22845.76,30652.996,,1110807.6,.09525492,.09525492,1110807.6,753.44,219167.16,-2013158.6,333333.34,333333.34,219167.16,-333333.34,219167.16,876668.63,1333333.4,876668.63,-1333333.4
235,.0306,.042934284,.662,.55519998,29988000,.0014,.0114942528735632,.1180495835397617,.0429658686436056,.0087240102991538,.0051297887612382,.0028755864328686,,1.650992650017306,1.683363624366709,1.734573838858924,2.229650192827861,2.065796060538795,,.0308,.0037,.0025,.0051,.0107,,.883,.3452,.4384,.4335,.6927,,.2320599839769537,.0031908978615267,.0033173638668598,.0055244514442827,.0073274216013902,,.6616734905194821,.809467347410084,.9303527457817897,1.230025779320581,1.126749914043042,,.0536,.0103,.0035,.0118,.0143,,.702,.3363,.3735,.348,.5732,,216121,235,2027,117.7432648401826,8581.13698630137,5824.213926940639,2814.988584474886,6276.702625570776,,1000000,1.1546,-20.401375,-8056.9692,-248.61403,-.089073494,104.90269,,-1021.0889,-938019.94,-154975.8,-44659.34,-19404.33,,-342.07993,5353.0923,97.40551,891.33575,251.64359,,188.31505,-749898.63,-655535.44,-277988.53,-23427.867,,-2866712.3,-.010094252,.010094252,-2866712.3,753.44,-1506332.5,-3202719,333333.34,-333333.34,-333333.34,-333333.34,-333333.34,-1333333.4,-1333333.4,-1333333.4,-1333333.4
235,.0306,.042934284,.662,.55519998,29988000,.0014,.0114942528735632,.1180495835397617,.0429658686436056,.0087240102991538,.0051297887612382,.0028755864328686,,1.650992650017306,1.683363624366709,1.734573838858924,2.229650192827861,2.065796060538795,,.0308,.0037,.0025,.0051,.0107,,.883,.4533,.4974,.5212,.7339,,.2320599839769537,.0031908978615267,.0033173638668598,.0055244514442827,.0073274216013902,,.6616734905194821,.809467347410084,.9303527457817897,1.230025779320581,1.126749914043042,,.0536,.0103,.0035,.0118,.0143,,.702,.3821,.3816,.392,.5732,,216121,235,2026,117.7432648401826,8581.13698630137,5824.213926940639,2814.988584474886,6276.702625570776,,1000000,1.1546,-20.401375,-8056.9692,-248.61403,-.089073494,104.90269,,-1021.0889,-862244.5,-147921.52,-42478.773,-18822.1,,-342.07993,5353.0923,97.40551,891.33575,251.64359,,188.31505,-677312.56,-646000,-264121.03,-23427.867,,-2685130.8,-.010094252,.010094252,-2685130.8,753.44,-1506332.5,-3202719,333333.34,-333333.34,-333333.34,-333333.34,-333333.34,-1333333.4,-1333333.4,-1333333.4,-1333333.4
235,.0306,.042934284,.662,.55519998,29988000,.0014,.0114942528735632,.1180495835397617,.0429658686436056,.0087240102991538,.0051297887612382,.0028755864328686,,1.650992650017306,1.683363624366709,1.734573838858924,2.229650192827861,2.065796060538795,,.0308,.0037,.0025,.0051,.0107,,.883,.6695,.6152,.6965,.8164,,.2320599839769537,.0031908978615267,.0033173638668598,.0055244514442827,.0073274216013902,,.6616734905194821,.809467347410084,.9303527457817897,1.230025779320581,1.126749914043042,,.0536,.0103,.0035,.0118,.0143,,.702,.4737,.3977,.4799,.5732,,216121,235,2024,117.7432648401826,8581.13698630137,5824.213926940639,2814.988584474886,6276.702625570776,,1000000,1.1546,-20.401375,-8056.9692,-248.61403,-.089073494,104.90269,,-1021.0889,-710693.56,-133836.88,-38120.125,-17656.225,,-342.07993,5353.0923,97.40551,891.33575,251.64359,,188.31505,-532140.44,-627046.81,-236417.53,-23427.867,,-2322142,-.010094252,.010094252,-2322142,753.44,-1506332.5,-3202719,333333.34,-333333.34,-333333.34,-333333.34,-333333.34,-1333333.4,-1333333.4,-1333333.4,-1333333.4
235,.0306,.042934284,.662,.55519998,29988000,.0014,.0114942528735632,.1180495835397617,.0429658686436056,.0087240102991538,.0051297887612382,.0028755864328686,,1.650992650017306,1.683363624366709,1.734573838858924,2.229650192827861,2.065796060538795,,.0308,.0037,.0025,.0051,.0107,,.883,.5614,.5563,.6088,.7752,,.2320599839769537,.0031908978615267,.0033173638668598,.0055244514442827,.0073274216013902,,.6616734905194821,.809467347410084,.9303527457817897,1.230025779320581,1.126749914043042,,.0536,.0103,.0035,.0118,.0143,,.702,.4279,.3896,.4359,.5732,,216121,235,2025,117.7432648401826,8581.13698630137,5824.213926940639,2814.988584474886,6276.702625570776,,1000000,1.1546,-20.401375,-8056.9692,-248.61403,-.089073494,104.90269,,-1021.0889,-786469,-140879.2,-40300.691,-18238.455,,-342.07993,5353.0923,97.40551,891.33575,251.64359,,188.31505,-604726.5,-636582.25,-250285.05,-23427.867,,-2503711.5,-.010094252,.010094252,-2503711.5,753.44,-1506332.5,-3202719,333333.34,-333333.34,-333333.34,-333333.34,-333333.34,-1333333.4,-1333333.4,-1333333.4,-1333333.4
239,.0341,.032397464,.8423,.91009998,16217000,.0417,.0203606311044328,0,0,0,0,.001182478814831,,2.787475882782446,.9723333769065261,.9667617936618484,1.056110500722702,1.085557110487681,,0,0,0,0,0,,2.6322,.6832,.6975,.7184,1.0319,,0,0,0,0,.0037248082667177,,1.44836616636101,.2967020953946068,.2597296513145005,.2309584096764709,.4284615295333224,,0,0,0,0,0,,2.2363,.3684,.4226,.417,.772,,196003,239,2024,126.7946347031964,4508.762671232877,6551.92397260274,2275.833789954338,7894.471803652968,,1000000,1.1546,0,0,0,0,-19.939751,,-222.31834,-106491.17,-36216.535,-6788.5669,-953.71045,,0,0,0,0,-169.07831,,3962.3145,59704.465,215689.67,47404.496,18287.018,,194186.66,.021339368,.021339368,194186.66,753.44,188568.42,1099512.4,333333.34,194186.66,188568.42,333333.34,333333.34,1333333.4,126191.3,754273.69,1333333.4
239,.0341,.032397464,.8423,.91009998,16217000,.0417,.0203606311044328,0,0,0,0,.001182478814831,,2.787475882782446,.9723333769065261,.9667617936618484,1.056110500722702,1.085557110487681,,0,0,0,0,0,,1.6154,.4511,.5177,.5211,.7976,,0,0,0,0,.0037248082667177,,1.44836616636101,.2967020953946068,.2597296513145005,.2309584096764709,.4284615295333224,,0,0,0,0,0,,1.553,.3399,.382,.362,.7019,,196003,239,2026,126.7946347031964,4508.762671232877,6551.92397260274,2275.833789954338,7894.471803652968,,1000000,1.1546,0,0,0,0,-19.939751,,-1678.1355,-191976.3,-60400.188,-10754.64,-5118.1978,,0,0,0,0,-169.07831,,526.17633,35971.871,161922.98,33390.172,14555.499,,-23749.75,.021339368,.021339368,-23242.945,753.44,188568.42,1099512.4,333333.34,-23242.945,188568.42,333333.34,333333.34,1333333.4,126191.3,754273.69,1333333.4
239,.0341,.032397464,.8423,.91009998,16217000,.0417,.0203606311044328,0,0,0,0,.001182478814831,,2.787475882782446,.9723333769065261,.9667617936618484,1.056110500722702,1.085557110487681,,0,0,0,0,0,,1.107,.3351,.4278,.4224,.6804,,0,0,0,0,.0037248082667177,,1.44836616636101,.2967020953946068,.2597296513145005,.2309584096764709,.4284615295333224,,0,0,0,0,0,,1.2113,.3256,.3617,.3345,.6667999999999999,,196003,239,2027,126.7946347031964,4508.762671232877,6551.92397260274,2275.833789954338,7894.471803652968,,1000000,1.1546,0,0,0,0,-19.939751,,-2406.0442,-234700.44,-72492.008,-12738.681,-7201.3301,,0,0,0,0,-169.07831,,-1192.1442,24063.938,135039.63,26383.01,12687.079,,-132746.06,.021339368,.021339368,-129913.34,753.44,188568.42,1099512.4,333333.34,-129913.34,188568.42,333333.34,333333.34,1333333.4,126191.3,754273.69,1333333.4
239,.0341,.032397464,.8423,.91009998,16217000,.0417,.0203606311044328,0,0,0,0,.001182478814831,,2.787475882782446,.9723333769065261,.9667617936618484,1.056110500722702,1.085557110487681,,0,0,0,0,0,,2.1238,.5671,.6076,.6198,.9147,,0,0,0,0,.0037248082667177,,1.44836616636101,.2967020953946068,.2597296513145005,.2309584096764709,.4284615295333224,,0,0,0,0,0,,1.8946,.3541,.4023,.3895,.737,,196003,239,2025,126.7946347031964,4508.762671232877,6551.92397260274,2275.833789954338,7894.471803652968,,1000000,1.1546,0,0,0,0,-19.939751,,-950.22693,-149252.14,-48308.359,-8770.5977,-3036.8428,,0,0,0,0,-169.07831,,2243.9939,47796.531,188806.33,40397.336,16423.92,,85160.93,.021339368,.021339368,85160.93,753.44,188568.42,1099512.4,333333.34,85160.93,188568.42,333333.34,333333.34,1333333.4,126191.3,754273.69,1333333.4
242,.0432,.045777068,.4558,.3511,10195000,.0018,0,.0792328235425451,.1410003185261927,.2295977472549501,.2291288845350306,.2313240454749782,,.6333937296591758,.1553762357518039,.3941488497933458,.2395323549177709,.4888940591680169,,.2354,.2101,.1614,.1998,.3131,,.4816,.4707,.5172,.4502,.6915,,.2292092661130814,.2135632975421063,.4376464889801814,.3407810673767281,.3259024450327683,,.5741412558428436,.1007327351916099,.3185440189179547,.1750840129684542,.6348062647210522,,.2978,.3491,.2374,.1831,.4239,,.5637,.4361,.4759,.3158,.8038999999999999,,61166,242,2025,132.9372146118722,624.3079908675799,1176.079109589041,246.811301369863,4408.465753424657,,1000000,1.1546,41.228386,1031.5413,-550.07837,-7.6891789,770.04547,,-227.86143,16081.021,2970.8828,459.25711,2010.9711,,148.44402,7425.0771,-21565.57,-1963.6206,2484.0688,,-55.050037,38668.961,37405.742,3888.4583,5026.4272,,94042.266,.0018,.0018,94042.266,753.44,-89072.945,-1067416.5,333333.34,94042.266,-89072.945,-333333.34,-328364.03,-1297701.1,324761.88,-356291.78,-1333333.4
242,.0432,.045777068,.4558,.3511,10195000,.0018,0,.0792328235425451,.1410003185261927,.2295977472549501,.2291288845350306,.2313240454749782,,.6333937296591758,.1553762357518039,.3941488497933458,.2395323549177709,.4888940591680169,,.2354,.1542,.1306,.1518,.2441,,.4816,.4345,.5054999999999999,.4502,.6915,,.2292092661130814,.2135632975421063,.4376464889801814,.3407810673767281,.3259024450327683,,.5741412558428436,.1007327351916099,.3185440189179547,.1750840129684542,.6348062647210522,,.2978,.2504,.1831,.1525,.3297,,.5637,.414,.4558,.3158,.788,,61166,242,2026,132.9372146118722,624.3079908675799,1176.079109589041,246.811301369863,4408.465753424657,,1000000,1.1546,41.228386,197.04889,-798.50909,-20.27338,120.30512,,-227.86143,14234.877,2688.4043,459.25711,2010.9711,,148.44402,2018.0168,-27413.416,-2344.686,96.261459,,-55.050037,36120.758,32627.688,3888.4583,4553.7886,,68345.711,.0018,.0018,68345.711,753.44,-89072.945,-1067416.5,333333.34,68345.711,-89072.945,-333333.34,-333333.34,-1297701.1,324761.88,-356291.78,-1333333.4
242,.0432,.045777068,.4558,.3511,10195000,.0018,0,.0792328235425451,.1410003185261927,.2295977472549501,.2291288845350306,.2313240454749782,,.6333937296591758,.1553762357518039,.3941488497933458,.2395323549177709,.4888940591680169,,.2354,.0984,.0997,.1037,.1752,,.4816,.3982,.4939,.4502,.6915,,.2292092661130814,.2135632975421063,.4376464889801814,.3407810673767281,.3259024450327683,,.5741412558428436,.1007327351916099,.3185440189179547,.1750840129684542,.6348062647210522,,.2978,.1518,.1289,.1219,.2354,,.5637,.3919,.4356,.3158,.7721,,61166,242,2027,132.9372146118722,624.3079908675799,1176.079109589041,246.811301369863,4408.465753424657,,1000000,1.1546,41.228386,-635.95062,-1047.7463,-32.883801,-528.49359,,-227.86143,12383.634,2408.3398,459.25711,2010.9711,,148.44402,-3383.5649,-33250.492,-2725.7515,-2294.0806,,-55.050037,33572.555,27825.861,3888.4583,4081.1504,,42638.023,.0018,.0018,42638.023,753.44,-89072.945,-1067416.5,333333.34,42638.023,-89072.945,-333333.34,-333333.34,-1297701.1,324761.88,-356291.78,-1333333.4
242,.0432,.045777068,.4558,.3511,10195000,.0018,0,.0792328235425451,.1410003185261927,.2295977472549501,.2291288845350306,.2313240454749782,,.6333937296591758,.1553762357518039,.3941488497933458,.2395323549177709,.4888940591680169,,.2354,.2659,.1923,.2479,.382,,.4816,.507,.5288,.4502,.6915,,.2292092661130814,.2135632975421063,.4376464889801814,.3407810673767281,.3259024450327683,,.5741412558428436,.1007327351916099,.3185440189179547,.1750840129684542,.6348062647210522,,.2978,.4477,.2916,.2137,.5181,,.5637,.4581,.4961,.3158,.8198,,61166,242,2024,132.9372146118722,624.3079908675799,1176.079109589041,246.811301369863,4408.465753424657,,1000000,1.1546,41.228386,1864.5408,-300.84109,4.9212399,1418.8442,,-227.86143,17932.264,3250.9473,459.25711,2010.9711,,148.44402,12826.659,-15728.495,-1582.5553,4871.876,,-55.050037,41205.637,42207.566,3888.4583,5499.0654,,119735.87,.0018,.0018,119735.87,753.44,-89072.945,-1067416.5,333333.34,119735.87,-89072.945,-333333.34,-302670.44,-1297701.1,324761.88,-356291.78,-1333333.4
243,.034,.034356553,.4653,.48590001,52659000,0,0,.054927546672597,.0824722061572341,.0367945848480784,.0110345390395047,.0940762933444213,,.3386680156067776,.0567127124702443,.0234965989513299,.0508148556570534,.1084677054682973,,.2387,.0884,.0568,.0858,.1284,,.2409,.1875,.2212,.2821,.3852,,.2815940410675002,.9768673129244498,.0314533719603624,.0221650512531051,.0865333068210838,,.4240030511243429,.023483324768638,.0203067937330455,.0383510811357108,.0905628495656939,,.3229,.1124,.0601,.0377,.0607,,.294,.1666,.1685,.2404,.2848,,431970,243,2025,218.6732876712329,6729.823630136986,21682.91073059361,4272.046917808219,14837.63184931507,,1000000,1.1546,79.806114,953.91229,2974.9739,339.27856,1087.8326,,-241.41428,71899.727,88002.508,8727.2363,9244.6533,,147.048,-510501.97,56878.824,3348.5659,-2203.969,,-1127.4767,177884,649477.88,96641.016,19433.064,,673045.44,0,0,673045.44,753.44,-87033.758,1084776.1,333333.34,333333.34,-87033.758,333333.34,333333.34,1333333.4,1333333.4,-348135.03,1333333.4
243,.034,.034356553,.4653,.48590001,52659000,0,0,.054927546672597,.0824722061572341,.0367945848480784,.0110345390395047,.0940762933444213,,.3386680156067776,.0567127124702443,.0234965989513299,.0508148556570534,.1084677054682973,,.2341,.0706,.0568,.0729,.1211,,.2409,.1875,.2212,.2821,.3852,,.2815940410675002,.9768673129244498,.0314533719603624,.0221650512531051,.0865333068210838,,.4240030511243429,.023483324768638,.0203067937330455,.0383510811357108,.0905628495656939,,.2898,.0804,.0529,.0377,.0607,,.294,.1666,.1685,.2381,.2848,,431970,243,2026,218.6732876712329,6729.823630136986,21682.91073059361,4272.046917808219,14837.63184931507,,1000000,1.1546,77.808487,-1910.4988,2974.9739,280.73959,856.47125,,-241.41428,71899.727,88002.508,8727.2363,9244.6533,,29.212973,-529399.25,42582.984,3348.5659,-2203.969,,-1127.4767,177884,649477.88,95540.914,19433.064,,635478.19,0,0,635478.19,753.44,-87033.758,1084776.1,333333.34,333333.34,-87033.758,333333.34,333333.34,1333333.4,1333333.4,-348135.03,1333333.4
243,.034,.034356553,.4653,.48590001,52659000,0,0,.054927546672597,.0824722061572341,.0367945848480784,.0110345390395047,.0940762933444213,,.3386680156067776,.0567127124702443,.0234965989513299,.0508148556570534,.1084677054682973,,.2295,.0529,.0568,.06,.1138,,.2409,.1875,.2212,.2821,.3852,,.2815940410675002,.9768673129244498,.0314533719603624,.0221650512531051,.0865333068210838,,.4240030511243429,.023483324768638,.0203067937330455,.0383510811357108,.0905628495656939,,.2566,.0485,.0457,.0377,.0607,,.294,.1666,.1685,.2358,.2848,,431970,243,2027,218.6732876712329,6729.823630136986,21682.91073059361,4272.046917808219,14837.63184931507,,1000000,1.1546,75.810867,-4758.8179,2974.9739,222.20061,625.10999,,-241.41428,71899.727,88002.508,8727.2363,9244.6533,,-88.97805,-548237.44,28287.148,3348.5659,-2203.969,,-1127.4767,177884,649477.88,94440.813,19433.064,,597985.56,0,0,597985.56,753.44,-87033.758,1084776.1,333333.34,333333.34,-87033.758,333333.34,333333.34,1333333.4,1333333.4,-348135.03,1333333.4
243,.034,.034356553,.4653,.48590001,52659000,0,0,.054927546672597,.0824722061572341,.0367945848480784,.0110345390395047,.0940762933444213,,.3386680156067776,.0567127124702443,.0234965989513299,.0508148556570534,.1084677054682973,,.2433,.1061,.0568,.0987,.1357,,.2409,.1875,.2212,.2821,.3852,,.2815940410675002,.9768673129244498,.0314533719603624,.0221650512531051,.0865333068210838,,.4240030511243429,.023483324768638,.0203067937330455,.0383510811357108,.0905628495656939,,.3561,.1443,.0672,.0377,.0607,,.294,.1666,.1685,.2426,.2848,,431970,243,2024,218.6732876712329,6729.823630136986,21682.91073059361,4272.046917808219,14837.63184931507,,1000000,1.1546,81.803734,3802.2312,2974.9739,397.81754,1319.1938,,-241.41428,71899.727,88002.508,8727.2363,9244.6533,,265.23901,-491663.75,70976.109,3348.5659,-2203.969,,-1127.4767,177884,649477.88,97693.289,19433.064,,710291.69,0,0,710291.69,753.44,-87033.758,1084776.1,333333.34,333333.34,-87033.758,333333.34,333333.34,1333333.4,1333333.4,-348135.03,1333333.4
246,.0443,.043679897,.4076,.27669999,6717000,.008,0,.0005779317540697,.2892440784262436,.2137580115375315,.4926656760662819,.1728158474066485,,1.550354516875087,1.073195366316458,.6820750168908254,.7202126833812004,.8696059012629508,,.0656,.1189,.0651,.054,.0696,,1.3097,.5298,.6637999999999999,.6795,.9101,,.0023117270162789,.9955355951879952,.4249568090723992,.4415772580000634,.2494549048704937,,.924239637926624,.71459436986847,.475025446368143,.5014984165589614,.5658627508678263,,.0894,.1452,.0918,.0683,.1734,,.8425,.5914,.5760999999999999,.5757,.8633,,37088,246,2026,109.6256849315069,541.1535388127854,522.5946347031963,370.6068493150685,2453.340639269406,,1000000,1.1546,14.155757,-2204.2417,-532.80865,-172.68971,-540.88824,,-297.9043,-24021.186,-196.05867,-133.27116,223.67413,,155.42564,-40379.043,-15943.114,-6980.041,-1072.8672,,-355.38846,-12312.729,10676.41,3078.8999,4920.3682,,-86073.297,.0080000004,.0080000004,-85384.711,753.44,12995.93,-879255.38,333333.34,-85384.711,12995.93,-333333.34,-333333.34,-1333333.4,-273201.09,51983.719,-1333333.4
246,.0443,.043679897,.4076,.27669999,6717000,.008,0,.0005779317540697,.2892440784262436,.2137580115375315,.4926656760662819,.1728158474066485,,1.550354516875087,1.073195366316458,.6820750168908254,.7202126833812004,.8696059012629508,,.0656,.1137,.0651,.054,.0696,,1.2292,.445,.5427999999999999,.5427,.8129999999999999,,.0023117270162789,.9955355951879952,.4249568090723992,.4415772580000634,.2494549048704937,,.924239637926624,.71459436986847,.475025446368143,.5014984165589614,.5658627508678263,,.0894,.1452,.0918,.0683,.1734,,.8425,.441,.4903,.4813,.8497,,37088,246,2027,109.6256849315069,541.1535388127854,522.5946347031963,370.6068493150685,2453.340639269406,,1000000,1.1546,14.155757,-2271.5293,-532.80865,-172.68971,-540.88824,,-397.5546,-27769.832,-1494.175,-581.0799,-312.66965,,155.42564,-40379.043,-15943.114,-6980.041,-1072.8672,,-355.38846,-27344.539,1613.4368,-838.10748,4695.3896,,-120507.92,.0080000004,.0080000004,-119543.86,753.44,12995.93,-879255.38,333333.34,-119543.86,12995.93,-333333.34,-333333.34,-1333333.4,-273201.09,51983.719,-1333333.4
246,.0443,.043679897,.4076,.27669999,6717000,.008,0,.0005779317540697,.2892440784262436,.2137580115375315,.4926656760662819,.1728158474066485,,1.550354516875087,1.073195366316458,.6820750168908254,.7202126833812004,.8696059012629508,,.0656,.1293,.0651,.054,.0696,,1.4706,.6995,.9059,.9530999999999999,1.1045,,.0023117270162789,.9955355951879952,.4249568090723992,.4415772580000634,.2494549048704937,,.924239637926624,.71459436986847,.475025446368143,.5014984165589614,.5658627508678263,,.0894,.1452,.0918,.0683,.1734,,.8425,.8922,.7477,.7645999999999999,.8905,,37088,246,2024,109.6256849315069,541.1535388127854,522.5946347031963,370.6068493150685,2453.340639269406,,1000000,1.1546,14.155757,-2069.6663,-532.80865,-172.68971,-540.88824,,-98.72747,-16519.475,2401.2471,762.34625,1297.4664,,155.42564,-40379.043,-15943.114,-6980.041,-1072.8672,,-355.38846,17750.893,28802.357,10917.064,5370.3257,,-17193.43,.0080000004,.0080000004,-17055.883,753.44,12995.93,-879255.38,333333.34,-17055.883,12995.93,-333333.34,-333333.34,-1333333.4,-273201.09,51983.719,-1333333.4
246,.0443,.043679897,.4076,.27669999,6717000,.008,0,.0005779317540697,.2892440784262436,.2137580115375315,.4926656760662819,.1728158474066485,,1.550354516875087,1.073195366316458,.6820750168908254,.7202126833812004,.8696059012629508,,.0656,.1241,.0651,.054,.0696,,1.3901,.6147,.7848000000000001,.8163,1.0073,,.0023117270162789,.9955355951879952,.4249568090723992,.4415772580000634,.2494549048704937,,.924239637926624,.71459436986847,.475025446368143,.5014984165589614,.5658627508678263,,.0894,.1452,.0918,.0683,.1734,,.8425,.7418,.6619,.6702,.8769,,37088,246,2025,109.6256849315069,541.1535388127854,522.5946347031963,370.6068493150685,2453.340639269406,,1000000,1.1546,14.155757,-2136.9541,-532.80865,-172.68971,-540.88824,,-198.37778,-20268.119,1102.0577,314.53757,760.57031,,155.42564,-40379.043,-15943.114,-6980.041,-1072.8672,,-355.38846,2719.0815,19739.385,7000.0566,5145.3472,,-51629.684,.0080000004,.0080000004,-51216.645,753.44,12995.93,-879255.38,333333.34,-51216.645,12995.93,-333333.34,-333333.34,-1333333.4,-273201.09,51983.719,-1333333.4
249,.0481,.054894678,.47,.3486,4394000,.0056,.1287978863936592,0,0,0,0,0,,2.75022691382965,2.332334464681582,2.466890394299227,2.805233892771515,2.715616932251354,,.0209,.0187,.0315,.0126,.1052,,.2303,.2231,.1312,.2668,.1777,,0,0,0,0,0,,6.233322729794706,5.6917142836842,5.795048523635952,6.831185459951465,6.334630848322939,,.0296,.0267,.0524,.02,.176,,.4714,.3467,.2218,.4301,.4335,,17233,249,2024,200.6021689497717,166.0173515981735,330.500799086758,15.66449771689498,1246.975913242009,,1000000,1.1546,8.3261061,74.234665,71.400467,.20965557,280.20578,,-5708.1318,-28604.631,-15847.147,-351.21683,-7125.2754,,96.666946,388.96445,1585.8544,15.807364,1261.9194,,-45841.77,-163887.3,-372305.47,-11226.362,-49617.824,,-696731.56,-.12319788,.12319788,-696731.56,753.44,-66166.734,-533431.63,333333.34,-333333.34,-66166.734,-333333.34,-333333.34,-1333333.4,-1333333.4,-264666.94,-1333333.4
249,.0481,.054894678,.47,.3486,4394000,.0056,.1287978863936592,0,0,0,0,0,,2.75022691382965,2.332334464681582,2.466890394299227,2.805233892771515,2.715616932251354,,.0209,.0187,.0315,.0126,.1052,,.2303,.2231,.1312,.2668,.1777,,0,0,0,0,0,,6.233322729794706,5.6917142836842,5.795048523635952,6.831185459951465,6.334630848322939,,.0296,.0267,.0524,.02,.176,,.4714,.3467,.2218,.4301,.4335,,17233,249,2026,200.6021689497717,166.0173515981735,330.500799086758,15.66449771689498,1246.975913242009,,1000000,1.1546,8.3261061,74.234665,71.400467,.20965557,280.20578,,-5708.1318,-28604.631,-15847.147,-351.21683,-7125.2754,,96.666946,388.96445,1585.8544,15.807364,1261.9194,,-45841.77,-163887.3,-372305.47,-11226.362,-49617.824,,-696731.56,-.12319788,.12319788,-696731.56,753.44,-66166.734,-533431.63,333333.34,-333333.34,-66166.734,-333333.34,-333333.34,-1333333.4,-1333333.4,-264666.94,-1333333.4
249,.0481,.054894678,.47,.3486,4394000,.0056,.1287978863936592,0,0,0,0,0,,2.75022691382965,2.332334464681582,2.466890394299227,2.805233892771515,2.715616932251354,,.0209,.0187,.0315,.0126,.1052,,.2303,.2231,.1312,.2668,.1777,,0,0,0,0,0,,6.233322729794706,5.6917142836842,5.795048523635952,6.831185459951465,6.334630848322939,,.0296,.0267,.0524,.02,.176,,.4714,.3467,.2218,.4301,.4335,,17233,249,2025,200.6021689497717,166.0173515981735,330.500799086758,15.66449771689498,1246.975913242009,,1000000,1.1546,8.3261061,74.234665,71.400467,.20965557,280.20578,,-5708.1318,-28604.631,-15847.147,-351.21683,-7125.2754,,96.666946,388.96445,1585.8544,15.807364,1261.9194,,-45841.77,-163887.3,-372305.47,-11226.362,-49617.824,,-696731.56,-.12319788,.12319788,-696731.56,753.44,-66166.734,-533431.63,333333.34,-333333.34,-66166.734,-333333.34,-333333.34,-1333333.4,-1333333.4,-264666.94,-1333333.4
249,.0481,.054894678,.47,.3486,4394000,.0056,.1287978863936592,0,0,0,0,0,,2.75022691382965,2.332334464681582,2.466890394299227,2.805233892771515,2.715616932251354,,.0209,.0187,.0315,.0126,.1052,,.2303,.2231,.1312,.2668,.1777,,0,0,0,0,0,,6.233322729794706,5.6917142836842,5.795048523635952,6.831185459951465,6.334630848322939,,.0296,.0267,.0524,.02,.176,,.4714,.3467,.2218,.4301,.4335,,17233,249,2027,200.6021689497717,166.0173515981735,330.500799086758,15.66449771689498,1246.975913242009,,1000000,1.1546,8.3261061,74.234665,71.400467,.20965557,280.20578,,-5708.1318,-28604.631,-15847.147,-351.21683,-7125.2754,,96.666946,388.96445,1585.8544,15.807364,1261.9194,,-45841.77,-163887.3,-372305.47,-11226.362,-49617.824,,-696731.56,-.12319788,.12319788,-696731.56,753.44,-66166.734,-533431.63,333333.34,-333333.34,-66166.734,-333333.34,-333333.34,-1333333.4,-1333333.4,-264666.94,-1333333.4
255,.0426,.031556241,.6556,.55409998,6718000,.0875,.1532823454429573,.2915400248733582,.1548532674311459,.1410666258080543,.1811149959711474,.2473816118948655,,1.150474441383532,.2646817933864822,2.013932600091931,.7926592013879706,1.306212151954457,,.3247,.0399,.2407,.1174,.3923,,1.4443,.9802,.7389,.851,1.114,,.1434593914391894,.1076583711645102,.0351666635329284,.0408946815031881,.0852353845149665,,.7128586805354483,.1955482431521388,1.280110987006187,.5292704397414716,.7973308759264134,,.469,.03,.2412,.1715,.418,,.6069,.7611,.5606,.8044,.5145,,37552,255,2026,206.9845890410959,3811.192237442922,570.7025114155251,323.7208904109589,2739.396232876712,,1000000,1.1546,13.630513,-10475.96,389.97128,-21.909466,847.97223,,686.74896,222761.2,-14938.066,166.81538,-1185.5009,,1096.9678,-25971.336,10767.3,2133.2639,5241.4673,,-869.82697,398085.31,-82997.633,9971.8779,-5224.2754,,510478.03,-.065782346,.065782346,476897.59,753.44,234347.28,-681877.13,333333.34,333333.34,234347.28,-333333.34,234347.28,937389.13,1333333.4,937389.13,-1333333.4
255,.0426,.031556241,.6556,.55409998,6718000,.0875,.1532823454429573,.2915400248733582,.1548532674311459,.1410666258080543,.1811149959711474,.2473816118948655,,1.150474441383532,.2646817933864822,2.013932600091931,.7926592013879706,1.306212151954457,,.3247,.0399,.2191,.1174,.392,,1.4443,.9442,.7389,.851,1.114,,.1434593914391894,.1076583711645102,.0351666635329284,.0408946815031881,.0852353845149665,,.7128586805354483,.1955482431521388,1.280110987006187,.5292704397414716,.7973308759264134,,.469,.03,.2412,.1715,.418,,.6069,.7611,.5606,.8044,.5145,,37552,255,2027,206.9845890410959,3811.192237442922,570.7025114155251,323.7208904109589,2739.396232876712,,1000000,1.1546,13.630513,-10475.96,305.42752,-21.909466,846.21686,,686.74896,211553.38,-14938.066,166.81538,-1185.5009,,1096.9678,-25971.336,10767.3,2133.2639,5241.4673,,-869.82697,398085.31,-82997.633,9971.8779,-5224.2754,,499183.91,-.065782346,.065782346,466346.41,753.44,234347.28,-681877.13,333333.34,333333.34,234347.28,-333333.34,234347.28,937389.13,1333333.4,937389.13,-1333333.4
255,.0426,.031556241,.6556,.55409998,6718000,.0875,.1532823454429573,.2915400248733582,.1548532674311459,.1410666258080543,.1811149959711474,.2473816118948655,,1.150474441383532,.2646817933864822,2.013932600091931,.7926592013879706,1.306212151954457,,.3247,.0399,.2839,.1174,.3927,,1.4443,1.0522,.7389,.851,1.114,,.1434593914391894,.1076583711645102,.0351666635329284,.0408946815031881,.0852353845149665,,.7128586805354483,.1955482431521388,1.280110987006187,.5292704397414716,.7973308759264134,,.469,.03,.2412,.1715,.418,,.6069,.7611,.5606,.8044,.5145,,37552,255,2024,206.9845890410959,3811.192237442922,570.7025114155251,323.7208904109589,2739.396232876712,,1000000,1.1546,13.630513,-10475.96,559.05878,-21.909466,850.31281,,686.74896,245176.86,-14938.066,166.81538,-1185.5009,,1096.9678,-25971.336,10767.3,2133.2639,5241.4673,,-869.82697,398085.31,-82997.633,9971.8779,-5224.2754,,533065.13,-.065782346,.065782346,497998.84,753.44,234347.28,-681877.13,333333.34,333333.34,234347.28,-333333.34,234347.28,937389.13,1333333.4,937389.13,-1333333.4
255,.0426,.031556241,.6556,.55409998,6718000,.0875,.1532823454429573,.2915400248733582,.1548532674311459,.1410666258080543,.1811149959711474,.2473816118948655,,1.150474441383532,.2646817933864822,2.013932600091931,.7926592013879706,1.306212151954457,,.3247,.0399,.2623,.1174,.3925,,1.4443,1.0162,.7389,.851,1.114,,.1434593914391894,.1076583711645102,.0351666635329284,.0408946815031881,.0852353845149665,,.7128586805354483,.1955482431521388,1.280110987006187,.5292704397414716,.7973308759264134,,.469,.03,.2412,.1715,.418,,.6069,.7611,.5606,.8044,.5145,,37552,255,2025,206.9845890410959,3811.192237442922,570.7025114155251,323.7208904109589,2739.396232876712,,1000000,1.1546,13.630513,-10475.96,474.51505,-21.909466,849.14252,,686.74896,233969.03,-14938.066,166.81538,-1185.5009,,1096.9678,-25971.336,10767.3,2133.2639,5241.4673,,-869.82697,398085.31,-82997.633,9971.8779,-5224.2754,,521771.59,-.065782346,.065782346,487448.22,753.44,234347.28,-681877.13,333333.34,333333.34,234347.28,-333333.34,234347.28,937389.13,1333333.4,937389.13,-1333333.4
257,.0182,.014823766,.5936,.69239998,15750000,0,0,.1702664796633941,.0061738219541194,.0320049481651379,.0415803734879328,.1998648960671075,,.1702664796633941,.043972558856573,.6940322001458197,.4975395102894071,.236588638233293,,0,.0011,.0104,.01,.0672,,.8983,.0648,.323,.3102,.4996,,.0113510986442263,.0893281309121134,.0718004554315877,.0533323866341162,.2353062149865228,,.0227021972884526,.0094745170203138,.1834885013236287,.1967109053317911,.1072374965578031,,0,.002,.0324,.0446,.1455,,1.2677,.0781,.2339,.2071,.4875,,494004,257,2026,1.220890410958904,37997.82089041096,6940.629109589041,3176.943949771689,5644.563584474886,,1000000,1.1546,-.41282487,-4610.0493,-1028.4189,-106.57276,-1599.52,,10.036874,64647.629,-52865.672,-5256.9268,3342.4973,,-.22561359,-291177.63,-25041.457,-1399.7662,-2914.7256,,60.28421,481600.66,70720.766,3695.3555,14472.99,,252548.83,0,0,252548.83,753.44,942481.63,1556099.6,333333.34,252548.83,333333.34,333333.34,333333.34,1333333.4,1010201.8,1333333.4,1333333.4
257,.0182,.014823766,.5936,.69239998,15750000,0,0,.1702664796633941,.0061738219541194,.0320049481651379,.0415803734879328,.1998648960671075,,.1702664796633941,.043972558856573,.6940322001458197,.4975395102894071,.236588638233293,,0,.0011,.0104,.01,.0672,,.8983,.0648,.323,.3102,.4996,,.0113510986442263,.0893281309121134,.0718004554315877,.0533323866341162,.2353062149865228,,.0227021972884526,.0094745170203138,.1834885013236287,.1967109053317911,.1072374965578031,,0,.002,.0324,.0446,.1455,,1.2016,.0781,.2339,.2071,.4875,,494004,257,2027,1.220890410958904,37997.82089041096,6940.629109589041,3176.943949771689,5644.563584474886,,1000000,1.1546,-.41282487,-4610.0493,-1028.4189,-106.57276,-1599.52,,10.036874,64647.629,-52865.672,-5256.9268,3342.4973,,-.22561359,-291177.63,-25041.457,-1399.7662,-2914.7256,,57.083572,481600.66,70720.766,3695.3555,14472.99,,252545.64,0,0,252545.64,753.44,942481.63,1556099.6,333333.34,252545.64,333333.34,333333.34,333333.34,1333333.4,1010201.8,1333333.4,1333333.4
257,.0182,.014823766,.5936,.69239998,15750000,0,0,.1702664796633941,.0061738219541194,.0320049481651379,.0415803734879328,.1998648960671075,,.1702664796633941,.043972558856573,.6940322001458197,.4975395102894071,.236588638233293,,0,.0011,.0104,.01,.0672,,.8983,.0648,.323,.3102,.4996,,.0113510986442263,.0893281309121134,.0718004554315877,.0533323866341162,.2353062149865228,,.0227021972884526,.0094745170203138,.1834885013236287,.1967109053317911,.1072374965578031,,0,.002,.0324,.0446,.1455,,1.4,.0781,.2339,.2071,.4875,,494004,257,2024,1.220890410958904,37997.82089041096,6940.629109589041,3176.943949771689,5644.563584474886,,1000000,1.1546,-.41282487,-4610.0493,-1028.4189,-106.57276,-1599.52,,10.036874,64647.629,-52865.672,-5256.9268,3342.4973,,-.22561359,-291177.63,-25041.457,-1399.7662,-2914.7256,,66.690323,481600.66,70720.766,3695.3555,14472.99,,252555.23,0,0,252555.23,753.44,942481.63,1556099.6,333333.34,252555.23,333333.34,333333.34,333333.34,1333333.4,1010201.8,1333333.4,1333333.4
257,.0182,.014823766,.5936,.69239998,15750000,0,0,.1702664796633941,.0061738219541194,.0320049481651379,.0415803734879328,.1998648960671075,,.1702664796633941,.043972558856573,.6940322001458197,.4975395102894071,.236588638233293,,0,.0011,.0104,.01,.0672,,.8983,.0648,.323,.3102,.4996,,.0113510986442263,.0893281309121134,.0718004554315877,.0533323866341162,.2353062149865228,,.0227021972884526,.0094745170203138,.1834885013236287,.1967109053317911,.1072374965578031,,0,.002,.0324,.0446,.1455,,1.3338,.0781,.2339,.2071,.4875,,494004,257,2025,1.220890410958904,37997.82089041096,6940.629109589041,3176.943949771689,5644.563584474886,,1000000,1.1546,-.41282487,-4610.0493,-1028.4189,-106.57276,-1599.52,,10.036874,64647.629,-52865.672,-5256.9268,3342.4973,,-.22561359,-291177.63,-25041.457,-1399.7662,-2914.7256,,63.484848,481600.66,70720.766,3695.3555,14472.99,,252552.05,0,0,252552.05,753.44,942481.63,1556099.6,333333.34,252552.05,333333.34,333333.34,333333.34,1333333.4,1010201.8,1333333.4,1333333.4
267,.0277,.02681862,.5485,.52819997,152614000,.0521,.0869015889996588,.7723601790317141,.0819099303206703,.1220760700643178,.1651125658815847,.3012234501305543,,2.186007948809082,.4896420383921136,.6547574649344959,.5972024307572297,1.368712849489816,,.2386,.0657,.0782,.0723,.1312,,1.0674,.2994,.3905,.3835,.6374,,.579563835358003,.1851256467086705,.1390193172722995,.1140538826202103,.2760442437976803,,2.062846826037697,.3859221228952899,.5117698666987318,.501804311071037,1.246510264142795,,.2861,.0734,.0707,.0763,.1632,,1.1539,.2518,.32,.2869,.6073,,1956290,267,2027,2037.265639269406,65902.65045662101,74667.21940639269,12459.07111872146,52823.38789954338,,1000000,1.1546,-2159.5032,-25544.398,-22468.584,-1228.3209,-19183.965,,-25733.33,-1024159,-405061.13,-23517.336,-86975.242,,-9733.1387,-646101.75,-467124.88,-23733.418,-34274.141,,-73441.992,-1632474,-2894202,-299778,-227674.5,,-7944568.5,-.034801587,.034801587,-7944568.5,753.44,974330.63,-3098068.8,333333.34,-333333.34,333333.34,-333333.34,-333333.34,-1333333.4,-1333333.4,1333333.4,-1333333.4
267,.0277,.02681862,.5485,.52819997,152614000,.0521,.0869015889996588,.7723601790317141,.0819099303206703,.1220760700643178,.1651125658815847,.3012234501305543,,2.186007948809082,.4896420383921136,.6547574649344959,.5972024307572297,1.368712849489816,,.2982,.0729,.0917,.0861,.1814,,1.3553,.3149,.4119,.4418,.7663,,.579563835358003,.1851256467086705,.1390193172722995,.1140538826202103,.2760442437976803,,2.062846826037697,.3859221228952899,.5117698666987318,.501804311071037,1.246510264142795,,.3536,.0734,.0713,.0764,.1961,,1.4009,.2518,.3358,.3433,.7224,,1956290,267,2026,2037.265639269406,65902.65045662101,74667.21940639269,12459.07111872146,52823.38789954338,,1000000,1.1546,-1918.3717,-14198.288,-15555.342,-1045.6858,-13519.834,,-19110.254,-940715.44,-372258.63,-17101.59,-71645.125,,-7494.4067,-646101.75,-463022.47,-23670.555,-24281.436,,-53484.641,-1632474,-2655747.5,-221103.55,-186678.08,,-7381127,-.034801587,.034801587,-7381127,753.44,974330.63,-3098068.8,333333.34,-333333.34,333333.34,-333333.34,-333333.34,-1333333.4,-1333333.4,1333333.4,-1333333.4
267,.0277,.02681862,.5485,.52819997,152614000,.0521,.0869015889996588,.7723601790317141,.0819099303206703,.1220760700643178,.1651125658815847,.3012234501305543,,2.186007948809082,.4896420383921136,.6547574649344959,.5972024307572297,1.368712849489816,,.3577,.08,.1053,.1,.2315,,1.6433,.3304,.4332,.5001,.8953,,.579563835358003,.1851256467086705,.1390193172722995,.1140538826202103,.2760442437976803,,2.062846826037697,.3859221228952899,.5117698666987318,.501804311071037,1.246510264142795,,.421,.0734,.0719,.0765,.229,,1.6478,.2518,.3516,.3997,.8375,,1956290,267,2025,2037.265639269406,65902.65045662101,74667.21940639269,12459.07111872146,52823.38789954338,,1000000,1.1546,-1677.6448,-3009.7615,-8590.8916,-861.72729,-7866.9868,,-12484.877,-857271.94,-339609.38,-10685.843,-56303.121,,-5258.9917,-646101.75,-458920.03,-23607.691,-14288.73,,-33535.367,-1632474,-2417293,-142429.09,-145681.66,,-6817952.5,-.034801587,.034801587,-6817952.5,753.44,974330.63,-3098068.8,333333.34,-333333.34,333333.34,-333333.34,-333333.34,-1333333.4,-1333333.4,1333333.4,-1333333.4
267,.0277,.02681862,.5485,.52819997,152614000,.0521,.0869015889996588,.7723601790317141,.0819099303206703,.1220760700643178,.1651125658815847,.3012234501305543,,2.186007948809082,.4896420383921136,.6547574649344959,.5972024307572297,1.368712849489816,,.4173,.0872,.1188,.1138,.2816,,1.9312,.3458,.4546,.5584,1.0242,,.579563835358003,.1851256467086705,.1390193172722995,.1140538826202103,.2760442437976803,,2.062846826037697,.3859221228952899,.5117698666987318,.501804311071037,1.246510264142795,,.4885,.0734,.0724,.0767,.2619,,1.8947,.2518,.3674,.4562,.9526,,1956290,267,2024,2037.265639269406,65902.65045662101,74667.21940639269,12459.07111872146,52823.38789954338,,1000000,1.1546,-1436.5133,8336.3496,-1677.6493,-679.09229,-2214.1392,,-5861.8008,-774366.81,-306806.88,-4270.0957,-40973.008,,-3020.2595,-646101.75,-455501.34,-23481.963,-4296.0259,,-13586.095,-1632474,-2178838.5,-63615.145,-104685.23,,-6255549.5,-.034801587,.034801587,-6255549.5,753.44,974330.63,-3098068.8,333333.34,-333333.34,333333.34,-333333.34,-333333.34,-1333333.4,-1333333.4,1333333.4,-1333333.4
332,.0369,.040532492,.3453,.30199999,8737000,.0348,.0866394399066511,.1139854281388134,.0219523315150225,.2960497390723037,.2391391560065117,.3275429568098028,,2.071249287681927,.3694180376521458,.6894740453620828,.6415477106480997,.8869946501713685,,.324,.0635,.1198,.13,.2297,,1.5185,.5181,.5481,.6232,.901,,.1818359212920038,.027942470916026,.2512885567505286,.2455817777249968,.4126657473243268,,2.755047309082963,.3265067816793515,.7466736276679439,.734835002076321,1.12066470027895,,.584,.0825,.1551,.1939,.3211,,1.6447,.3123,.3144,.3063,.7058,,151138,332,2026,620.4019406392694,4213.207420091324,2234.234817351598,1037.189611872146,4966.57397260274,,1000000,1.1546,258.75131,4185.7295,-2700.6936,-120.24254,-1037.9818,,-3872.3247,51171.617,-6484.2808,-168.08658,156.60912,,4061.8801,20170.314,-19679.395,-2704.6345,-2614.8745,,-27320.604,-11054.815,-195211.8,-49763.785,-13893.376,,-256621.98,-.051839441,.051839441,-256621.98,753.44,-310233.22,-378312.22,333333.34,-256621.98,-310233.22,-333333.34,-333333.34,-1333333.4,-992768.13,-1240932.9,-1333333.4
332,.0369,.040532492,.3453,.30199999,8737000,.0348,.0866394399066511,.1139854281388134,.0219523315150225,.2960497390723037,.2391391560065117,.3275429568098028,,2.071249287681927,.3694180376521458,.6894740453620828,.6415477106480997,.8869946501713685,,.4004,.0635,.1198,.13,.2523,,1.9768,.5561,.5481,.6657999999999999,.9466,,.1818359212920038,.027942470916026,.2512885567505286,.2455817777249968,.4126657473243268,,2.755047309082963,.3265067816793515,.7466736276679439,.734835002076321,1.12066470027895,,.872,.0825,.1551,.2626,.3683,,1.9835,.3123,.3144,.3063,.7058,,151138,332,2024,620.4019406392694,4213.207420091324,2234.234817351598,1037.189611872146,4966.57397260274,,1000000,1.1546,352.88098,4185.7295,-2700.6936,-120.24254,-798.22632,,-661.6712,64250.012,-6484.2808,222.17946,666.51251,,6970.6963,20170.314,-19679.395,890.60547,-1266.9679,,-18984.275,-11054.815,-195211.8,-49763.785,-13893.376,,-222910.59,-.051839441,.051839441,-222910.59,753.44,-310233.22,-378312.22,333333.34,-222910.59,-310233.22,-333333.34,-333333.34,-1333333.4,-992768.13,-1240932.9,-1333333.4
332,.0369,.040532492,.3453,.30199999,8737000,.0348,.0866394399066511,.1139854281388134,.0219523315150225,.2960497390723037,.2391391560065117,.3275429568098028,,2.071249287681927,.3694180376521458,.6894740453620828,.6415477106480997,.8869946501713685,,.3622,.0635,.1198,.13,.241,,1.7477,.5371,.5481,.6445,.9238,,.1818359212920038,.027942470916026,.2512885567505286,.2455817777249968,.4126657473243268,,2.755047309082963,.3265067816793515,.7466736276679439,.734835002076321,1.12066470027895,,.728,.0825,.1551,.2283,.3447,,1.8141,.3123,.3144,.3063,.7058,,151138,332,2025,620.4019406392694,4213.207420091324,2234.234817351598,1037.189611872146,4966.57397260274,,1000000,1.1546,305.81616,4185.7295,-2700.6936,-120.24254,-918.10413,,-2266.6477,57710.813,-6484.2808,27.046438,411.56082,,5516.2881,20170.314,-19679.395,-904.39795,-1940.9213,,-23152.439,-11054.815,-195211.8,-49763.785,-13893.376,,-239763.31,-.051839441,.051839441,-239763.31,753.44,-310233.22,-378312.22,333333.34,-239763.31,-310233.22,-333333.34,-333333.34,-1333333.4,-992768.13,-1240932.9,-1333333.4
332,.0369,.040532492,.3453,.30199999,8737000,.0348,.0866394399066511,.1139854281388134,.0219523315150225,.2960497390723037,.2391391560065117,.3275429568098028,,2.071249287681927,.3694180376521458,.6894740453620828,.6415477106480997,.8869946501713685,,.2858,.0635,.1198,.13,.2185,,1.2894,.4991,.5481,.6019,.8782,,.1818359212920038,.027942470916026,.2512885567505286,.2455817777249968,.4126657473243268,,2.755047309082963,.3265067816793515,.7466736276679439,.734835002076321,1.12066470027895,,.4399,.0825,.1551,.1596,.2975,,1.4754,.3123,.3144,.3063,.7058,,151138,332,2027,620.4019406392694,4213.207420091324,2234.234817351598,1037.189611872146,4966.57397260274,,1000000,1.1546,211.68649,4185.7295,-2700.6936,-120.24254,-1156.7988,,-5477.3008,44632.418,-6484.2808,-363.2196,-98.34259,,2606.4619,20170.314,-19679.395,-4499.6382,-3288.8279,,-31486.309,-11054.815,-195211.8,-49763.785,-13893.376,,-273472.22,-.051839441,.051839441,-273472.22,753.44,-310233.22,-378312.22,333333.34,-273472.22,-310233.22,-333333.34,-333333.34,-1333333.4,-992768.13,-1240932.9,-1333333.4
364,.0346,.026270241,.579,.47130001,26322000,0,0,.1957095626325711,.0085230011787975,.0411078599394959,.0193276273037503,.1692151459515861,,.0952908081024885,.0003913581012864,.0026965489554422,.0010104359851362,.0278013468627139,,.0133,.0036,.0483,.0444,.0817,,.035,.1635,.1602,.179,.1382,,.3978642916144553,.0176201430467746,.0865278678526646,.0393668258662535,.4050341215468085,,.2199409140007294,.0007827162025728,.0054641502980047,.0020208719702724,.0598690099052216,,.0009,.0002,.0033,.003,.0061,,.098,.0409,.044,.0554,.0655,,129995,364,2024,239.8665525114155,3746.174885844749,3449.445319634703,1173.823059360731,5837.411415525115,,1000000,1.1546,-86.891502,-440.99094,170.14743,31.262051,-1091.2062,,-163.3019,49914.074,11153.281,1845.3986,1450.9426,,-1550.1432,-5726.4429,-26289.211,-2153.8777,-13390.056,,-1160.052,27756.361,26867.836,7015.2485,221.64069,,74374.023,0,0,74374.023,753.44,611883.94,-2834879.3,333333.34,74374.023,333333.34,-333333.34,74374.023,297496.09,297496.09,1333333.4,-1333333.4
364,.0346,.026270241,.579,.47130001,26322000,0,0,.1957095626325711,.0085230011787975,.0411078599394959,.0193276273037503,.1692151459515861,,.0952908081024885,.0003913581012864,.0026965489554422,.0010104359851362,.0278013468627139,,.0133,.0036,.0483,.0444,.0817,,.035,.1635,.1602,.179,.1382,,.3978642916144553,.0176201430467746,.0865278678526646,.0393668258662535,.4050341215468085,,.2199409140007294,.0007827162025728,.0054641502980047,.0020208719702724,.0598690099052216,,.0009,.0002,.0033,.003,.0061,,.098,.0409,.044,.0554,.0655,,129995,364,2027,239.8665525114155,3746.174885844749,3449.445319634703,1173.823059360731,5837.411415525115,,1000000,1.1546,-86.891502,-440.99094,170.14743,31.262051,-1091.2062,,-163.3019,49914.074,11153.281,1845.3986,1450.9426,,-1550.1432,-5726.4429,-26289.211,-2153.8777,-13390.056,,-1160.052,27756.361,26867.836,7015.2485,221.64069,,74374.023,0,0,74374.023,753.44,611883.94,-2834879.3,333333.34,74374.023,333333.34,-333333.34,74374.023,297496.09,297496.09,1333333.4,-1333333.4
364,.0346,.026270241,.579,.47130001,26322000,0,0,.1957095626325711,.0085230011787975,.0411078599394959,.0193276273037503,.1692151459515861,,.0952908081024885,.0003913581012864,.0026965489554422,.0010104359851362,.0278013468627139,,.0133,.0036,.0483,.0444,.0817,,.035,.1635,.1602,.179,.1382,,.3978642916144553,.0176201430467746,.0865278678526646,.0393668258662535,.4050341215468085,,.2199409140007294,.0007827162025728,.0054641502980047,.0020208719702724,.0598690099052216,,.0009,.0002,.0033,.003,.0061,,.098,.0409,.044,.0554,.0655,,129995,364,2026,239.8665525114155,3746.174885844749,3449.445319634703,1173.823059360731,5837.411415525115,,1000000,1.1546,-86.891502,-440.99094,170.14743,31.262051,-1091.2062,,-163.3019,49914.074,11153.281,1845.3986,1450.9426,,-1550.1432,-5726.4429,-26289.211,-2153.8777,-13390.056,,-1160.052,27756.361,26867.836,7015.2485,221.64069,,74374.023,0,0,74374.023,753.44,611883.94,-2834879.3,333333.34,74374.023,333333.34,-333333.34,74374.023,297496.09,297496.09,1333333.4,-1333333.4
364,.0346,.026270241,.579,.47130001,26322000,0,0,.1957095626325711,.0085230011787975,.0411078599394959,.0193276273037503,.1692151459515861,,.0952908081024885,.0003913581012864,.0026965489554422,.0010104359851362,.0278013468627139,,.0133,.0036,.0483,.0444,.0817,,.035,.1635,.1602,.179,.1382,,.3978642916144553,.0176201430467746,.0865278678526646,.0393668258662535,.4050341215468085,,.2199409140007294,.0007827162025728,.0054641502980047,.0020208719702724,.0598690099052216,,.0009,.0002,.0033,.003,.0061,,.098,.0409,.044,.0554,.0655,,129995,364,2025,239.8665525114155,3746.174885844749,3449.445319634703,1173.823059360731,5837.411415525115,,1000000,1.1546,-86.891502,-440.99094,170.14743,31.262051,-1091.2062,,-163.3019,49914.074,11153.281,1845.3986,1450.9426,,-1550.1432,-5726.4429,-26289.211,-2153.8777,-13390.056,,-1160.052,27756.361,26867.836,7015.2485,221.64069,,74374.023,0,0,74374.023,753.44,611883.94,-2834879.3,333333.34,74374.023,333333.34,-333333.34,74374.023,297496.09,297496.09,1333333.4,-1333333.4
570,.0226,.023884043,.43,.4413,49330000,.1506,.0615208394915755,.1604588987355884,.0135237013463265,.1141997566187432,.1082274386400038,.3306236341173967,0,1.771278792480983,.2317146899615142,.895655789218384,.9854201673782971,1.326041085290822,0,.3157,.0231,.1293,.1447,.253,,1.4572,.367,.658,.6476,1.0396,,.0975276966178819,.0091022060913067,.073712422215252,.0663552200813616,.3177315899060428,0,.6152558166929254,.2060953362100065,.5419574664743768,.333498212933062,.6767941733462649,0,.4136,.0237,.1572,.1549,.2959,,1.4805,.1564,.4739,.4879,.9306,,937446,570,2026,325.6157534246576,61686.4149543379,7986.417351598174,3599.439383561644,20941.31792237443,8611.730479452055,1000000,1.1546,100.38577,14125.339,827.09229,139.45064,-3472.1724,,-1154.8204,681707.69,-38964.016,-10740.227,-13505.339,,1675.4927,79017.25,61056.707,16080.918,-2628.7561,,11173.839,-566171.63,-109861.69,62223.746,35838.516,,217467.77,.089079164,.089079164,217467.77,753.44,-680198.69,557429.25,333333.34,217467.77,-333333.34,333333.34,217467.77,985735.88,985735.88,-1333333.4,1333333.4
570,.0226,.023884043,.43,.4413,49330000,.1506,.0615208394915755,.1604588987355884,.0135237013463265,.1141997566187432,.1082274386400038,.3306236341173967,0,1.771278792480983,.2317146899615142,.895655789218384,.9854201673782971,1.326041085290822,0,.3596,.0231,.1497,.1726,.3127,,1.6907,.367,.7784,.7579,1.2722,,.0975276966178819,.0091022060913067,.073712422215252,.0663552200813616,.3177315899060428,0,.6152558166929254,.2060953362100065,.5419574664743768,.333498212933062,.6767941733462649,0,.4328,.0237,.1633,.1714,.3294,,1.5807,.1564,.4739,.5012,1.0197,,937446,570,2025,325.6157534246576,61686.4149543379,7986.417351598174,3599.439383561644,20941.31792237443,8611.730479452055,1000000,1.1546,128.77345,14125.339,1944.4705,246.12462,-801.73969,,-296.27606,681707.69,-19224.26,-7233.4878,-2538.5398,,1777.2715,79017.25,65517.801,19077.539,1405.0009,,12467.83,-566171.63,-109861.69,67583.633,48419.832,,287290.91,.089079164,.089079164,287290.91,753.44,-680198.69,557429.25,333333.34,287290.91,-333333.34,333333.34,287290.91,985735.88,985735.88,-1333333.4,1333333.4
570,.0226,.023884043,.43,.4413,49330000,.1506,.0615208394915755,.1604588987355884,.0135237013463265,.1141997566187432,.1082274386400038,.3306236341173967,0,1.771278792480983,.2317146899615142,.895655789218384,.9854201673782971,1.326041085290822,0,.2719,.0231,.1089,.1169,.1933,,1.2237,.367,.5376,.5373,.8070000000000001,,.0975276966178819,.0091022060913067,.073712422215252,.0663552200813616,.3177315899060428,0,.6152558166929254,.2060953362100065,.5419574664743768,.333498212933062,.6767941733462649,0,.3944,.0237,.1511,.1384,.2624,,1.3802,.1564,.4739,.4746,.8415,,937446,570,2027,325.6157534246576,61686.4149543379,7986.417351598174,3599.439383561644,20941.31792237443,8611.730479452055,1000000,1.1546,72.062744,14125.339,-290.28589,33.159016,-6142.605,,-2013.3646,681707.69,-58703.773,-14246.965,-24472.139,,1573.7139,79017.25,56595.613,13084.297,-6662.5127,,9878.5557,-566171.63,-109861.69,56863.859,23257.197,,147643.88,.089079164,.089079164,147643.88,753.44,-680198.69,557429.25,333333.34,147643.88,-333333.34,333333.34,147643.88,985735.88,985735.88,-1333333.4,1333333.4
570,.0226,.023884043,.43,.4413,49330000,.1506,.0615208394915755,.1604588987355884,.0135237013463265,.1141997566187432,.1082274386400038,.3306236341173967,0,1.771278792480983,.2317146899615142,.895655789218384,.9854201673782971,1.326041085290822,0,.4034,.0231,.1701,.2004,.3724,,1.9242,.367,.8988,.8683,1.5049,,.0975276966178819,.0091022060913067,.073712422215252,.0663552200813616,.3177315899060428,0,.6152558166929254,.2060953362100065,.5419574664743768,.333498212933062,.6767941733462649,0,.452,.0237,.1694,.1879,.3629,,1.681,.1564,.4739,.5144,1.1088,,937446,570,2024,325.6157534246576,61686.4149543379,7986.417351598174,3599.439383561644,20941.31792237443,8611.730479452055,1000000,1.1546,157.09647,14125.339,3061.8486,352.41623,1868.693,,562.26825,681707.69,515.49799,-3723.5703,8432.9746,,1879.0503,79017.25,69978.891,22074.16,5438.7578,,13763.113,-566171.63,-109861.69,72903.211,61001.148,,357082.63,.089079164,.089079164,357082.63,753.44,-680198.69,557429.25,333333.34,333333.34,-333333.34,333333.34,333333.34,985735.88,985735.88,-1333333.4,1333333.4
576,.0447,.046179049,.2607,.30070001,34619000,.5288,.2464738819193423,1.072671544271476,.8793168527413843,.6002271706502356,.41539864978548,.6369042295625224,,3.253858341428622,1.269111997253926,1.672403863092844,1.580324852411756,2.485777334443101,,.4096,.2968,.2389,.2964,.4243,,1.8852,1.035,1.1602,1.1882,1.5185,,.5286632032865735,.2574514975294863,.3650503379426644,.4373590312209734,.5398216036424534,,2.143328151110401,1.209085677200919,1.1878060023175,.7524537900496001,1.679927655007353,,.4552,.5196,.3673,.2789,.5102,,2.3379,.8794,1.1804,1.2692,1.8145,,772818,576,2027,368.7527397260274,9766.702283105024,8026.774086757991,4212.014611872146,29522.45970319635,,1000000,1.1546,-485.57425,-136040.47,-19891.141,-532.41626,-13406.88,,-5699.0269,-186779.67,-84400.922,-14588.386,-64293.895,,-441.01746,224667.63,1653.5519,-33675.949,-5028.3096,,2845.5981,-594690.5,-12015.542,243689.11,26788.77,,-672325.06,.28232613,.25,-504243.81,753.44,-645906.5,1384760.3,333333.34,-333333.34,-333333.34,333333.34,-333333.34,666666.69,666666.69,-1333333.4,1333333.4
576,.0447,.046179049,.2607,.30070001,34619000,.5288,.2464738819193423,1.072671544271476,.8793168527413843,.6002271706502356,.41539864978548,.6369042295625224,,3.253858341428622,1.269111997253926,1.672403863092844,1.580324852411756,2.485777334443101,,.8254,.9707,.8183,.7468,.9978,,3.8544,1.3106,2.7013,2.5677,3.6669,,.5286632032865735,.2574514975294863,.3650503379426644,.4373590312209734,.5398216036424534,,2.143328151110401,1.209085677200919,1.1878060023175,.7524537900496001,1.679927655007353,,.4552,.5196,.4991,.4111,.6926,,3.0558,.8794,2.196,1.9459,3.0734,,772818,576,2024,368.7527397260274,9766.702283105024,8026.774086757991,4212.014611872146,29522.45970319635,,1000000,1.1546,-181.07954,21341.539,12004.957,1482.735,22758.186,,2500.6265,33100.039,169541.45,36733.734,78507.961,,-441.01746,224667.63,98529.5,-5580.6089,25934.352,,13344.83,-594690.5,1635699.9,562809.81,277392.88,,2615457,.28232613,.25,2615457,753.44,-645906.5,1384760.3,333333.34,333333.34,-333333.34,333333.34,333333.34,666666.69,666666.69,-1333333.4,1333333.4
576,.0447,.046179049,.2607,.30070001,34619000,.5288,.2464738819193423,1.072671544271476,.8793168527413843,.6002271706502356,.41539864978548,.6369042295625224,,3.253858341428622,1.269111997253926,1.672403863092844,1.580324852411756,2.485777334443101,,.6868,.7461,.6252,.5966,.8066,,3.198,1.2187,2.1876,2.1079,2.9508,,.5286632032865735,.2574514975294863,.3650503379426644,.4373590312209734,.5398216036424534,,2.143328151110401,1.209085677200919,1.1878060023175,.7524537900496001,1.679927655007353,,.4552,.5196,.4552,.367,.6318,,2.8165,.8794,1.8575,1.7203,2.6538,,772818,576,2025,368.7527397260274,9766.702283105024,8026.774086757991,4212.014611872146,29522.45970319635,,1000000,1.1546,-282.57779,-31111.344,1374.7598,810.7196,10701.062,,-232.59143,-40219.797,84893.992,19627.6,30909.561,,-441.01746,224667.63,66262.016,-14952.807,15613.465,,9845.0859,-594690.5,1086515.5,456420.53,193864.81,,1519576,.28232613,.25,1519576,753.44,-645906.5,1384760.3,333333.34,333333.34,-333333.34,333333.34,333333.34,666666.69,666666.69,-1333333.4,1333333.4
576,.0447,.046179049,.2607,.30070001,34619000,.5288,.2464738819193423,1.072671544271476,.8793168527413843,.6002271706502356,.41539864978548,.6369042295625224,,3.253858341428622,1.269111997253926,1.672403863092844,1.580324852411756,2.485777334443101,,.5482,.5214,.4321,.4465,.6155,,2.5416,1.1269,1.6739,1.648,2.2346,,.5286632032865735,.2574514975294863,.3650503379426644,.4373590312209734,.5398216036424534,,2.143328151110401,1.209085677200919,1.1878060023175,.7524537900496001,1.679927655007353,,.4552,.5196,.4113,.323,.571,,2.5772,.8794,1.519,1.4948,2.2342,,772818,576,2026,368.7527397260274,9766.702283105024,8026.774086757991,4212.014611872146,29522.45970319635,,1000000,1.1546,-384.07602,-83587.578,-9255.4375,139.1517,-1349.7565,,-2965.8093,-113459.84,246.53336,2517.7468,-16695.49,,-441.01746,224667.63,33994.535,-24303.752,5292.5771,,6345.3418,-594690.5,537331.13,350078.41,110336.74,,423816.53,.28232613,.25,423816.53,753.44,-645906.5,1384760.3,333333.34,333333.34,-333333.34,333333.34,333333.34,666666.69,666666.69,-1333333.4,1333333.4
584,.0276,.02747505,.545,.47999999,-7779000,.0487,.0548608188540853,.3977741261031197,.0544468561294498,.1284725944947866,.0871491575324435,.21469295429189,,1.530539942898569,.1459502302145551,.3353454998694035,.4334199437426155,1.410098987612952,,.2693,.0197,.0396,.0334,.1489,,1.6812,.4059,.4413,.451,.9318,,.5855687781688856,1.589675760651875,.1375306458717956,.0541873770018509,.3083321409284846,,4.380331960822041,.0550700000093798,.6040375445262508,.573139885288434,3.885064348255237,,.2718,.0161,.0378,.0415,.1222,,2.2754,1.0156,.364,.4187,1.2197,,1631735,584,2025,1190.143607305936,74118.19783105023,49214.27694063927,14068.49292237443,44168.28413242009,,1000000,1.1546,-303.65125,-61581.75,-29996.941,-803.2276,-6207.1636,,2024.7338,1573882.5,107046.84,2184.5442,-47563.758,,-6079.3867,-10234289,-449447.78,-9006.0098,-47270.785,,-99356.375,13148577,-2387749.5,-243262.97,-793800.75,,416996.75,-.006160819,.006160819,414427.72,753.44,115211.76,505635.09,333333.34,333333.34,115211.76,333333.34,333333.34,897090.19,0,460847.03,1333333.4
584,.0276,.02747505,.545,.47999999,-7779000,.0487,.0548608188540853,.3977741261031197,.0544468561294498,.1284725944947866,.0871491575324435,.21469295429189,,1.530539942898569,.1459502302145551,.3353454998694035,.4334199437426155,1.410098987612952,,.258,.0197,.0396,.0334,.1477,,1.3931,.3696,.4337,.4357,.8051,,.5855687781688856,1.589675760651875,.1375306458717956,.0541873770018509,.3083321409284846,,4.380331960822041,.0550700000093798,.6040375445262508,.573139885288434,3.885064348255237,,.2718,.0161,.0378,.0415,.1222,,1.7419,.6697,.3618,.3754,.9418,,1631735,584,2026,1190.143607305936,74118.19783105023,49214.27694063927,14068.49292237443,44168.28413242009,,1000000,1.1546,-330.35901,-61581.75,-29996.941,-803.2276,-6320.3765,,-1847.0674,1354101.8,99368.484,283.32581,-60163.258,,-6079.3867,-10234289,-449447.78,-9006.0098,-47270.785,,-124538.48,8413594,-2409633.8,-311466.13,-876565.19,,-4761992,-.006160819,.006160819,-4761992,753.44,115211.76,505635.09,333333.34,-333333.34,115211.76,333333.34,115211.76,897090.19,0,460847.03,1333333.4
584,.0276,.02747505,.545,.47999999,-7779000,.0487,.0548608188540853,.3977741261031197,.0544468561294498,.1284725944947866,.0871491575324435,.21469295429189,,1.530539942898569,.1459502302145551,.3353454998694035,.4334199437426155,1.410098987612952,,.2466,.0197,.0396,.0334,.1465,,1.105,.3333,.426,.4205,.6783,,.5855687781688856,1.589675760651875,.1375306458717956,.0541873770018509,.3083321409284846,,4.380331960822041,.0550700000093798,.6040375445262508,.573139885288434,3.885064348255237,,.2718,.0161,.0378,.0415,.1222,,1.2085,.3238,.3596,.3321,.6639,,1631735,584,2027,1190.143607305936,74118.19783105023,49214.27694063927,14068.49292237443,44168.28413242009,,1000000,1.1546,-357.30316,-61581.75,-29996.941,-803.2276,-6433.5894,,-5718.8687,1134321.1,91589.102,-1605.4663,-72772.703,,-6079.3867,-10234289,-449447.78,-9006.0098,-47270.785,,-149715.88,3678611.8,-2431518,-379669.28,-959329.56,,-9941074,-.006160819,.006160819,-9941074,753.44,115211.76,505635.09,333333.34,-333333.34,115211.76,333333.34,115211.76,897090.19,0,460847.03,1333333.4
584,.0276,.02747505,.545,.47999999,-7779000,.0487,.0548608188540853,.3977741261031197,.0544468561294498,.1284725944947866,.0871491575324435,.21469295429189,,1.530539942898569,.1459502302145551,.3353454998694035,.4334199437426155,1.410098987612952,,.2807,.0197,.0396,.0334,.1501,,1.9693,.4422,.449,.4662,1.0586,,.5855687781688856,1.589675760651875,.1375306458717956,.0541873770018509,.3083321409284846,,4.380331960822041,.0550700000093798,.6040375445262508,.573139885288434,3.885064348255237,,.2718,.0161,.0378,.0415,.1222,,2.8088,1.3616,.3662,.462,1.4977,,1631735,584,2024,1190.143607305936,74118.19783105023,49214.27694063927,14068.49292237443,44168.28413242009,,1000000,1.1546,-276.70709,-61581.75,-29996.941,-803.2276,-6093.9512,,5896.5347,1793663.1,114826.22,4073.3364,-34954.313,,-6079.3867,-10234289,-449447.78,-9006.0098,-47270.785,,-74178.984,17884928,-2365865.3,-175059.83,-711006.63,,5597476.5,-.006160819,.006160819,5562991.5,753.44,115211.76,505635.09,333333.34,333333.34,115211.76,333333.34,333333.34,897090.19,0,460847.03,1333333.4
585,.0284,.019372988,.4831,.3881,28768000,.0049,.0080955540809555,.0369603122793435,.0001904063538207,.0234999797262441,5.96226883947e-06,.0312728496243441,,.1871107175157168,.0013173371085054,.0260949816731067,.0229531963819414,.126403305773319,,.0662,.0012,.019,.0082,.0744,,.4977,.0347,.1899,.2649,.4988,,.0410132932500904,.000389788717545,.0083001817007075,1.98742294649e-06,.0415174637635235,,.2813034398741722,.00095281141021,.0250362292340316,.03921521412014,.1884158235244332,,.1248,.0035,.0437,.0203,.1381,,.631,.0392,.1824,.2369,.6429,,303567,585,2027,1165.155136986301,22709.78184931507,2942.03595890411,593.5345890410958,6329.538127853882,,1000000,1.1546,67.657585,548.24066,-90.798058,5.1661067,583.07721,,4086.3977,61928.699,9893.2393,1268.4078,5306.938,,1589.3135,6197.9492,9536.9287,607.87256,3515.0503,,16159.705,160418.86,93577.453,13136.759,19397.027,,407733.91,-.003195554,.003195554,406430.97,753.44,1548490.4,-2732960,333333.34,333333.34,333333.34,-333333.34,333333.34,1333333.4,1333333.4,1333333.4,-1333333.4
585,.0284,.019372988,.4831,.3881,28768000,.0049,.0080955540809555,.0369603122793435,.0001904063538207,.0234999797262441,5.96226883947e-06,.0312728496243441,,.1871107175157168,.0013173371085054,.0260949816731067,.0229531963819414,.126403305773319,,.0662,.0012,.019,.0082,.0744,,.4977,.0347,.1899,.2649,.4988,,.0410132932500904,.000389788717545,.0083001817007075,1.98742294649e-06,.0415174637635235,,.2813034398741722,.00095281141021,.0250362292340316,.03921521412014,.1884158235244332,,.1248,.0035,.0437,.0203,.1381,,.631,.0392,.1824,.2369,.6429,,303567,585,2026,1165.155136986301,22709.78184931507,2942.03595890411,593.5345890410958,6329.538127853882,,1000000,1.1546,67.657585,548.24066,-90.798058,5.1661067,583.07721,,4086.3977,61928.699,9893.2393,1268.4078,5306.938,,1589.3135,6197.9492,9536.9287,607.87256,3515.0503,,16159.705,160418.86,93577.453,13136.759,19397.027,,407733.91,-.003195554,.003195554,406430.97,753.44,1548490.4,-2732960,333333.34,333333.34,333333.34,-333333.34,333333.34,1333333.4,1333333.4,1333333.4,-1333333.4
585,.0284,.019372988,.4831,.3881,28768000,.0049,.0080955540809555,.0369603122793435,.0001904063538207,.0234999797262441,5.96226883947e-06,.0312728496243441,,.1871107175157168,.0013173371085054,.0260949816731067,.0229531963819414,.126403305773319,,.0662,.0012,.019,.0082,.0744,,.4977,.0347,.1899,.2649,.4988,,.0410132932500904,.000389788717545,.0083001817007075,1.98742294649e-06,.0415174637635235,,.2813034398741722,.00095281141021,.0250362292340316,.03921521412014,.1884158235244332,,.1248,.0035,.0437,.0203,.1381,,.631,.0392,.1824,.2369,.6429,,303567,585,2025,1165.155136986301,22709.78184931507,2942.03595890411,593.5345890410958,6329.538127853882,,1000000,1.1546,67.657585,548.24066,-90.798058,5.1661067,583.07721,,4086.3977,61928.699,9893.2393,1268.4078,5306.938,,1589.3135,6197.9492,9536.9287,607.87256,3515.0503,,16159.705,160418.86,93577.453,13136.759,19397.027,,407733.91,-.003195554,.003195554,406430.97,753.44,1548490.4,-2732960,333333.34,333333.34,333333.34,-333333.34,333333.34,1333333.4,1333333.4,1333333.4,-1333333.4
585,.0284,.019372988,.4831,.3881,28768000,.0049,.0080955540809555,.0369603122793435,.0001904063538207,.0234999797262441,5.96226883947e-06,.0312728496243441,,.1871107175157168,.0013173371085054,.0260949816731067,.0229531963819414,.126403305773319,,.0662,.0012,.019,.0082,.0744,,.4977,.0347,.1899,.2649,.4988,,.0410132932500904,.000389788717545,.0083001817007075,1.98742294649e-06,.0415174637635235,,.2813034398741722,.00095281141021,.0250362292340316,.03921521412014,.1884158235244332,,.1248,.0035,.0437,.0203,.1381,,.631,.0392,.1824,.2369,.6429,,303567,585,2024,1165.155136986301,22709.78184931507,2942.03595890411,593.5345890410958,6329.538127853882,,1000000,1.1546,67.657585,548.24066,-90.798058,5.1661067,583.07721,,4086.3977,61928.699,9893.2393,1268.4078,5306.938,,1589.3135,6197.9492,9536.9287,607.87256,3515.0503,,16159.705,160418.86,93577.453,13136.759,19397.027,,407733.91,-.003195554,.003195554,406430.97,753.44,1548490.4,-2732960,333333.34,333333.34,333333.34,-333333.34,333333.34,1333333.4,1333333.4,1333333.4,-1333333.4
590,.0515,.029694499,.9185,.92000002,825000,.0537,.037593984962406,,0,0,0,0,,,1.663318342809343,1.119021447540176,2.804090770710469,1.777639775823947,,.3373,.2071,.1818,.1544,.2485,,1.535,1.0692,.9797,.8556,1.1874,,,0,0,0,0,,,.7445828192481161,.5140916719495996,4.445472435582545,.7355780040104879,,.6101,.8457,.1579,.032,.0702,,1.8308,1.5792,1.0712,1.1407,1.3867,,19869,590,2026,,198.8318493150685,667.8768264840182,127.1154109589041,555.0513698630137,,1000000,1.1546,,984.64056,832.73779,20.848024,294.62042,,,-9649.7695,-1910.1948,-2187.709,-737.61176,,,14755.279,9656.9063,205.23961,224.04291,,,30648.994,75206.352,-47033.656,2436.9126,,73747.633,.016106015,.016106015,73747.633,753.44,244822.89,1237.5138,333333.34,73747.633,244822.89,1237.5138,319808.03,1220069.5,468056.31,979291.56,4950.0552
590,.0515,.029694499,.9185,.92000002,825000,.0537,.037593984962406,,0,0,0,0,,,1.663318342809343,1.119021447540176,2.804090770710469,1.777639775823947,,.3373,.2188,.2053,.1544,.2485,,1.535,1.7676,1.278,.8796,1.2761,,,0,0,0,0,,,.7445828192481161,.5140916719495996,4.445472435582545,.7355780040104879,,.6101,1.7489,.1579,.032,.0702,,1.8308,3.2782,1.5899,1.725,1.5544,,19869,590,2024,,198.8318493150685,667.8768264840182,127.1154109589041,555.0513698630137,,1000000,1.1546,,1040.2672,940.37988,20.848024,294.62042,,,1693.76,2179.7075,-2160.7625,-626.76501,,,30513.785,9656.9063,205.23961,224.04291,,,93040.047,145227.8,-38717.875,3064.5527,,246596.55,.016106015,.016106015,246596.55,753.44,244822.89,1237.5138,333333.34,246596.55,244822.89,1237.5138,333333.34,1220069.5,468056.31,979291.56,4950.0552
590,.0515,.029694499,.9185,.92000002,825000,.0537,.037593984962406,,0,0,0,0,,,1.663318342809343,1.119021447540176,2.804090770710469,1.777639775823947,,.3373,.2013,.1701,.1544,.2485,,1.535,.72,.8306,.8435,1.143,,,0,0,0,0,,,.7445828192481161,.5140916719495996,4.445472435582545,.7355780040104879,,.6101,.3941,.1579,.032,.0702,,1.8308,.7297,.8119,.8485,1.3029,,19869,590,2027,,198.8318493150685,667.8768264840182,127.1154109589041,555.0513698630137,,1000000,1.1546,,957.06488,779.14575,20.848024,294.62042,,,-15321.533,-3954.4604,-2201.2944,-793.0976,,,6876.0264,9656.9063,205.23961,224.04291,,,-546.53015,40202.375,-51192.258,2123.2798,,-12669.627,.016106015,.016106015,-12465.569,753.44,244822.89,1237.5138,333333.34,-12465.569,244822.89,1237.5138,233594.83,1220069.5,468056.31,979291.56,4950.0552
590,.0515,.029694499,.9185,.92000002,825000,.0537,.037593984962406,,0,0,0,0,,,1.663318342809343,1.119021447540176,2.804090770710469,1.777639775823947,,.3373,.2129,.1936,.1544,.2485,,1.535,1.4184,1.1288,.8676,1.2318,,,0,0,0,0,,,.7445828192481161,.5140916719495996,4.445472435582545,.7355780040104879,,.6101,1.2973,.1579,.032,.0702,,1.8308,2.4287,1.3306,1.4328,1.4706,,19869,590,2025,,198.8318493150685,667.8768264840182,127.1154109589041,555.0513698630137,,1000000,1.1546,,1012.2162,886.78784,20.848024,294.62042,,,-3978.0044,134.07082,-2174.2358,-682.12592,,,22634.533,9656.9063,205.23961,224.04291,,,61844.52,110223.83,-42876.477,2750.9197,,160177.7,.016106015,.016106015,160177.7,753.44,244822.89,1237.5138,333333.34,160177.7,244822.89,1237.5138,333333.34,1220069.5,468056.31,979291.56,4950.0552
594,.0344,.028712193,.775,.46900001,21301000,.0012,0,.0044648281372779,0,.0009852185233268,.0014700537452306,.0092012635138222,,.4999431395426366,.1809620620441508,.3071729632106953,.9671102078297058,.704198003716345,,.1746,.0413,.048,.047,.0808,,.4795,.2308,.2877,.1918,.2578,,.0037206901143983,0,.0016194375962229,.0014271808420956,.0253646472583033,,.6319559189672749,.3752979903595047,.3614600124973704,1.112733693917568,.8458591468690255,,.1918,.1026,.0915,.0795,.1116,,.6543,.283,.3593,.2682,.3615,,209876,594,2027,645.4558219178082,6018.640867579908,5995.355365296804,1947.013584474886,8491.612214611872,,1000000,1.1546,218.08241,5943.7446,1933.1581,94.164131,1298.6699,,-148.9994,24502.844,-2396.6814,-13333.295,-8534.5098,,1976.3243,54186.48,49344.668,7669.7612,4210.5264,,571.98853,-102596.76,-2617.5181,-184100.48,-27733.334,,-189511.16,.0012000001,.0012000001,-189283.75,753.44,674555.38,-6518106,333333.34,-189283.75,333333.34,-333333.34,-189283.75,-677316.5,-677316.5,1333333.4,-1333333.4
594,.0344,.028712193,.775,.46900001,21301000,.0012,0,.0044648281372779,0,.0009852185233268,.0014700537452306,.0092012635138222,,.4999431395426366,.1809620620441508,.3071729632106953,.9671102078297058,.704198003716345,,.1746,.0413,.048,.047,.0808,,.4795,.2308,.2877,.1918,.2578,,.0037206901143983,0,.0016194375962229,.0014271808420956,.0253646472583033,,.6319559189672749,.3752979903595047,.3614600124973704,1.112733693917568,.8458591468690255,,.1918,.1037,.0953,.0795,.1116,,.6543,.283,.3791,.2682,.3615,,209876,594,2025,645.4558219178082,6018.640867579908,5995.355365296804,1947.013584474886,8491.612214611872,,1000000,1.1546,218.08241,5943.7446,1933.1581,94.164131,1298.6699,,-148.9994,24502.844,-2396.6814,-13333.295,-8534.5098,,1976.3243,54767.426,51430.879,7669.7612,4210.5264,,571.98853,-102596.76,21376.258,-184100.48,-27733.334,,-162850.23,.0012000001,.0012000001,-162654.81,753.44,674555.38,-6518106,333333.34,-162654.81,333333.34,-333333.34,-162654.81,-677316.5,-677316.5,1333333.4,-1333333.4
594,.0344,.028712193,.775,.46900001,21301000,.0012,0,.0044648281372779,0,.0009852185233268,.0014700537452306,.0092012635138222,,.4999431395426366,.1809620620441508,.3071729632106953,.9671102078297058,.704198003716345,,.1746,.0413,.048,.047,.0808,,.4795,.2308,.2877,.1918,.2578,,.0037206901143983,0,.0016194375962229,.0014271808420956,.0253646472583033,,.6319559189672749,.3752979903595047,.3614600124973704,1.112733693917568,.8458591468690255,,.1918,.1032,.0934,.0795,.1116,,.6543,.283,.3692,.2682,.3615,,209876,594,2026,645.4558219178082,6018.640867579908,5995.355365296804,1947.013584474886,8491.612214611872,,1000000,1.1546,218.08241,5943.7446,1933.1581,94.164131,1298.6699,,-148.9994,24502.844,-2396.6814,-13333.295,-8534.5098,,1976.3243,54503.359,50387.773,7669.7612,4210.5264,,571.98853,-102596.76,9379.3701,-184100.48,-27733.334,,-176154.3,.0012000001,.0012000001,-175942.91,753.44,674555.38,-6518106,333333.34,-175942.91,333333.34,-333333.34,-175942.91,-677316.5,-677316.5,1333333.4,-1333333.4
594,.0344,.028712193,.775,.46900001,21301000,.0012,0,.0044648281372779,0,.0009852185233268,.0014700537452306,.0092012635138222,,.4999431395426366,.1809620620441508,.3071729632106953,.9671102078297058,.704198003716345,,.1746,.0413,.048,.047,.0808,,.4795,.2308,.2877,.1918,.2578,,.0037206901143983,0,.0016194375962229,.0014271808420956,.0253646472583033,,.6319559189672749,.3752979903595047,.3614600124973704,1.112733693917568,.8458591468690255,,.1918,.1043,.0972,.0795,.1116,,.6543,.283,.3889,.2682,.3615,,209876,594,2024,645.4558219178082,6018.640867579908,5995.355365296804,1947.013584474886,8491.612214611872,,1000000,1.1546,218.08241,5943.7446,1933.1581,94.164131,1298.6699,,-148.9994,24502.844,-2396.6814,-13333.295,-8534.5098,,1976.3243,55084.309,52473.98,7669.7612,4210.5264,,571.98853,-102596.76,33251.965,-184100.48,-27733.334,,-149614.55,.0012000001,.0012000001,-149435.02,753.44,674555.38,-6518106,333333.34,-149435.02,333333.34,-333333.34,-149435.02,-677316.5,-677316.5,1333333.4,-1333333.4
824,.0448,.031975143,.5161,.44479999,119718000,.1608,.1858592197468884,.4375144125991299,.144701550059341,.3085167267002011,.075261634046352,.3575512116121643,,2.761145132593644,.4260365805660927,.5040243270515635,.7436958104437598,1.738030043961588,,.4704,.0772,.1507,.1309,.4106,,2.4753,.7418,.8419,.8328,1.7087,,.6379360369300382,.2669106670352639,.2839352466150147,.1037176240302669,.5214361083331025,,5.443911276356961,.6522582867529554,.7437457523062414,.9996465966874022,4.149471914214756,,.7158,.6401,.3126,.2087,.5161,,3.0611,.8155,.7864,.7823,2.0069,,1341417,824,2024,4018.672831050229,36382.99360730594,36516.08847031964,10898.54257990868,63624.30764840182,,1000000,1.1546,262.45102,-58725.109,-39523.492,644.11316,7209.4448,,-12971.311,938465.38,253282.09,8577.4766,-4201.4766,,5094.1279,1191441.8,95849.969,57729.504,-1952.1294,,-379778.69,1096913.9,314821.97,-265210.19,-919184.94,,2288744.8,-.025059219,.025059219,2231390.5,753.44,9721343,-8535895,333333.34,333333.34,333333.34,-333333.34,333333.34,666666.69,666666.69,1333333.4,-1333333.4
824,.0448,.031975143,.5161,.44479999,119718000,.1608,.1858592197468884,.4375144125991299,.144701550059341,.3085167267002011,.075261634046352,.3575512116121643,,2.761145132593644,.4260365805660927,.5040243270515635,.7436958104437598,1.738030043961588,,.3766,.0772,.1507,.1309,.3336,,1.8242,.7055,.8116,.8161,1.3055,,.6379360369300382,.2669106670352639,.2839352466150147,.1037176240302669,.5214361083331025,,5.443911276356961,.6522582867529554,.7437457523062414,.9996465966874022,4.149471914214756,,.6284999999999999,.4597,.2773,.2087,.4321,,2.2058,.7355,.7779,.7823,1.5019,,1341417,824,2026,4018.672831050229,36382.99360730594,36516.08847031964,10898.54257990868,63624.30764840182,,1000000,1.1546,-486.14154,-58725.109,-39523.492,644.11316,-3255.0215,,-42517.453,830579.88,230568.28,6969.877,-61959.16,,-617.33795,615497.94,-22187.115,57729.504,-32682.18,,-516098.66,559348.38,252085.27,-265210.19,-1135835,,374326.25,-.025059219,.025059219,364945.94,753.44,9721343,-8535895,333333.34,333333.34,333333.34,-333333.34,333333.34,666666.69,666666.69,1333333.4,-1333333.4
824,.0448,.031975143,.5161,.44479999,119718000,.1608,.1858592197468884,.4375144125991299,.144701550059341,.3085167267002011,.075261634046352,.3575512116121643,,2.761145132593644,.4260365805660927,.5040243270515635,.7436958104437598,1.738030043961588,,.4235,.0772,.1507,.1309,.3721,,2.1497,.7237,.8268,.8245,1.5071,,.6379360369300382,.2669106670352639,.2839352466150147,.1037176240302669,.5214361083331025,,5.443911276356961,.6522582867529554,.7437457523062414,.9996465966874022,4.149471914214756,,.6722,.5499000000000001,.295,.2087,.4741,,2.6335,.7755,.7821,.7823,1.7544,,1341417,824,2025,4018.672831050229,36382.99360730594,36516.08847031964,10898.54257990868,63624.30764840182,,1000000,1.1546,-111.84525,-58725.109,-39523.492,644.11316,1977.2118,,-27746.65,884671.25,241962.67,7778.4902,-33080.32,,2241.666,903469.81,36998.617,57729.504,-17317.154,,-447930.72,828131.13,283084.56,-265210.19,-1027509.9,,1331533.5,-.025059219,.025059219,1298166.3,753.44,9721343,-8535895,333333.34,333333.34,333333.34,-333333.34,333333.34,666666.69,666666.69,1333333.4,-1333333.4
824,.0448,.031975143,.5161,.44479999,119718000,.1608,.1858592197468884,.4375144125991299,.144701550059341,.3085167267002011,.075261634046352,.3575512116121643,,2.761145132593644,.4260365805660927,.5040243270515635,.7436958104437598,1.738030043961588,,.3297,.0772,.1507,.1309,.2951,,1.4986,.6873,.7964,.8078,1.1039,,.6379360369300382,.2669106670352639,.2839352466150147,.1037176240302669,.5214361083331025,,5.443911276356961,.6522582867529554,.7437457523062414,.9996465966874022,4.149471914214756,,.5849,.3695,.2596,.2087,.3901,,1.7782,.6954,.7737000000000001,.7823,1.2493,,1341417,824,2027,4018.672831050229,36382.99360730594,36516.08847031964,10898.54257990868,63624.30764840182,,1000000,1.1546,-860.43781,-58725.109,-39523.492,644.11316,-8487.2549,,-57292.793,776488.5,219173.89,6170.8906,-90838,,-3469.7996,327526,-81372.852,57729.504,-48047.203,,-584250.69,289893.69,221085.95,-265210.19,-1244202.9,,-583568.19,-.025059219,.025059219,-583568.19,753.44,9721343,-8535895,333333.34,-333333.34,333333.34,-333333.34,-333333.34,666666.69,666666.69,1333333.4,-1333333.4
886,.0309,.029282873,.5379,.4709,250435008,.0627,.0437449357416126,.1940090318399919,.0965829866009507,.0450757869950034,.0514071719778204,.1578850592791057,,1.793751493991096,.2022692245395679,.3144182470125143,.5347002116381865,.7308221535116386,,.3944,.1304,.0605,.053,.154,,1.0949,.569,.5247000000000001,.4235,.9867,,.4780740876179001,.144420236402602,.1091280201172743,.0884560489171215,.3697816463833508,,1.580036381904233,.5288002328317569,.3849405356549736,.3144295441855872,1.026832643000242,,.8103,.4404,.14,.117,.3017,,1.0746,.4846,.3902,.3519,.9887,,1906063,886,2024,2122.75399543379,47165.77146118721,62081.72579908676,17613.73858447489,61861.25433789955,,1000000,1.1546,844.76874,38139.398,6567.269,29.801617,-513.35718,,-16751.549,1412967.9,267996.22,-17300.162,35638.348,,11481.109,1224994.4,175504.31,25367.557,-24216.406,,-42552.441,-385029.91,65996.938,73894.055,-15905.966,,2837152,.018955065,.018955065,2837152,753.44,1741771.5,-16779146,333333.34,333333.34,333333.34,-333333.34,333333.34,666666.69,666666.69,1333333.4,-1333333.4
886,.0309,.029282873,.5379,.4709,250435008,.0627,.0437449357416126,.1940090318399919,.0965829866009507,.0450757869950034,.0514071719778204,.1578850592791057,,1.793751493991096,.2022692245395679,.3144182470125143,.5347002116381865,.7308221535116386,,.3021,.1034,.0605,.053,.154,,1.0949,.438,.4862,.4235,.8126,,.4780740876179001,.144420236402602,.1091280201172743,.0884560489171215,.3697816463833508,,1.580036381904233,.5288002328317569,.3849405356549736,.3144295441855872,1.026832643000242,,.4983,.235,.123,.113,.2458,,1.0746,.4048,.3902,.3519,.8157,,1906063,886,2026,2122.75399543379,47165.77146118721,62081.72579908676,17613.73858447489,61861.25433789955,,1000000,1.1546,455.66858,7688.3428,6567.269,29.801617,-513.35718,,-16751.549,908241.25,218929.42,-17300.162,11389.917,,698.96991,374889.5,78860.906,21812.68,-44099.84,,-42552.441,-1080170.8,65996.938,73894.055,-88068.078,,479998.44,.018955065,.018955065,479998.44,753.44,1741771.5,-16779146,333333.34,333333.34,333333.34,-333333.34,333333.34,666666.69,666666.69,1333333.4,-1333333.4
886,.0309,.029282873,.5379,.4709,250435008,.0627,.0437449357416126,.1940090318399919,.0965829866009507,.0450757869950034,.0514071719778204,.1578850592791057,,1.793751493991096,.2022692245395679,.3144182470125143,.5347002116381865,.7308221535116386,,.2559,.0899,.0605,.053,.154,,1.0949,.3724,.467,.4235,.7256,,.4780740876179001,.144420236402602,.1091280201172743,.0884560489171215,.3697816463833508,,1.580036381904233,.5288002328317569,.3849405356549736,.3144295441855872,1.026832643000242,,.3423,.1323,.1145,.111,.2178,,1.0746,.3649,.3902,.3519,.7292,,1906063,886,2027,2122.75399543379,47165.77146118721,62081.72579908676,17613.73858447489,61861.25433789955,,1000000,1.1546,260.90775,-7537.1855,6567.269,29.801617,-513.35718,,-16751.549,655492.63,194459.73,-17300.162,-727.33508,,-4692.0996,-50162.965,30539.201,20035.242,-54059.344,,-42552.441,-1427741.1,65996.938,73894.055,-124149.13,,-698910.94,.018955065,.018955065,-685663.06,753.44,1741771.5,-16779146,333333.34,-333333.34,333333.34,-333333.34,-333333.34,666666.69,666666.69,1333333.4,-1333333.4
886,.0309,.029282873,.5379,.4709,250435008,.0627,.0437449357416126,.1940090318399919,.0965829866009507,.0450757869950034,.0514071719778204,.1578850592791057,,1.793751493991096,.2022692245395679,.3144182470125143,.5347002116381865,.7308221535116386,,.3482,.1169,.0605,.053,.154,,1.0949,.5034999999999999,.5054,.4235,.8996,,.4780740876179001,.144420236402602,.1091280201172743,.0884560489171215,.3697816463833508,,1.580036381904233,.5288002328317569,.3849405356549736,.3144295441855872,1.026832643000242,,.6543,.3377,.1315,.115,.2737,,1.0746,.4447,.3902,.3519,.9022,,1906063,886,2025,2122.75399543379,47165.77146118721,62081.72579908676,17613.73858447489,61861.25433789955,,1000000,1.1546,650.00787,22913.871,6567.269,29.801617,-513.35718,,-16751.549,1160604.6,243399.11,-17300.162,23507.17,,6090.0396,799942,127182.6,23590.117,-34175.906,,-42552.441,-732600.31,65996.938,73894.055,-51987.023,,1658486.5,.018955065,.018955065,1658486.5,753.44,1741771.5,-16779146,333333.34,333333.34,333333.34,-333333.34,333333.34,666666.69,666666.69,1333333.4,-1333333.4
899,.0602,.022153364,.5241,.27000001,13069000,.0185,.038989700833742,.0957148994900935,.2499782552362744,.2889925978257626,.6128587282849408,.2704798711306223,,.5610836380189498,.1654832198141296,.2317259406036565,.2902302303717475,.6689804830786003,,.3735,.0964,.1857,.1323,.2418,,.5747,.2226,.3028,.3752,.4952,,.3245030852499743,1.082973335853418,1.216823199641024,2.83522683679328,1.075950554598035,,1.115804089488418,.2609456358836051,.4219082371893648,.2803700588201568,1.22885606932779,,.9391,.2423,.4964,.2619,.6202,,.3456,.085,.1507,.1568,.2773,,237526,899,2024,1821.624657534247,3792.966894977169,1469.764383561644,339.1332191780822,2816.628538812785,,1000000,1.1546,1004.9116,-13929.017,-1041.2018,-173.1156,-172.54805,,280.08536,17697.045,2144.4807,254.52344,-1102.0385,,18226.359,-279802.44,-96960.516,-44033,-7381.042,,-55644.598,-123253.85,-80569.203,-4691.9409,-18072.09,,-687219.13,-.0204897,.0204897,-687219.13,753.44,5106665,-3320832.8,333333.34,-333333.34,333333.34,-333333.34,-333333.34,-1333333.4,-1333333.4,1333333.4,-1333333.4
899,.0602,.022153364,.5241,.27000001,13069000,.0185,.038989700833742,.0957148994900935,.2499782552362744,.2889925978257626,.6128587282849408,.2704798711306223,,.5610836380189498,.1654832198141296,.2317259406036565,.2902302303717475,.6689804830786003,,.3735,.0964,.1857,.1323,.2418,,.5747,.2226,.3028,.3752,.4952,,.3245030852499743,1.082973335853418,1.216823199641024,2.83522683679328,1.075950554598035,,1.115804089488418,.2609456358836051,.4219082371893648,.2803700588201568,1.22885606932779,,.9391,.2423,.4964,.2619,.6202,,.3456,.085,.1507,.1568,.2773,,237526,899,2026,1821.624657534247,3792.966894977169,1469.764383561644,339.1332191780822,2816.628538812785,,1000000,1.1546,1004.9116,-13929.017,-1041.2018,-173.1156,-172.54805,,280.08536,17697.045,2144.4807,254.52344,-1102.0385,,18226.359,-279802.44,-96960.516,-44033,-7381.042,,-55644.598,-123253.85,-80569.203,-4691.9409,-18072.09,,-687219.13,-.0204897,.0204897,-687219.13,753.44,5106665,-3320832.8,333333.34,-333333.34,333333.34,-333333.34,-333333.34,-1333333.4,-1333333.4,1333333.4,-1333333.4
899,.0602,.022153364,.5241,.27000001,13069000,.0185,.038989700833742,.0957148994900935,.2499782552362744,.2889925978257626,.6128587282849408,.2704798711306223,,.5610836380189498,.1654832198141296,.2317259406036565,.2902302303717475,.6689804830786003,,.3735,.0964,.1857,.1323,.2418,,.5747,.2226,.3028,.3752,.4952,,.3245030852499743,1.082973335853418,1.216823199641024,2.83522683679328,1.075950554598035,,1.115804089488418,.2609456358836051,.4219082371893648,.2803700588201568,1.22885606932779,,.9391,.2423,.4964,.2619,.6202,,.3456,.085,.1507,.1568,.2773,,237526,899,2027,1821.624657534247,3792.966894977169,1469.764383561644,339.1332191780822,2816.628538812785,,1000000,1.1546,1004.9116,-13929.017,-1041.2018,-173.1156,-172.54805,,280.08536,17697.045,2144.4807,254.52344,-1102.0385,,18226.359,-279802.44,-96960.516,-44033,-7381.042,,-55644.598,-123253.85,-80569.203,-4691.9409,-18072.09,,-687219.13,-.0204897,.0204897,-687219.13,753.44,5106665,-3320832.8,333333.34,-333333.34,333333.34,-333333.34,-333333.34,-1333333.4,-1333333.4,1333333.4,-1333333.4
899,.0602,.022153364,.5241,.27000001,13069000,.0185,.038989700833742,.0957148994900935,.2499782552362744,.2889925978257626,.6128587282849408,.2704798711306223,,.5610836380189498,.1654832198141296,.2317259406036565,.2902302303717475,.6689804830786003,,.3735,.0964,.1857,.1323,.2418,,.5747,.2226,.3028,.3752,.4952,,.3245030852499743,1.082973335853418,1.216823199641024,2.83522683679328,1.075950554598035,,1.115804089488418,.2609456358836051,.4219082371893648,.2803700588201568,1.22885606932779,,.9391,.2423,.4964,.2619,.6202,,.3456,.085,.1507,.1568,.2773,,237526,899,2025,1821.624657534247,3792.966894977169,1469.764383561644,339.1332191780822,2816.628538812785,,1000000,1.1546,1004.9116,-13929.017,-1041.2018,-173.1156,-172.54805,,280.08536,17697.045,2144.4807,254.52344,-1102.0385,,18226.359,-279802.44,-96960.516,-44033,-7381.042,,-55644.598,-123253.85,-80569.203,-4691.9409,-18072.09,,-687219.13,-.0204897,.0204897,-687219.13,753.44,5106665,-3320832.8,333333.34,-333333.34,333333.34,-333333.34,-333333.34,-1333333.4,-1333333.4,1333333.4,-1333333.4
904,.0263,.030663494,.6186,.57370001,187512000,.0021,.0005804382784772,.3069793085623302,.0299819022817431,.0359173640098194,.0257293114224823,.1306343503514094,,.713700676400939,.1005815791555335,.2189656288457028,.3354896830993828,.3125611208626903,,.2061,.0194,.0301,.0409,.1237,,.9422,.1306,.2447,.2311,.3944,,1.020983768424871,.0737287487847376,.088683517231308,.0645229413806202,.3294052768505249,,.6890534036476782,.0543477141400954,.1288016617826959,.252766473483646,.2765466637609989,,.3318,.0459,.0599,.0754,.1896,,1.0385,.0844,.1876,.1801,.3038,,1728831,3045,2026,3897.306164383562,55007.62819634703,61283.23630136986,10822.87294520548,51581.35502283105,,1000000,1.1546,-780.77631,-13918.688,-2445.0398,174.40834,-764.01489,,10055.875,134886.59,32375.656,-9979.1406,9504.2666,,-43727.055,-134326.52,-161526.98,5939.7344,-41464.574,,54013.664,305311.66,728325,-88053.297,9478.876,,793079.63,.0015195617,.0015195617,793079.63,753.44,-4262818.5,-8419287,333333.34,333333.34,-333333.34,-333333.34,-333333.34,-1333333.4,1333333.4,-1333333.4,-1333333.4
904,.0263,.030663494,.6186,.57370001,187512000,.0021,.0005804382784772,.3069793085623302,.0299819022817431,.0359173640098194,.0257293114224823,.1306343503514094,,.713700676400939,.1005815791555335,.2189656288457028,.3354896830993828,.3125611208626903,,.2061,.0194,.0301,.0409,.1272,,.9422,.1306,.2447,.2311,.3944,,1.020983768424871,.0737287487847376,.088683517231308,.0645229413806202,.3294052768505249,,.6890534036476782,.0543477141400954,.1288016617826959,.252766473483646,.2765466637609989,,.3962,.0459,.0649,.0874,.236,,1.0385,.0844,.1876,.1801,.3038,,1728831,3045,2025,3897.306164383562,55007.62819634703,61283.23630136986,10822.87294520548,51581.35502283105,,1000000,1.1546,-780.77631,-13918.688,-2445.0398,174.40834,-378.39087,,10055.875,134886.59,32375.656,-9979.1406,9504.2666,,-39641.031,-134326.52,-133468.05,12492.684,-27702.889,,54013.664,305311.66,728325,-88053.297,9478.876,,845924.81,.0015195617,.0015195617,845924.81,753.44,-4262818.5,-8419287,333333.34,333333.34,-333333.34,-333333.34,-333333.34,-1333333.4,1333333.4,-1333333.4,-1333333.4
904,.0263,.030663494,.6186,.57370001,187512000,.0021,.0005804382784772,.3069793085623302,.0299819022817431,.0359173640098194,.0257293114224823,.1306343503514094,,.713700676400939,.1005815791555335,.2189656288457028,.3354896830993828,.3125611208626903,,.2061,.0194,.0301,.0409,.1202,,.9422,.1306,.2447,.2311,.3944,,1.020983768424871,.0737287487847376,.088683517231308,.0645229413806202,.3294052768505249,,.6890534036476782,.0543477141400954,.1288016617826959,.252766473483646,.2765466637609989,,.2673,.0459,.055,.0633,.1433,,1.0385,.0844,.1876,.1801,.3038,,1728831,3045,2027,3897.306164383562,55007.62819634703,61283.23630136986,10822.87294520548,51581.35502283105,,1000000,1.1546,-780.77631,-13918.688,-2445.0398,174.40834,-1149.6389,,10055.875,134886.59,32375.656,-9979.1406,9504.2666,,-47819.426,-134326.52,-189024.73,-667.82275,-55196.602,,54013.664,305311.66,728325,-88053.297,9478.876,,740764.31,.0015195617,.0015195617,740764.31,753.44,-4262818.5,-8419287,333333.34,333333.34,-333333.34,-333333.34,-333333.34,-1333333.4,1333333.4,-1333333.4,-1333333.4
904,.0263,.030663494,.6186,.57370001,187512000,.0021,.0005804382784772,.3069793085623302,.0299819022817431,.0359173640098194,.0257293114224823,.1306343503514094,,.713700676400939,.1005815791555335,.2189656288457028,.3354896830993828,.3125611208626903,,.2061,.0194,.0301,.0409,.1307,,.9422,.1306,.2447,.2311,.3944,,1.020983768424871,.0737287487847376,.088683517231308,.0645229413806202,.3294052768505249,,.6890534036476782,.0543477141400954,.1288016617826959,.252766473483646,.2765466637609989,,.4607,.0459,.0699,.0995,.2823,,1.0385,.0844,.1876,.1801,.3038,,1728831,3045,2024,3897.306164383562,55007.62819634703,61283.23630136986,10822.87294520548,51581.35502283105,,1000000,1.1546,-780.77631,-13918.688,-2445.0398,174.40834,7.2331662,,10055.875,134886.59,32375.656,-9979.1406,9504.2666,,-35548.66,-134326.52,-105409.1,19100.24,-13970.862,,54013.664,305311.66,728325,-88053.297,9478.876,,898801.38,.0015195617,.0015195617,898801.38,753.44,-4262818.5,-8419287,333333.34,333333.34,-333333.34,-333333.34,-333333.34,-1333333.4,1333333.4,-1333333.4,-1333333.4
936,.0282,.027707914,.4291,.35550001,26006000,.0001,0,0,.0032984624083223,.0113707667149838,.0009045915982464,.0102490276073845,,.1659152203899286,.008623937062616,.0320523653668954,.043440757575836,.1340137055869433,,.0347,.0022,.0158,.0097,.0337,,.1751,.0328,.076,.0555,.1182,,0,.005772309214564,.0105050679690232,.0026935289678384,.0155908171376196,,.0636008344828059,.0024984868680877,.0109409892621987,.0286030655517888,.0692158721338741,,.0815,.0042,.0382,.016,.0874,,.2376,.0327,.046,.046,.1428,,167389,936,2026,33.26917808219178,8547.569178082193,3428.09098173516,1323.158219178082,5200.125799086758,,1000000,1.1546,2.2926173,-224.51196,104.13552,12.361956,260.48218,,3.4504936,16880.535,3092.7952,140.93694,-185.14572,,44.14183,-1179.304,8693.8506,888.3573,2147.1123,,229.58713,47677.59,24292.404,2577.2317,2580.1348,,108038.44,.000099999997,.000099999997,108038.44,753.44,46545.527,-1914041.3,333333.34,108038.44,46545.527,-333333.34,-178749.38,-714997.5,432153.75,186182.11,-1333333.4
936,.0282,.027707914,.4291,.35550001,26006000,.0001,0,0,.0032984624083223,.0113707667149838,.0009045915982464,.0102490276073845,,.1659152203899286,.008623937062616,.0320523653668954,.043440757575836,.1340137055869433,,.0347,.0022,.0158,.0097,.0337,,.1751,.0328,.076,.0555,.1182,,0,.005772309214564,.0105050679690232,.0026935289678384,.0155908171376196,,.0636008344828059,.0024984868680877,.0109409892621987,.0286030655517888,.0692158721338741,,.0815,.0042,.0382,.016,.0874,,.2376,.0327,.046,.046,.1428,,167389,936,2024,33.26917808219178,8547.569178082193,3428.09098173516,1323.158219178082,5200.125799086758,,1000000,1.1546,2.2926173,-224.51196,104.13552,12.361956,260.48218,,3.4504936,16880.535,3092.7952,140.93694,-185.14572,,44.14183,-1179.304,8693.8506,888.3573,2147.1123,,229.58713,47677.59,24292.404,2577.2317,2580.1348,,108038.44,.000099999997,.000099999997,108038.44,753.44,46545.527,-1914041.3,333333.34,108038.44,46545.527,-333333.34,-178749.38,-714997.5,432153.75,186182.11,-1333333.4
936,.0282,.027707914,.4291,.35550001,26006000,.0001,0,0,.0032984624083223,.0113707667149838,.0009045915982464,.0102490276073845,,.1659152203899286,.008623937062616,.0320523653668954,.043440757575836,.1340137055869433,,.0347,.0022,.0158,.0097,.0337,,.1751,.0328,.076,.0555,.1182,,0,.005772309214564,.0105050679690232,.0026935289678384,.0155908171376196,,.0636008344828059,.0024984868680877,.0109409892621987,.0286030655517888,.0692158721338741,,.0815,.0042,.0382,.016,.0874,,.2376,.0327,.046,.046,.1428,,167389,936,2027,33.26917808219178,8547.569178082193,3428.09098173516,1323.158219178082,5200.125799086758,,1000000,1.1546,2.2926173,-224.51196,104.13552,12.361956,260.48218,,3.4504936,16880.535,3092.7952,140.93694,-185.14572,,44.14183,-1179.304,8693.8506,888.3573,2147.1123,,229.58713,47677.59,24292.404,2577.2317,2580.1348,,108038.44,.000099999997,.000099999997,108038.44,753.44,46545.527,-1914041.3,333333.34,108038.44,46545.527,-333333.34,-178749.38,-714997.5,432153.75,186182.11,-1333333.4
936,.0282,.027707914,.4291,.35550001,26006000,.0001,0,0,.0032984624083223,.0113707667149838,.0009045915982464,.0102490276073845,,.1659152203899286,.008623937062616,.0320523653668954,.043440757575836,.1340137055869433,,.0347,.0022,.0158,.0097,.0337,,.1751,.0328,.076,.0555,.1182,,0,.005772309214564,.0105050679690232,.0026935289678384,.0155908171376196,,.0636008344828059,.0024984868680877,.0109409892621987,.0286030655517888,.0692158721338741,,.0815,.0042,.0382,.016,.0874,,.2376,.0327,.046,.046,.1428,,167389,936,2025,33.26917808219178,8547.569178082193,3428.09098173516,1323.158219178082,5200.125799086758,,1000000,1.1546,2.2926173,-224.51196,104.13552,12.361956,260.48218,,3.4504936,16880.535,3092.7952,140.93694,-185.14572,,44.14183,-1179.304,8693.8506,888.3573,2147.1123,,229.58713,47677.59,24292.404,2577.2317,2580.1348,,108038.44,.000099999997,.000099999997,108038.44,753.44,46545.527,-1914041.3,333333.34,108038.44,46545.527,-333333.34,-178749.38,-714997.5,432153.75,186182.11,-1333333.4
937,.0326,.033183698,.5177,.47960001,10783000,.0248,.0204581879890638,.3067837873970704,.187564108085305,.3608274394816934,.2203816188419014,.4977374389764523,,1.898195851888064,1.338262722223569,1.291179169084894,1.182373736209665,1.497161374549023,,.1646,.0387,.0208,.0215,.074,,1.8978,.3083,.4653,.3801,.5399,,.0510625804851188,.1072655868963065,.0503811048797867,.1211311599810917,.1927553428538127,,1.281907978099058,.7041122341276768,.6215153319855322,.6273508295768457,.8457174259224295,,.1482,.1745,.0153,.0135,.0458,,1.1444,.2342,.2974,.2392,.4055,,147693,937,2024,198.9517123287671,5373.056050228311,3933.458219178082,995.5126712328768,5671.256506849315,,1000000,1.1546,-56.176899,-19125.951,-9172.8965,-210.31044,-5133.0962,,-.88930517,-452065,-66689.023,-7054.437,-12222.949,,314.61899,31699.918,-12635.933,-5406.271,-4792.0967,,-1085.0104,-466316.81,-257687.06,-43262.965,-16834.141,,-1347736.4,.0043418119,.0043418119,-1341884.8,753.44,-48714.445,-410832.16,333333.34,-333333.34,-48714.445,-333333.34,-333333.34,-1333333.4,-1333333.4,-194857.78,-1333333.4
937,.0326,.033183698,.5177,.47960001,10783000,.0248,.0204581879890638,.3067837873970704,.187564108085305,.3608274394816934,.2203816188419014,.4977374389764523,,1.898195851888064,1.338262722223569,1.291179169084894,1.182373736209665,1.497161374549023,,.1646,.0387,.0208,.0215,.074,,1.6352,.3083,.4538,.3801,.5399,,.0510625804851188,.1072655868963065,.0503811048797867,.1211311599810917,.1927553428538127,,1.281907978099058,.7041122341276768,.6215153319855322,.6273508295768457,.8457174259224295,,.1482,.1517,.0153,.0135,.0458,,1.1444,.2342,.2974,.2392,.4055,,147693,937,2025,198.9517123287671,5373.056050228311,3933.458219178082,995.5126712328768,5671.256506849315,,1000000,1.1546,-56.176899,-19125.951,-9172.8965,-210.31044,-5133.0962,,-590.83606,-452065,-67617.641,-7054.437,-12222.949,,314.61899,20950.094,-12635.933,-5406.271,-4792.0967,,-1085.0104,-466316.81,-257687.06,-43262.965,-16834.141,,-1360004.9,.0043418119,.0043418119,-1354100,753.44,-48714.445,-410832.16,333333.34,-333333.34,-48714.445,-333333.34,-333333.34,-1333333.4,-1333333.4,-194857.78,-1333333.4
937,.0326,.033183698,.5177,.47960001,10783000,.0248,.0204581879890638,.3067837873970704,.187564108085305,.3608274394816934,.2203816188419014,.4977374389764523,,1.898195851888064,1.338262722223569,1.291179169084894,1.182373736209665,1.497161374549023,,.1646,.0387,.0208,.0215,.074,,1.1101,.3083,.4308,.3801,.5399,,.0510625804851188,.1072655868963065,.0503811048797867,.1211311599810917,.1927553428538127,,1.281907978099058,.7041122341276768,.6215153319855322,.6273508295768457,.8457174259224295,,.1482,.1063,.0153,.0135,.0458,,1.1444,.2342,.2974,.2392,.4055,,147693,937,2027,198.9517123287671,5373.056050228311,3933.458219178082,995.5126712328768,5671.256506849315,,1000000,1.1546,-56.176899,-19125.951,-9172.8965,-210.31044,-5133.0962,,-1770.5049,-452065,-69474.867,-7054.437,-12222.949,,314.61899,-455.25833,-12635.933,-5406.271,-4792.0967,,-1085.0104,-466316.81,-257687.06,-43262.965,-16834.141,,-1384447.1,.0043418119,.0043418119,-1378436.1,753.44,-48714.445,-410832.16,333333.34,-333333.34,-48714.445,-333333.34,-333333.34,-1333333.4,-1333333.4,-194857.78,-1333333.4
937,.0326,.033183698,.5177,.47960001,10783000,.0248,.0204581879890638,.3067837873970704,.187564108085305,.3608274394816934,.2203816188419014,.4977374389764523,,1.898195851888064,1.338262722223569,1.291179169084894,1.182373736209665,1.497161374549023,,.1646,.0387,.0208,.0215,.074,,1.3727,.3083,.4423,.3801,.5399,,.0510625804851188,.1072655868963065,.0503811048797867,.1211311599810917,.1927553428538127,,1.281907978099058,.7041122341276768,.6215153319855322,.6273508295768457,.8457174259224295,,.1482,.129,.0153,.0135,.0458,,1.1444,.2342,.2974,.2392,.4055,,147693,937,2026,198.9517123287671,5373.056050228311,3933.458219178082,995.5126712328768,5671.256506849315,,1000000,1.1546,-56.176899,-19125.951,-9172.8965,-210.31044,-5133.0962,,-1180.5582,-452065,-68546.258,-7054.437,-12222.949,,314.61899,10247.418,-12635.933,-5406.271,-4792.0967,,-1085.0104,-466316.81,-257687.06,-43262.965,-16834.141,,-1372225.9,.0043418119,.0043418119,-1366267.9,753.44,-48714.445,-410832.16,333333.34,-333333.34,-48714.445,-333333.34,-333333.34,-1333333.4,-1333333.4,-194857.78,-1333333.4
938,.0362,.017659485,.49,.38999999,12774000,.07,.1178498330281159,.4106161679602802,.4317706034598812,.3483088291450177,.1716284793983286,.2927236368586732,,2.437878683429727,.5027097936499656,.5439753747544838,.6101265191909017,1.179233886096708,,.1648,.0566,.0255,.0554,.1053,,1.8081,.7393,.7945,.8925999999999999,1.2072,,.7625835144577421,1.562955263800487,.9024403623090506,.2580887863702148,.6015636645581764,,3.701400033652071,.6367225959596829,.4468910581776144,.8145190029322059,1.452365038713466,,.2568,.0842,.0531,.1503,.1956,,1.9135,.962,.7209,.7978,1.2809,,236700,938,2024,657.4124429223745,2703.368493150685,4739.762214611872,568.0369863013699,6352.805479452055,,1000000,1.1546,-320.92856,-24251.896,-10493.49,-70.13076,-2543.2744,,-4675.1582,52246.84,24376.441,1417.2527,400.00357,,-5413.1899,-350789.59,-368636.06,-3089.322,-14829.061,,-46616.477,162406.02,262506.31,-1063.3003,-7344.894,,-336783.97,-.047849834,.047849834,-336783.97,753.44,2479876,-1277400.1,333333.34,-333333.34,333333.34,-333333.34,-333333.34,-1333333.4,-1333333.4,1333333.4,-1333333.4
938,.0362,.017659485,.49,.38999999,12774000,.07,.1178498330281159,.4106161679602802,.4317706034598812,.3483088291450177,.1716284793983286,.2927236368586732,,2.437878683429727,.5027097936499656,.5439753747544838,.6101265191909017,1.179233886096708,,.1648,.0566,.0255,.0554,.1053,,1.2155,.4327,.53,.5292,.7982,,.7625835144577421,1.562955263800487,.9024403623090506,.2580887863702148,.6015636645581764,,3.701400033652071,.6367225959596829,.4468910581776144,.8145190029322059,1.452365038713466,,.2568,.0842,.0531,.1356,.1956,,1.3684,.4281,.4759,.4648,.8293,,236700,938,2027,657.4124429223745,2703.368493150685,4739.762214611872,568.0369863013699,6352.805479452055,,1000000,1.1546,-320.92856,-24251.896,-10493.49,-70.13076,-2543.2744,,-9074.3203,-15460.447,-1359.8259,-406.0322,-5449.9854,,-5413.1899,-350789.59,-368636.06,-3510.6372,-14829.061,,-60829.039,-104162.05,27791.176,-22241.537,-26689.68,,-998740.06,-.047849834,.047849834,-998740.06,753.44,2479876,-1277400.1,333333.34,-333333.34,333333.34,-333333.34,-333333.34,-1333333.4,-1333333.4,1333333.4,-1333333.4
938,.0362,.017659485,.49,.38999999,12774000,.07,.1178498330281159,.4106161679602802,.4317706034598812,.3483088291450177,.1716284793983286,.2927236368586732,,2.437878683429727,.5027097936499656,.5439753747544838,.6101265191909017,1.179233886096708,,.1648,.0566,.0255,.0554,.1053,,1.6106,.6371,.7063,.7715,1.0708,,.7625835144577421,1.562955263800487,.9024403623090506,.2580887863702148,.6015636645581764,,3.701400033652071,.6367225959596829,.4468910581776144,.8145190029322059,1.452365038713466,,.2568,.0842,.0531,.1454,.1956,,1.7318,.7841,.6392,.6868,1.1304,,236700,938,2025,657.4124429223745,2703.368493150685,4739.762214611872,568.0369863013699,6352.805479452055,,1000000,1.1546,-320.92856,-24251.896,-10493.49,-70.13076,-2543.2744,,-6141.2979,29677.744,15794.441,809.65833,-1550.9463,,-5413.1899,-350789.59,-368636.06,-3229.7605,-14829.061,,-51354,73583.273,184236.02,-8122.7129,-13791.728,,-557437,-.047849834,.047849834,-557437,753.44,2479876,-1277400.1,333333.34,-333333.34,333333.34,-333333.34,-333333.34,-1333333.4,-1333333.4,1333333.4,-1333333.4
938,.0362,.017659485,.49,.38999999,12774000,.07,.1178498330281159,.4106161679602802,.4317706034598812,.3483088291450177,.1716284793983286,.2927236368586732,,2.437878683429727,.5027097936499656,.5439753747544838,.6101265191909017,1.179233886096708,,.1648,.0566,.0255,.0554,.1053,,1.4131,.5349,.6181,.6504,.9345,,.7625835144577421,1.562955263800487,.9024403623090506,.2580887863702148,.6015636645581764,,3.701400033652071,.6367225959596829,.4468910581776144,.8145190029322059,1.452365038713466,,.2568,.0842,.0531,.1405,.1956,,1.5501,.6061,.5575,.5758,.9798,,236700,938,2026,657.4124429223745,2703.368493150685,4739.762214611872,568.0369863013699,6352.805479452055,,1000000,1.1546,-320.92856,-24251.896,-10493.49,-70.13076,-2543.2744,,-7607.438,7108.6479,7212.4429,202.06392,-3500.4658,,-5413.1899,-350789.59,-368636.06,-3370.1987,-14829.061,,-56091.52,-15289.392,105965.7,-15182.125,-20242.846,,-778142.75,-.047849834,.047849834,-778142.75,753.44,2479876,-1277400.1,333333.34,-333333.34,333333.34,-333333.34,-333333.34,-1333333.4,-1333333.4,1333333.4,-1333333.4
944,.0293,.024182534,.6824,.63679999,31048000,.1575,.117890644806896,.0572979774861995,.0060017070730124,.0194640943594128,.0141746520641941,.193083794216746,,1.503276521033983,1.001180021455277,1.042263004448277,.7868324153159268,1.519668552809917,,.3816,.0606,.1911,.1894,.2839,,2.5419,.0518,.553,.3325,1.3042,,.0845433829214801,.0097090737955732,.0244997493822442,.0182106834561342,.3677967031472859,,.9285894224430148,.6634195900003805,.6250465544452878,.5105226920943947,.9370688713885994,,.4297,.0162,.0896,.0437,.2552,,2.2286,.0314,.4009,.1901,1.0788,,358027,944,2024,3301.962557077626,21851.33630136986,3669.395547945206,1731.280365296804,8994.621461187215,,1000000,1.1546,2126.5803,28527.83,4319.3726,322.24316,1744.8156,,38725.828,-1694634.8,-36855.324,-6947.5889,-4363.4795,,18554.063,12446.001,21874.428,2226.5815,-5823.3042,,170246.16,-2550653.8,-166243.66,-62109.727,8595.9238,,-4217922,.039609354,.039609354,-4050852.8,753.44,1035334.5,-1415789.1,333333.34,-333333.34,333333.34,-333333.34,-333333.34,-1333333.4,-1333333.4,1333333.4,-1333333.4
944,.0293,.024182534,.6824,.63679999,31048000,.1575,.117890644806896,.0572979774861995,.0060017070730124,.0194640943594128,.0141746520641941,.193083794216746,,1.503276521033983,1.001180021455277,1.042263004448277,.7868324153159268,1.519668552809917,,.2982,.0606,.1334,.1518,.2406,,1.3485,.0518,.553,.3325,.9419999999999999,,.0845433829214801,.0097090737955732,.0244997493822442,.0182106834561342,.3677967031472859,,.9285894224430148,.6634195900003805,.6250465544452878,.5105226920943947,.9370688713885994,,.4297,.0162,.0896,.0437,.2552,,1.5609,.0314,.4009,.1901,1.0272,,358027,944,2027,3301.962557077626,21851.33630136986,3669.395547945206,1731.280365296804,8994.621461187215,,1000000,1.1546,1579.6926,28527.83,2867.3,253.09596,912.90991,,-5770.9546,-1694634.8,-36855.324,-6947.5889,-11698.436,,18554.063,12446.001,21874.428,2226.5815,-5823.3042,,82805.828,-2550653.8,-166243.66,-62109.727,5466.4087,,-4363223,.039609354,.039609354,-4190398.5,753.44,1035334.5,-1415789.1,333333.34,-333333.34,333333.34,-333333.34,-333333.34,-1333333.4,-1333333.4,1333333.4,-1333333.4
944,.0293,.024182534,.6824,.63679999,31048000,.1575,.117890644806896,.0572979774861995,.0060017070730124,.0194640943594128,.0141746520641941,.193083794216746,,1.503276521033983,1.001180021455277,1.042263004448277,.7868324153159268,1.519668552809917,,.3538,.0606,.1719,.1769,.2695,,2.1441,.0518,.553,.3325,1.1835,,.0845433829214801,.0097090737955732,.0244997493822442,.0182106834561342,.3677967031472859,,.9285894224430148,.6634195900003805,.6250465544452878,.5105226920943947,.9370688713885994,,.4297,.0162,.0896,.0437,.2552,,2.006,.0314,.4009,.1901,1.0616,,358027,944,2025,3301.962557077626,21851.33630136986,3669.395547945206,1731.280365296804,8994.621461187215,,1000000,1.1546,1944.2845,28527.83,3836.1875,299.2554,1468.1542,,23893.566,-1694634.8,-36855.324,-6947.5889,-6807.79,,18554.063,12446.001,21874.428,2226.5815,-5823.3042,,141095.02,-2550653.8,-166243.66,-62109.727,7552.752,,-4266357.5,.039609354,.039609354,-4097369.8,753.44,1035334.5,-1415789.1,333333.34,-333333.34,333333.34,-333333.34,-333333.34,-1333333.4,-1333333.4,1333333.4,-1333333.4
944,.0293,.024182534,.6824,.63679999,31048000,.1575,.117890644806896,.0572979774861995,.0060017070730124,.0194640943594128,.0141746520641941,.193083794216746,,1.503276521033983,1.001180021455277,1.042263004448277,.7868324153159268,1.519668552809917,,.326,.0606,.1526,.1644,.255,,1.7463,.0518,.553,.3325,1.0627,,.0845433829214801,.0097090737955732,.0244997493822442,.0182106834561342,.3677967031472859,,.9285894224430148,.6634195900003805,.6250465544452878,.5105226920943947,.9370688713885994,,.4297,.0162,.0896,.0437,.2552,,1.7835,.0314,.4009,.1901,1.0444,,358027,944,2026,3301.962557077626,21851.33630136986,3669.395547945206,1731.280365296804,8994.621461187215,,1000000,1.1546,1761.9885,28527.83,3350.4854,276.26764,1189.5714,,9061.3057,-1694634.8,-36855.324,-6947.5889,-9254.125,,18554.063,12446.001,21874.428,2226.5815,-5823.3042,,111956.97,-2550653.8,-166243.66,-62109.727,6509.5806,,-4314787,.039609354,.039609354,-4143881,753.44,1035334.5,-1415789.1,333333.34,-333333.34,333333.34,-333333.34,-333333.34,-1333333.4,-1333333.4,1333333.4,-1333333.4
945,.0338,.052763194,.506,.38,55555000,.1385,.2082997489809548,.1982045915747659,.0416964483987748,.2039398140073657,.2201199262880923,.4455694519146611,,2.77384812282085,1.911540584578229,1.50707409812133,1.601599764444477,2.388335209274973,,.298,.0316,.0998,.0902,.2191,,1.5314,.2084,.7766999999999999,.7591,1.1584,,.4604028051829304,.0666584155223507,.1910065803158737,.3841964481308421,.4841373737776231,,2.327341709037383,.8250854295758427,1.129666628197992,1.028170267504572,2.077932836499582,,.4986,.1132,.2138,.1925,.3498,,1.9871,.1623,.733,.6850000000000001,1.3845,,916548,945,2026,3279.090068493151,17507.83401826484,16464.60102739726,7587.232876712329,32510.71484018265,,1000000,1.1546,649.86615,-4226.8101,-11759.423,-1047.0769,-15726.767,,-46004.68,-2435796,-246865.22,-56460.691,-90027.445,,2039.0857,71502.094,34365.305,-73385.539,-25112.172,,-44248.566,-2143129,-1320065.1,-291515.75,-152011.11,,-6848825,-.069799751,.069799751,-6848825,753.44,-9821473,-6999930.5,333333.34,-333333.34,-333333.34,-333333.34,-333333.34,-1333333.4,-1333333.4,-1333333.4,-1333333.4
945,.0338,.052763194,.506,.38,55555000,.1385,.2082997489809548,.1982045915747659,.0416964483987748,.2039398140073657,.2201199262880923,.4455694519146611,,2.77384812282085,1.911540584578229,1.50707409812133,1.601599764444477,2.388335209274973,,.2989,.0316,.0998,.0902,.2191,,1.9035,.2084,1.0258,.9634,1.598,,.4604028051829304,.0666584155223507,.1910065803158737,.3841964481308421,.4841373737776231,,2.327341709037383,.8250854295758427,1.129666628197992,1.028170267504572,2.077932836499582,,.5385,.1132,.2344,.2261,.3998,,2.8484,.1623,.9741,.8133,2.1082,,916548,945,2024,3279.090068493151,17507.83401826484,16464.60102739726,7587.232876712329,32510.71484018265,,1000000,1.1546,655.72693,-4226.8101,-11759.423,-1047.0769,-15726.767,,-32226.768,-2435796,-162669.83,-42769.391,-57850.086,,4169.0728,71502.094,65423.625,-60522.73,-15765.491,,67763.836,-2143129,-517709.5,-182527.67,6635.0264,,-5467577,-.069799751,.069799751,-5467577,753.44,-9821473,-6999930.5,333333.34,-333333.34,-333333.34,-333333.34,-333333.34,-1333333.4,-1333333.4,-1333333.4,-1333333.4
945,.0338,.052763194,.506,.38,55555000,.1385,.2082997489809548,.1982045915747659,.0416964483987748,.2039398140073657,.2201199262880923,.4455694519146611,,2.77384812282085,1.911540584578229,1.50707409812133,1.601599764444477,2.388335209274973,,.2984,.0316,.0998,.0902,.2191,,1.7175,.2084,.9013,.8612,1.3782,,.4604028051829304,.0666584155223507,.1910065803158737,.3841964481308421,.4841373737776231,,2.327341709037383,.8250854295758427,1.129666628197992,1.028170267504572,2.077932836499582,,.5185999999999999,.1132,.2241,.2093,.3748,,2.4177,.1623,.8536,.7491,1.7463,,916548,945,2025,3279.090068493151,17507.83401826484,16464.60102739726,7587.232876712329,32510.71484018265,,1000000,1.1546,652.47095,-4226.8101,-11759.423,-1047.0769,-15726.767,,-39113.875,-2435796,-204750.63,-49618.391,-73938.766,,3106.7483,71502.094,49894.465,-66954.133,-20438.832,,11751.131,-2143129,-918720.94,-237064.19,-72699,,-6158077,-.069799751,.069799751,-6158077,753.44,-9821473,-6999930.5,333333.34,-333333.34,-333333.34,-333333.34,-333333.34,-1333333.4,-1333333.4,-1333333.4,-1333333.4
945,.0338,.052763194,.506,.38,55555000,.1385,.2082997489809548,.1982045915747659,.0416964483987748,.2039398140073657,.2201199262880923,.4455694519146611,,2.77384812282085,1.911540584578229,1.50707409812133,1.601599764444477,2.388335209274973,,.2976,.0316,.0998,.0902,.2191,,1.3454,.2084,.6522,.657,.9387,,.4604028051829304,.0666584155223507,.1910065803158737,.3841964481308421,.4841373737776231,,2.327341709037383,.8250854295758427,1.129666628197992,1.028170267504572,2.077932836499582,,.4787,.1132,.2034,.1758,.3249,,1.5564,.1623,.6125,.6208,1.0226,,916548,945,2027,3279.090068493151,17507.83401826484,16464.60102739726,7587.232876712329,32510.71484018265,,1000000,1.1546,647.26135,-4226.8101,-11759.423,-1047.0769,-15726.767,,-52891.785,-2435796,-288946,-63302.992,-106108.8,,976.76147,71502.094,18685.377,-79778.656,-29766.818,,-100261.27,-2143129,-1721076.6,-346052.28,-231345.14,,-7539404,-.069799751,.069799751,-7539404,753.44,-9821473,-6999930.5,333333.34,-333333.34,-333333.34,-333333.34,-333333.34,-1333333.4,-1333333.4,-1333333.4,-1333333.4
958,.0267,.0095521081,.5699,.59539998,16577000,.0012,.0001890001890002,,.0000866514294088,.0012750725918021,0,.0258832562414215,,,.2125292621090962,.8237739260028641,1.637024841257886,1.315264631653073,,0,.0015,.0175,.0027,.024,,.1225,.0733,.3484,.1407,.262,,,.0001733028588176,.0025501451836043,0,.0423119182968974,,,.2474281063776042,1.045924534942491,1.953738449883975,1.600421860455738,,0,.003,.0323,.0052,.052,,.0674,.0391,.2198,.0873,.1869,,114425,958,2024,,6534.341666666666,2537.056735159817,1176.199086757991,2688.38401826484,,1000000,1.1546,,220.8324,282.31305,3.3733702,-10.81444,,,-74317.375,-24758.758,-15545.322,-6375.2173,,,1620.7882,6911.5356,308.60089,149.758,,,-251415.86,-423637.28,-245789.58,-25623.488,,-1057976.4,.0010109998,.0010109998,-1056906.8,753.44,1108770.4,422713.09,333333.34,-333333.34,333333.34,333333.34,333333.34,1333333.4,-1333333.4,1333333.4,1333333.4
958,.0267,.0095521081,.5699,.59539998,16577000,.0012,.0001890001890002,,.0000866514294088,.0012750725918021,0,.0258832562414215,,,.2125292621090962,.8237739260028641,1.637024841257886,1.315264631653073,,0,.0015,.0175,.0027,.024,,.1225,.0733,.3484,.1407,.262,,,.0001733028588176,.0025501451836043,0,.0423119182968974,,,.2474281063776042,1.045924534942491,1.953738449883975,1.600421860455738,,0,.003,.0323,.0052,.052,,.0674,.0391,.2198,.0873,.1869,,114425,958,2025,,6534.341666666666,2537.056735159817,1176.199086757991,2688.38401826484,,1000000,1.1546,,220.8324,282.31305,3.3733702,-10.81444,,,-74317.375,-24758.758,-15545.322,-6375.2173,,,1620.7882,6911.5356,308.60089,149.758,,,-251415.86,-423637.28,-245789.58,-25623.488,,-1057976.4,.0010109998,.0010109998,-1056906.8,753.44,1108770.4,422713.09,333333.34,-333333.34,333333.34,333333.34,333333.34,1333333.4,-1333333.4,1333333.4,1333333.4
958,.0267,.0095521081,.5699,.59539998,16577000,.0012,.0001890001890002,,.0000866514294088,.0012750725918021,0,.0258832562414215,,,.2125292621090962,.8237739260028641,1.637024841257886,1.315264631653073,,0,.0015,.0175,.0027,.024,,.1225,.0733,.3484,.1407,.262,,,.0001733028588176,.0025501451836043,0,.0423119182968974,,,.2474281063776042,1.045924534942491,1.953738449883975,1.600421860455738,,0,.003,.0323,.0052,.052,,.0674,.0391,.2198,.0873,.1869,,114425,958,2027,,6534.341666666666,2537.056735159817,1176.199086757991,2688.38401826484,,1000000,1.1546,,220.8324,282.31305,3.3733702,-10.81444,,,-74317.375,-24758.758,-15545.322,-6375.2173,,,1620.7882,6911.5356,308.60089,149.758,,,-251415.86,-423637.28,-245789.58,-25623.488,,-1057976.4,.0010109998,.0010109998,-1056906.8,753.44,1108770.4,422713.09,333333.34,-333333.34,333333.34,333333.34,333333.34,1333333.4,-1333333.4,1333333.4,1333333.4
958,.0267,.0095521081,.5699,.59539998,16577000,.0012,.0001890001890002,,.0000866514294088,.0012750725918021,0,.0258832562414215,,,.2125292621090962,.8237739260028641,1.637024841257886,1.315264631653073,,0,.0015,.0175,.0027,.024,,.1225,.0733,.3484,.1407,.262,,,.0001733028588176,.0025501451836043,0,.0423119182968974,,,.2474281063776042,1.045924534942491,1.953738449883975,1.600421860455738,,0,.003,.0323,.0052,.052,,.0674,.0391,.2198,.0873,.1869,,114425,958,2026,,6534.341666666666,2537.056735159817,1176.199086757991,2688.38401826484,,1000000,1.1546,,220.8324,282.31305,3.3733702,-10.81444,,,-74317.375,-24758.758,-15545.322,-6375.2173,,,1620.7882,6911.5356,308.60089,149.758,,,-251415.86,-423637.28,-245789.58,-25623.488,,-1057976.4,.0010109998,.0010109998,-1056906.8,753.44,1108770.4,422713.09,333333.34,-333333.34,333333.34,333333.34,333333.34,1333333.4,-1333333.4,1333333.4,1333333.4
959,.0529,.045046121,.86,.44,5469000,.3382,.1826762909494725,0,.0105176340760054,.0235566875671849,.0003303471004176,.2521354295018543,,1.279755773228701,.4664266024747509,.3016239015877824,.08936583072811,1.463133169172002,,.2876,.0329,.0976,.0013,.1987,0,1.6152,.7921,.9061,.9225,1.2293,3.75,0,.0106427173138105,.0208544591779002,.0001651735502088,.2727972370939455,,1.798518376316496,.4400398461830912,.3136803235045057,.0725080886459146,2.153868740880629,,.4304,.048,.1692,.0031,.3015,0,1.947,.8055,.8963,.9194,1.4208,4.1582,25152,959,2027,24.38036529680365,493.4309360730593,794.5518264840183,246.7309360730594,1238.201712328767,0,1000000,1.1546,13.924805,264.08517,403.48376,.25413197,-141.32663,,92.348732,13127.036,9859.7227,1815.6476,-651.87402,,170.82961,1617.5094,10793.35,36.535835,204.35065,,143.57248,33304.996,93567.68,23394.865,-6120.4102,,181896.58,.1555237,.1555237,181896.58,753.44,111626.34,-2296980,333333.34,181896.58,111626.34,-333333.34,-39810.43,115671.25,1002499.3,446505.34,-1333333.4
959,.0529,.045046121,.86,.44,5469000,.3382,.1826762909494725,0,.0105176340760054,.0235566875671849,.0003303471004176,.2521354295018543,,1.279755773228701,.4664266024747509,.3016239015877824,.08936583072811,1.463133169172002,,.2876,.0329,.0976,.0013,.1987,0,1.8893,.8732,1.0411,1.1188,1.7383,3.75,0,.0106427173138105,.0208544591779002,.0001651735502088,.2727972370939455,,1.798518376316496,.4400398461830912,.3136803235045057,.0725080886459146,2.153868740880629,,.4304,.048,.1692,.0031,.3015,0,2.2223,.9305,1.0297,.9194,2.0604,4.1582,25152,959,2026,24.38036529680365,493.4309360730593,794.5518264840183,246.7309360730594,1238.201712328767,0,1000000,1.1546,13.924805,264.08517,403.48376,.25413197,-141.32663,,167.80923,16395.963,12061.732,2243.4438,767.10297,,170.82961,1617.5094,10793.35,36.535835,204.35065,,409.77045,44696.453,114991.48,23394.865,-780.37292,,227711.23,.1555237,.1555237,227711.23,753.44,111626.34,-2296980,333333.34,227711.23,111626.34,-333333.34,6004.2266,115671.25,1002499.3,446505.34,-1333333.4
959,.0529,.045046121,.86,.44,5469000,.3382,.1826762909494725,0,.0105176340760054,.0235566875671849,.0003303471004176,.2521354295018543,,1.279755773228701,.4664266024747509,.3016239015877824,.08936583072811,1.463133169172002,,.2876,.0329,.0976,.0013,.1987,0,2.4374,1.0354,1.3113,1.5114,2.7563,3.75,0,.0106427173138105,.0208544591779002,.0001651735502088,.2727972370939455,,1.798518376316496,.4400398461830912,.3136803235045057,.0725080886459146,2.153868740880629,,.4304,.048,.1692,.0031,.3015,0,2.773,1.1806,1.2965,.9194,3.3397,4.1582,25152,959,2024,24.38036529680365,493.4309360730593,794.5518264840183,246.7309360730594,1238.201712328767,0,1000000,1.1546,13.924805,264.08517,403.48376,.25413197,-141.32663,,318.7027,22933.816,16469.016,3099.0361,3605.0569,,170.82961,1617.5094,10793.35,36.535835,204.35065,,942.26306,67488.484,157839.09,23394.865,9900.5361,,319353.88,.1555237,.1555237,319353.88,753.44,111626.34,-2296980,333333.34,319353.88,111626.34,-333333.34,97646.867,115671.25,1002499.3,446505.34,-1333333.4
959,.0529,.045046121,.86,.44,5469000,.3382,.1826762909494725,0,.0105176340760054,.0235566875671849,.0003303471004176,.2521354295018543,,1.279755773228701,.4664266024747509,.3016239015877824,.08936583072811,1.463133169172002,,.2876,.0329,.0976,.0013,.1987,0,2.1634,.9543,1.1762,1.3151,2.2473,3.75,0,.0106427173138105,.0208544591779002,.0001651735502088,.2727972370939455,,1.798518376316496,.4400398461830912,.3136803235045057,.0725080886459146,2.153868740880629,,.4304,.048,.1692,.0031,.3015,0,2.4977,1.0556,1.1631,.9194,2.7001,4.1582,25152,959,2025,24.38036529680365,493.4309360730593,794.5518264840183,246.7309360730594,1238.201712328767,0,1000000,1.1546,13.924805,264.08517,403.48376,.25413197,-141.32663,,243.26973,19664.891,14265.374,2671.24,2186.0798,,170.82961,1617.5094,10793.35,36.535835,204.35065,,676.06512,56097.023,136415.28,23394.865,4560.499,,273537.59,.1555237,.1555237,273537.59,753.44,111626.34,-2296980,333333.34,273537.59,111626.34,-333333.34,51830.586,115671.25,1002499.3,446505.34,-1333333.4
965,.0245,.018018018,.491,.366,20000,0,0,,,,,3.104015672801321,,,,,,0,,.2775,.1199,.1141,.1244,.0721,,1.2504,.4641,.5628,.5636,.3487,,,,,,5.24042469688635,,,,,,0,,.4129,.2014,.1633,.1474,.1803,,1.419,.4611,.5125999999999999,.5068,.1633,,333,965,2024,,,,,11.82865296803653,,1000000,1.1546,,,,,-76.604752,,,,,,9.2865286,,,,,,-344.15765,,,,,,13.024645,,-398.45123,0,0,-398.45123,753.44,1219.7251,-2500,333333.34,-398.45123,1219.7251,-2500,-1678.7261,-6714.9043,-1593.8049,4878.9004,-10000
965,.0245,.018018018,.491,.366,20000,0,0,,,,,3.104015672801321,,,,,,0,,.2775,.1199,.1141,.1244,.0721,,1.2504,.4641,.5628,.5636,.3487,,,,,,5.24042469688635,,,,,,0,,.4129,.2014,.1633,.1474,.1803,,1.419,.4611,.5125999999999999,.5068,.1633,,333,965,2025,,,,,11.82865296803653,,1000000,1.1546,,,,,-76.604752,,,,,,9.2865286,,,,,,-344.15765,,,,,,13.024645,,-398.45123,0,0,-398.45123,753.44,1219.7251,-2500,333333.34,-398.45123,1219.7251,-2500,-1678.7261,-6714.9043,-1593.8049,4878.9004,-10000
965,.0245,.018018018,.491,.366,20000,0,0,,,,,3.104015672801321,,,,,,0,,.2775,.1199,.1141,.1244,.0721,,1.2504,.4641,.5628,.5636,.3487,,,,,,5.24042469688635,,,,,,0,,.4129,.2014,.1633,.1474,.1803,,1.419,.4611,.5125999999999999,.5068,.1633,,333,965,2026,,,,,11.82865296803653,,1000000,1.1546,,,,,-76.604752,,,,,,9.2865286,,,,,,-344.15765,,,,,,13.024645,,-398.45123,0,0,-398.45123,753.44,1219.7251,-2500,333333.34,-398.45123,1219.7251,-2500,-1678.7261,-6714.9043,-1593.8049,4878.9004,-10000
965,.0245,.018018018,.491,.366,20000,0,0,,,,,3.104015672801321,,,,,,0,,.2775,.1199,.1141,.1244,.0721,,1.2504,.4641,.5628,.5636,.3487,,,,,,5.24042469688635,,,,,,0,,.4129,.2014,.1633,.1474,.1803,,1.419,.4611,.5125999999999999,.5068,.1633,,333,965,2027,,,,,11.82865296803653,,1000000,1.1546,,,,,-76.604752,,,,,,9.2865286,,,,,,-344.15765,,,,,,13.024645,,-398.45123,0,0,-398.45123,753.44,1219.7251,-2500,333333.34,-398.45123,1219.7251,-2500,-1678.7261,-6714.9043,-1593.8049,4878.9004,-10000
1010,.0315,.035102587,.5179,.43439999,25941000,.0933,.0372179576645732,.3515019684948767,.0004578365232152,.0352347761536429,.015839568098456,.0366112803973355,,1.825431807312198,.2911868894657925,.9806001136289519,1.288108814921837,1.148572413741831,,.3161,.1723,.1851,.2138,.2373,.25,1.6485,.3894,.8193,1.1466,1.2877,.8557,1.294875434659597,.0006066466948284,.0195846697792717,.0226448169176752,.0725086096357104,,2.102322432724089,.2020244188738324,.3761907281924299,.6411765658526131,.7962080440914036,,.3648,.1127,.1165,.1759,.2746,.0625,2.4342,.3085,.6037,.7292,1.1752,.8444,342197,1010,2025,545.6385844748859,11013.68173515982,6871.480251141553,3627.792808219178,14495.45753424658,,1000000,1.1546,-38.361229,45255.766,7062.6743,762.85193,6213.813,,-1090.1378,88360.875,-22753.504,-4534.3911,4540.5801,,-8261.7852,108332.2,60982.09,28052.439,16843.822,,7181.9316,216583.56,315986.03,35752.773,37043.016,,942276.25,.056082044,.056082044,942276.25,753.44,-696627.56,-2166073.8,333333.34,333333.34,-333333.34,-333333.34,-333333.34,-1333333.4,1231097.6,-1333333.4,-1333333.4
1010,.0315,.035102587,.5179,.43439999,25941000,.0933,.0372179576645732,.3515019684948767,.0004578365232152,.0352347761536429,.015839568098456,.0366112803973355,,1.825431807312198,.2911868894657925,.9806001136289519,1.288108814921837,1.148572413741831,,.284,.1283,.1377,.1519,.1967,.25,1.3888,.3722,.634,.7954,.9961,.8557,1.294875434659597,.0006066466948284,.0195846697792717,.0226448169176752,.0725086096357104,,2.102322432724089,.2020244188738324,.3761907281924299,.6411765658526131,.7962080440914036,,.3468,.1127,.1105,.1395,.24,.0625,1.8388,.3085,.4943,.5451,.9376,.8444,342197,1010,2026,545.6385844748859,11013.68173515982,6871.480251141553,3627.792808219178,14495.45753424658,,1000000,1.1546,-73.14447,33668.074,4828.8623,524.31671,4956.7378,,-2690.239,72886.289,-48892.508,-15787.952,-4976.103,,-8421.6777,108332.2,57206.707,21389.639,13959.997,,-5702.7061,216583.56,164041.14,-39023.742,13819.777,,586629.19,.056082044,.056082044,586629.19,753.44,-696627.56,-2166073.8,333333.34,333333.34,-333333.34,-333333.34,-333333.34,-1333333.4,1231097.6,-1333333.4,-1333333.4
1010,.0315,.035102587,.5179,.43439999,25941000,.0933,.0372179576645732,.3515019684948767,.0004578365232152,.0352347761536429,.015839568098456,.0366112803973355,,1.825431807312198,.2911868894657925,.9806001136289519,1.288108814921837,1.148572413741831,,.3483,.2164,.2325,.2758,.2779,.25,1.9082,.4066,1.0047,1.4978,1.5793,.8557,1.294875434659597,.0006066466948284,.0195846697792717,.0226448169176752,.0725086096357104,,2.102322432724089,.2020244188738324,.3761907281924299,.6411765658526131,.7962080440914036,,.3828,.1127,.1225,.2122,.3091,.0625,3.0297,.3085,.713,.9133,1.4128,.8444,342197,1010,2024,545.6385844748859,11013.68173515982,6871.480251141553,3627.792808219178,14495.45753424658,,1000000,1.1546,-3.4696219,56869.789,9296.4863,1001.7725,7470.8882,,509.96335,103835.45,3399.6062,6719.1704,14057.264,,-8101.8931,108332.2,64757.473,34696.938,19719.313,,20068.732,216583.56,467792.03,110529.29,60266.254,,1297800.8,.056082044,.056082044,1297800.8,753.44,-696627.56,-2166073.8,333333.34,333333.34,-333333.34,-333333.34,-333333.34,-1333333.4,1231097.6,-1333333.4,-1333333.4
1010,.0315,.035102587,.5179,.43439999,25941000,.0933,.0372179576645732,.3515019684948767,.0004578365232152,.0352347761536429,.015839568098456,.0366112803973355,,1.825431807312198,.2911868894657925,.9806001136289519,1.288108814921837,1.148572413741831,,.2518,.0842,.0903,.09,.1561,.25,1.1291,.355,.4486,.4442,.7045,.8557,1.294875434659597,.0006066466948284,.0195846697792717,.0226448169176752,.0725086096357104,,2.102322432724089,.2020244188738324,.3761907281924299,.6411765658526131,.7962080440914036,,.3289,.1127,.1045,.1032,.2054,.0625,1.2433,.3085,.385,.361,.7,.8444,342197,1010,2027,545.6385844748859,11013.68173515982,6871.480251141553,3627.792808219178,14495.45753424658,,1000000,1.1546,-108.03608,22054.051,2595.05,285.78149,3699.6626,,-4290.3403,57411.703,-75045.617,-27041.514,-14492.786,,-8580.6826,108332.2,53431.32,14745.143,11076.172,,-18589.508,216583.56,12235.136,-113800.26,-9403.4609,,231097.56,.056082044,.056082044,231097.56,753.44,-696627.56,-2166073.8,333333.34,231097.56,-333333.34,-333333.34,-333333.34,-1333333.4,1231097.6,-1333333.4,-1333333.4
1012,.0488,.048379581,.57,.48789999,22775000,.0872,.0070438036539732,.0319351633303094,.0015527507709548,.0140617071169028,.2022755290415305,.0219448063105475,,.5334021502429871,.102974149919504,.2876890530427719,.2809751028347707,.6283877440065638,,.0682,.0068,.0208,.0314,.1013,,1.1824,.3062,.404,.4501,.9838,,.0594329420906916,.0006812811418726,.0282080220341428,.3397426575354348,.0351784414491159,,.4283529761958307,.0543217844060382,.1364937660221413,.1448927397722768,.4417917455184835,,.0477,.0041,.0137,.0357,.1659,,1.4996,.3846,.5397,.6677999999999999,1.4476,,83713,1012,2026,659.8808219178082,2811.478310502283,1075.762328767123,294.8383561643836,4251.648287671233,,1000000,1.1546,47.523808,352.759,49.71463,-53.515949,720.66925,,4835.9209,46673.641,2568.6223,440.43774,3402.1692,,-126.04427,843.41882,-1429.1705,-4523.0513,3195.696,,28035.832,171497.44,87672.234,17261.463,28834.799,,390300.59,.0801562,.0801562,390300.59,753.44,19887.709,-1869827.8,333333.34,333333.34,19887.709,-333333.34,19887.709,79550.836,1333333.4,79550.836,-1333333.4
1012,.0488,.048379581,.57,.48789999,22775000,.0872,.0070438036539732,.0319351633303094,.0015527507709548,.0140617071169028,.2022755290415305,.0219448063105475,,.5334021502429871,.102974149919504,.2876890530427719,.2809751028347707,.6283877440065638,,.0682,.0068,.0208,.0314,.1013,,1.1824,.3062,.404,.4501,.9838,,.0594329420906916,.0006812811418726,.0282080220341428,.3397426575354348,.0351784414491159,,.4283529761958307,.0543217844060382,.1364937660221413,.1448927397722768,.4417917455184835,,.0477,.0041,.0137,.0357,.1659,,1.4996,.3846,.5397,.6677999999999999,1.4476,,83713,1012,2027,659.8808219178082,2811.478310502283,1075.762328767123,294.8383561643836,4251.648287671233,,1000000,1.1546,47.523808,352.759,49.71463,-53.515949,720.66925,,4835.9209,46673.641,2568.6223,440.43774,3402.1692,,-126.04427,843.41882,-1429.1705,-4523.0513,3195.696,,28035.832,171497.44,87672.234,17261.463,28834.799,,390300.59,.0801562,.0801562,390300.59,753.44,19887.709,-1869827.8,333333.34,333333.34,19887.709,-333333.34,19887.709,79550.836,1333333.4,79550.836,-1333333.4
1012,.0488,.048379581,.57,.48789999,22775000,.0872,.0070438036539732,.0319351633303094,.0015527507709548,.0140617071169028,.2022755290415305,.0219448063105475,,.5334021502429871,.102974149919504,.2876890530427719,.2809751028347707,.6283877440065638,,.0682,.0068,.0208,.0314,.1013,,1.1824,.3062,.404,.4501,.9838,,.0594329420906916,.0006812811418726,.0282080220341428,.3397426575354348,.0351784414491159,,.4283529761958307,.0543217844060382,.1364937660221413,.1448927397722768,.4417917455184835,,.0477,.0041,.0137,.0357,.1659,,1.4996,.3846,.5397,.6677999999999999,1.4476,,83713,1012,2024,659.8808219178082,2811.478310502283,1075.762328767123,294.8383561643836,4251.648287671233,,1000000,1.1546,47.523808,352.759,49.71463,-53.515949,720.66925,,4835.9209,46673.641,2568.6223,440.43774,3402.1692,,-126.04427,843.41882,-1429.1705,-4523.0513,3195.696,,28035.832,171497.44,87672.234,17261.463,28834.799,,390300.59,.0801562,.0801562,390300.59,753.44,19887.709,-1869827.8,333333.34,333333.34,19887.709,-333333.34,19887.709,79550.836,1333333.4,79550.836,-1333333.4
1012,.0488,.048379581,.57,.48789999,22775000,.0872,.0070438036539732,.0319351633303094,.0015527507709548,.0140617071169028,.2022755290415305,.0219448063105475,,.5334021502429871,.102974149919504,.2876890530427719,.2809751028347707,.6283877440065638,,.0682,.0068,.0208,.0314,.1013,,1.1824,.3062,.404,.4501,.9838,,.0594329420906916,.0006812811418726,.0282080220341428,.3397426575354348,.0351784414491159,,.4283529761958307,.0543217844060382,.1364937660221413,.1448927397722768,.4417917455184835,,.0477,.0041,.0137,.0357,.1659,,1.4996,.3846,.5397,.6677999999999999,1.4476,,83713,1012,2025,659.8808219178082,2811.478310502283,1075.762328767123,294.8383561643836,4251.648287671233,,1000000,1.1546,47.523808,352.759,49.71463,-53.515949,720.66925,,4835.9209,46673.641,2568.6223,440.43774,3402.1692,,-126.04427,843.41882,-1429.1705,-4523.0513,3195.696,,28035.832,171497.44,87672.234,17261.463,28834.799,,390300.59,.0801562,.0801562,390300.59,753.44,19887.709,-1869827.8,333333.34,333333.34,19887.709,-333333.34,19887.709,79550.836,1333333.4,79550.836,-1333333.4
3009,.0367,.033240572,.575,.41999999,65662000,.1398,.0653930290214379,.4501488792006127,.2837548815600699,.3541694328479715,.2920984812396257,.3710904726672043,,1.80764480677208,.3621488956761283,.4613547828214394,.3909615822078373,.978229979853234,,.3044,.1945,.0779,.1473,.2582,,1.6923,.6943,.7558,1.0544,1.442,,.7724255221032569,.0771731535565772,.0755085332542943,.2035611412978053,.3212554795137134,,1.248979680585564,.2084172028533015,.3211112947834902,.3584917648892129,.7540033661481966,,.4009,.1957,.0843,.0924,.2805,,1.5137,.4661,.4708,.7782,1.1517,,625621,3009,2024,1579.841095890411,14643.15684931507,10159.70856164384,3279.418378995434,30518.05936073059,,1000000,1.1546,-457.27625,-31252.039,-19250.061,-504.40598,-7358.978,,-2057.6992,397309.03,61411.41,19217.215,31865.869,,-9555.4854,152298.84,8179.0356,-18393.434,-7151.6099,,16586.662,696888.19,307389.31,154103.78,81837.664,,1831105.9,.074406974,.074406974,1831105.9,753.44,1222997.6,-10177611,333333.34,333333.34,333333.34,-333333.34,333333.34,1333333.4,1333333.4,1333333.4,-1333333.4
3009,.0367,.033240572,.575,.41999999,65662000,.1398,.0653930290214379,.4501488792006127,.2837548815600699,.3541694328479715,.2920984812396257,.3710904726672043,,1.80764480677208,.3621488956761283,.4613547828214394,.3909615822078373,.978229979853234,,.2805,.1239,.0779,.1283,.2089,,1.2643,.4765,.5758,.5772,.8509,,.7724255221032569,.0771731535565772,.0755085332542943,.2035611412978053,.3212554795137134,,1.248979680585564,.2084172028533015,.3211112947834902,.3584917648892129,.7540033661481966,,.4009,.1957,.0843,.0924,.2805,,1.4389,.4661,.4708,.5233,.902,,625621,3009,2027,1579.841095890411,14643.15684931507,10159.70856164384,3279.418378995434,30518.05936073059,,1000000,1.1546,-532.26074,-55972.188,-19250.061,-570.59253,-10572.691,,-9693.0254,136783.3,23869.439,5394.5981,-8748.9063,,-9555.4854,152298.84,8179.0356,-18393.434,-7151.6099,,11899.896,696888.19,307389.31,60512.445,30454.619,,1293229.4,.074406974,.074406974,1293229.4,753.44,1222997.6,-10177611,333333.34,333333.34,333333.34,-333333.34,333333.34,1333333.4,1333333.4,1333333.4,-1333333.4
3009,.0367,.033240572,.575,.41999999,65662000,.1398,.0653930290214379,.4501488792006127,.2837548815600699,.3541694328479715,.2920984812396257,.3710904726672043,,1.80764480677208,.3621488956761283,.4613547828214394,.3909615822078373,.978229979853234,,.2964,.171,.0779,.141,.2418,,1.5496,.6217,.6958,.8953,1.245,,.7724255221032569,.0771731535565772,.0755085332542943,.2035611412978053,.3212554795137134,,1.248979680585564,.2084172028533015,.3211112947834902,.3584917648892129,.7540033661481966,,.4009,.1957,.0843,.0924,.2805,,1.4888,.4661,.4708,.6932,1.0685,,625621,3009,2025,1579.841095890411,14643.15684931507,10159.70856164384,3279.418378995434,30518.05936073059,,1000000,1.1546,-482.37564,-39480.418,-19250.061,-526.35205,-8428.043,,-4603.4023,310467.13,48897.422,14608.71,18329.9,,-9555.4854,152298.84,8179.0356,-18393.434,-7151.6099,,15026.495,696888.19,307389.31,122894.42,64716.844,,1651825,.074406974,.074406974,1651825,753.44,1222997.6,-10177611,333333.34,333333.34,333333.34,-333333.34,333333.34,1333333.4,1333333.4,1333333.4,-1333333.4
3009,.0367,.033240572,.575,.41999999,65662000,.1398,.0653930290214379,.4501488792006127,.2837548815600699,.3541694328479715,.2920984812396257,.3710904726672043,,1.80764480677208,.3621488956761283,.4613547828214394,.3909615822078373,.978229979853234,,.2884,.1475,.0779,.1346,.2253,,1.4069,.5491,.6358,.7363,1.048,,.7724255221032569,.0771731535565772,.0755085332542943,.2035611412978053,.3212554795137134,,1.248979680585564,.2084172028533015,.3211112947834902,.3584917648892129,.7540033661481966,,.4009,.1957,.0843,.0924,.2805,,1.4639,.4661,.4708,.6083,.9852,,625621,3009,2026,1579.841095890411,14643.15684931507,10159.70856164384,3279.418378995434,30518.05936073059,,1000000,1.1546,-507.47504,-47708.793,-19250.061,-548.64648,-9503.626,,-7149.106,223625.2,36383.43,10003.103,4793.9326,,-9555.4854,152298.84,8179.0356,-18393.434,-7151.6099,,13466.328,696888.19,307389.31,91721.789,47575.441,,1472556.4,.074406974,.074406974,1472556.4,753.44,1222997.6,-10177611,333333.34,333333.34,333333.34,-333333.34,333333.34,1333333.4,1333333.4,1333333.4,-1333333.4
3015,.034,.035242833,.3169,.333,47791000,.0368,.0207596269114938,0,.0101844688595358,.0091755858132224,.0192041776760523,.0285875932854209,,1.178474521997792,.6125927181489003,.4376198393592614,.4304441020370664,.8456872851981344,,.0477,.0286,.0132,.0192,.0387,,1.1892,.4607,.2592,.2686,.6615,,0,.0555254515915411,.0200614078952356,.0351738367456578,.0490449693622466,,1.123153104661908,.3020010550475785,.4747439843880246,.259703428986475,.603689048864964,,.0657,.086,.019,.03,.0448,,1.1034,.4622,.2014,.1823,.6288,,723523,3015,2025,108.3753424657534,10022.70365296804,18637.60662100456,5520.274315068493,26733.51324200913,,1000000,1.1546,10.26618,4413.4761,514.41168,-.024497107,577.44928,,13.125551,-124359.75,-68264.766,-7891.3359,-11086.179,,115.91684,26802.008,-1811.4734,-1441.0743,-652.51648,,-84.903221,296542.88,-1029717.6,-47839.852,4526.5112,,-959633.5,.016040374,.016040374,-944240.63,753.44,-508130.34,769435.31,333333.34,-333333.34,-333333.34,333333.34,-333333.34,-1333333.4,-1333333.4,-1333333.4,1333333.4
3015,.034,.035242833,.3169,.333,47791000,.0368,.0207596269114938,0,.0101844688595358,.0091755858132224,.0192041776760523,.0285875932854209,,1.178474521997792,.6125927181489003,.4376198393592614,.4304441020370664,.8456872851981344,,.0477,.0286,.0132,.0192,.0387,,1.1892,.4452,.2592,.2686,.6615,,0,.0555254515915411,.0200614078952356,.0351738367456578,.0490449693622466,,1.123153104661908,.3020010550475785,.4747439843880246,.259703428986475,.603689048864964,,.0657,.086,.019,.03,.0448,,1.1034,.4436,.2014,.1823,.6288,,723523,3015,2026,108.3753424657534,10022.70365296804,18637.60662100456,5520.274315068493,26733.51324200913,,1000000,1.1546,10.26618,4413.4761,514.41168,-.024497107,577.44928,,13.125551,-137050.13,-68264.766,-7891.3359,-11086.179,,115.91684,26802.008,-1811.4734,-1441.0743,-652.51648,,-84.903221,262112.58,-1029717.6,-47839.852,4526.5112,,-1006754.2,.016040374,.016040374,-990605.5,753.44,-508130.34,769435.31,333333.34,-333333.34,-333333.34,333333.34,-333333.34,-1333333.4,-1333333.4,-1333333.4,1333333.4
3015,.034,.035242833,.3169,.333,47791000,.0368,.0207596269114938,0,.0101844688595358,.0091755858132224,.0192041776760523,.0285875932854209,,1.178474521997792,.6125927181489003,.4376198393592614,.4304441020370664,.8456872851981344,,.0477,.0286,.0132,.0192,.0387,,1.1892,.4762,.2592,.2686,.6615,,0,.0555254515915411,.0200614078952356,.0351738367456578,.0490449693622466,,1.123153104661908,.3020010550475785,.4747439843880246,.259703428986475,.603689048864964,,.0657,.086,.019,.03,.0448,,1.1034,.4809,.2014,.1823,.6288,,723523,3015,2024,108.3753424657534,10022.70365296804,18637.60662100456,5520.274315068493,26733.51324200913,,1000000,1.1546,10.26618,4413.4761,514.41168,-.024497107,577.44928,,13.125551,-111669.38,-68264.766,-7891.3359,-11086.179,,115.91684,26802.008,-1811.4734,-1441.0743,-652.51648,,-84.903221,331158.28,-1029717.6,-47839.852,4526.5112,,-912327.75,.016040374,.016040374,-897693.69,753.44,-508130.34,769435.31,333333.34,-333333.34,-333333.34,333333.34,-333333.34,-1333333.4,-1333333.4,-1333333.4,1333333.4
3015,.034,.035242833,.3169,.333,47791000,.0368,.0207596269114938,0,.0101844688595358,.0091755858132224,.0192041776760523,.0285875932854209,,1.178474521997792,.6125927181489003,.4376198393592614,.4304441020370664,.8456872851981344,,.0477,.0286,.0132,.0192,.0387,,1.1892,.4297,.2592,.2686,.6615,,0,.0555254515915411,.0200614078952356,.0351738367456578,.0490449693622466,,1.123153104661908,.3020010550475785,.4747439843880246,.259703428986475,.603689048864964,,.0657,.086,.019,.03,.0448,,1.1034,.425,.2014,.1823,.6288,,723523,3015,2027,108.3753424657534,10022.70365296804,18637.60662100456,5520.274315068493,26733.51324200913,,1000000,1.1546,10.26618,4413.4761,514.41168,-.024497107,577.44928,,13.125551,-149740.52,-68264.766,-7891.3359,-11086.179,,115.91684,26802.008,-1811.4734,-1441.0743,-652.51648,,-84.903221,227682.28,-1029717.6,-47839.852,4526.5112,,-1053874.9,.016040374,.016040374,-1036970.3,753.44,-508130.34,769435.31,333333.34,-333333.34,-333333.34,333333.34,-333333.34,-1333333.4,-1333333.4,-1333333.4,1333333.4
3016,.0273,.040056303,.4167,.38100001,13445000,.0297,0,.0190370609349348,0,0,.0008765647547218,.0154979269252277,,1.887075873329568,1.13313221452035,1.462110954896622,1.332912896209046,1.10009253216552,,.344,.0037,.0563,.0896,.1192,,1.317,.0603,.3958,.4732,.7831,,.0285555914024022,0,0,.0013148471320827,.0215527704122228,,.8766810464867343,.2314410436050038,.3596219619405182,.3017777611419541,.3882045196921524,,.4053,.0053,.0353,.0402,.1304,,1.3799,.0561,.4141,.4902,.9486,,74595,3016,2025,382.8509132420091,2606.91598173516,1383.652853881279,513.8885844748859,3370.542123287671,,1000000,1.1546,247.07201,230.64308,534.26111,48.431366,746.60431,,-2464.5225,-228463.52,-30288.26,-3902.2529,-2405.5532,,2348.1572,1212.406,4472.6133,1008.2443,2109.4927,,7640.9082,-84421.602,15235.864,10841.019,12736.168,,-292533.84,.0297,.0297,-283845.59,753.44,-537705.5,-479986.34,333333.34,-283845.59,-333333.34,-333333.34,-333333.34,-1333333.4,-1135394.3,-1333333.4,-1333333.4
3016,.0273,.040056303,.4167,.38100001,13445000,.0297,0,.0190370609349348,0,0,.0008765647547218,.0154979269252277,,1.887075873329568,1.13313221452035,1.462110954896622,1.332912896209046,1.10009253216552,,.3359,.0037,.0563,.0896,.1192,,1.317,.0603,.3958,.4732,.7831,,.0285555914024022,0,0,.0013148471320827,.0215527704122228,,.8766810464867343,.2314410436050038,.3596219619405182,.3017777611419541,.3882045196921524,,.4053,.0053,.0353,.0402,.1304,,1.3799,.0561,.4141,.4902,.9486,,74595,3016,2026,382.8509132420091,2606.91598173516,1383.652853881279,513.8885844748859,3370.542123287671,,1000000,1.1546,240.9135,230.64308,534.26111,48.431366,746.60431,,-2464.5225,-228463.52,-30288.26,-3902.2529,-2405.5532,,2348.1572,1212.406,4472.6133,1008.2443,2109.4927,,7640.9082,-84421.602,15235.864,10841.019,12736.168,,-292540,.0297,.0297,-283851.56,753.44,-537705.5,-479986.34,333333.34,-283851.56,-333333.34,-333333.34,-333333.34,-1333333.4,-1135394.3,-1333333.4,-1333333.4
3016,.0273,.040056303,.4167,.38100001,13445000,.0297,0,.0190370609349348,0,0,.0008765647547218,.0154979269252277,,1.887075873329568,1.13313221452035,1.462110954896622,1.332912896209046,1.10009253216552,,.3522,.0037,.0563,.0896,.1192,,1.317,.0603,.3958,.4732,.7831,,.0285555914024022,0,0,.0013148471320827,.0215527704122228,,.8766810464867343,.2314410436050038,.3596219619405182,.3017777611419541,.3882045196921524,,.4053,.0053,.0353,.0402,.1304,,1.3799,.0561,.4141,.4902,.9486,,74595,3016,2024,382.8509132420091,2606.91598173516,1383.652853881279,513.8885844748859,3370.542123287671,,1000000,1.1546,253.30653,230.64308,534.26111,48.431366,746.60431,,-2464.5225,-228463.52,-30288.26,-3902.2529,-2405.5532,,2348.1572,1212.406,4472.6133,1008.2443,2109.4927,,7640.9082,-84421.602,15235.864,10841.019,12736.168,,-292527.59,.0297,.0297,-283839.53,753.44,-537705.5,-479986.34,333333.34,-283839.53,-333333.34,-333333.34,-333333.34,-1333333.4,-1135394.3,-1333333.4,-1333333.4
3016,.0273,.040056303,.4167,.38100001,13445000,.0297,0,.0190370609349348,0,0,.0008765647547218,.0154979269252277,,1.887075873329568,1.13313221452035,1.462110954896622,1.332912896209046,1.10009253216552,,.3277,.0037,.0563,.0896,.1192,,1.317,.0603,.3958,.4732,.7831,,.0285555914024022,0,0,.0013148471320827,.0215527704122228,,.8766810464867343,.2314410436050038,.3596219619405182,.3017777611419541,.3882045196921524,,.4053,.0053,.0353,.0402,.1304,,1.3799,.0561,.4141,.4902,.9486,,74595,3016,2027,382.8509132420091,2606.91598173516,1383.652853881279,513.8885844748859,3370.542123287671,,1000000,1.1546,234.67897,230.64308,534.26111,48.431366,746.60431,,-2464.5225,-228463.52,-30288.26,-3902.2529,-2405.5532,,2348.1572,1212.406,4472.6133,1008.2443,2109.4927,,7640.9082,-84421.602,15235.864,10841.019,12736.168,,-292546.22,.0297,.0297,-283857.59,753.44,-537705.5,-479986.34,333333.34,-283857.59,-333333.34,-333333.34,-333333.34,-1333333.4,-1135394.3,-1333333.4,-1333333.4
3019,.0338,.039425947,.5253,.44580001,31357000,.0001,0,.0197449657378077,.003842240310026,.0221807473581712,.0225662833670631,.0684775891419664,,.0052241126505113,.0024676024956679,.057557629667183,.0293487213041907,.1025020045535932,,.0125,.0045,.0093,.01,.0071,,.3126,.2897,.2677,.2851,.2804,,.040667677820897,.0091850759604108,.0263483653876938,.0342835884384199,.1017058981885932,,.0081844431524678,.0037325054870763,.0718292433009622,.042272644798858,.1783031318534839,,.0232,.0328,.0226,.0231,.0191,,.2816,.1785,.2391,.1822,.2262,,254680,3019,2025,1101.714269406393,4257.825570776256,9088.839840182649,1035.796917808219,12051.89817351598,,1000000,1.1546,-15.851315,66.967918,-802.91119,-13.826137,-1580.0417,,3823.9233,99903.18,39208.965,2339.8359,4827.1709,,-313.29599,8823.0674,-3119.6787,-584.47882,-5724.3662,,11946.77,137433.14,307288.97,16227.298,3892.3062,,623627.13,.000099999997,.000099999997,623627.13,753.44,-809655.75,-2492881.3,333333.34,333333.34,-333333.34,-333333.34,-333333.34,-1333333.4,1333333.4,-1333333.4,-1333333.4
3019,.0338,.039425947,.5253,.44580001,31357000,.0001,0,.0197449657378077,.003842240310026,.0221807473581712,.0225662833670631,.0684775891419664,,.0052241126505113,.0024676024956679,.057557629667183,.0293487213041907,.1025020045535932,,.0125,.0045,.0093,.01,.0071,,.3126,.2897,.2677,.2851,.2804,,.040667677820897,.0091850759604108,.0263483653876938,.0342835884384199,.1017058981885932,,.0081844431524678,.0037325054870763,.0718292433009622,.042272644798858,.1783031318534839,,.0232,.0328,.0226,.0231,.0191,,.2816,.1785,.2391,.1822,.2262,,254680,3019,2026,1101.714269406393,4257.825570776256,9088.839840182649,1035.796917808219,12051.89817351598,,1000000,1.1546,-15.851315,66.967918,-802.91119,-13.826137,-1580.0417,,3823.9233,99903.18,39208.965,2339.8359,4827.1709,,-313.29599,8823.0674,-3119.6787,-584.47882,-5724.3662,,11946.77,137433.14,307288.97,16227.298,3892.3062,,623627.13,.000099999997,.000099999997,623627.13,753.44,-809655.75,-2492881.3,333333.34,333333.34,-333333.34,-333333.34,-333333.34,-1333333.4,1333333.4,-1333333.4,-1333333.4
3019,.0338,.039425947,.5253,.44580001,31357000,.0001,0,.0197449657378077,.003842240310026,.0221807473581712,.0225662833670631,.0684775891419664,,.0052241126505113,.0024676024956679,.057557629667183,.0293487213041907,.1025020045535932,,.0125,.0045,.0093,.01,.0071,,.3126,.2897,.2677,.2851,.2804,,.040667677820897,.0091850759604108,.0263483653876938,.0342835884384199,.1017058981885932,,.0081844431524678,.0037325054870763,.0718292433009622,.042272644798858,.1783031318534839,,.0232,.0328,.0226,.0231,.0191,,.2816,.1785,.2391,.1822,.2262,,254680,3019,2024,1101.714269406393,4257.825570776256,9088.839840182649,1035.796917808219,12051.89817351598,,1000000,1.1546,-15.851315,66.967918,-802.91119,-13.826137,-1580.0417,,3823.9233,99903.18,39208.965,2339.8359,4827.1709,,-313.29599,8823.0674,-3119.6787,-584.47882,-5724.3662,,11946.77,137433.14,307288.97,16227.298,3892.3062,,623627.13,.000099999997,.000099999997,623627.13,753.44,-809655.75,-2492881.3,333333.34,333333.34,-333333.34,-333333.34,-333333.34,-1333333.4,1333333.4,-1333333.4,-1333333.4
3019,.0338,.039425947,.5253,.44580001,31357000,.0001,0,.0197449657378077,.003842240310026,.0221807473581712,.0225662833670631,.0684775891419664,,.0052241126505113,.0024676024956679,.057557629667183,.0293487213041907,.1025020045535932,,.0125,.0045,.0093,.01,.0071,,.3126,.2897,.2677,.2851,.2804,,.040667677820897,.0091850759604108,.0263483653876938,.0342835884384199,.1017058981885932,,.0081844431524678,.0037325054870763,.0718292433009622,.042272644798858,.1783031318534839,,.0232,.0328,.0226,.0231,.0191,,.2816,.1785,.2391,.1822,.2262,,254680,3019,2027,1101.714269406393,4257.825570776256,9088.839840182649,1035.796917808219,12051.89817351598,,1000000,1.1546,-15.851315,66.967918,-802.91119,-13.826137,-1580.0417,,3823.9233,99903.18,39208.965,2339.8359,4827.1709,,-313.29599,8823.0674,-3119.6787,-584.47882,-5724.3662,,11946.77,137433.14,307288.97,16227.298,3892.3062,,623627.13,.000099999997,.000099999997,623627.13,753.44,-809655.75,-2492881.3,333333.34,333333.34,-333333.34,-333333.34,-333333.34,-1333333.4,1333333.4,-1333333.4,-1333333.4
3028,.038,.035012607,.5343,.42899999,2514194944,.0754,.0564058456414959,.3474520826043641,.1548669771874174,.1784289789018088,.2037816196253187,.3431565995552368,.055684684454707,1.307757311358764,.4416448361966286,.5879018735051489,.5949778322917906,1.000570842918111,.1612884890146364,.2985,.1268,.1143,.1321,.2163,.0253,1.3335,.4915,.5917,.6007,.9337,.2977,.8506900625472468,.5340035441175383,.4079534207145247,.2727159706527583,.680441890709102,.062115237768708,1.917647658999162,.5949075589091859,.6623155120460291,.6582884856054156,1.238116222108576,.0389784227509529,.5397999999999999,.3208,.193,.1887,.3357,.7578,1.7649,.5864,.6248,.6294999999999999,1.1575,.2551,17112350,3028,2026,39415.11210045662,401577.2904109589,475174.8964611872,152535.9628995434,777519.7914383562,30721.60616438356,1000000,1.1546,-3831.7217,-269510.97,-208990.16,-11614.472,-210682.19,-7630.6841,11457.427,1635450.1,37049.832,7709.4932,-117061.59,107321.82,-199489.61,-7512919,-9353138,-646616.94,-1541226.4,1114402,-238778.73,-630982.13,-3603154.3,-491654.5,-422647.5,736020.81,-21820518,.018994154,.018994154,-21406056,753.44,28887638,-264744752,333333.34,-333333.34,333333.34,-333333.34,-333333.34,0,0,1333333.4,-1333333.4
3028,.038,.035012607,.5343,.42899999,2514194944,.0754,.0564058456414959,.3474520826043641,.1548669771874174,.1784289789018088,.2037816196253187,.3431565995552368,.055684684454707,1.307757311358764,.4416448361966286,.5879018735051489,.5949778322917906,1.000570842918111,.1612884890146364,.3404,.1404,.1145,.1474,.2413,.0253,1.4987,.5457,.6488,.6741,1.1283,.2977,.8506900625472468,.5340035441175383,.4079534207145247,.2727159706527583,.680441890709102,.062115237768708,1.917647658999162,.5949075589091859,.6623155120460291,.6582884856054156,1.238116222108576,.0389784227509529,.7927999999999999,.5591,.2521,.2712,.4526,.7578,2.4557,.8364,.8483000000000001,.8741,1.7084,.2551,17112350,3028,2024,39415.11210045662,401577.2904109589,475174.8964611872,152535.9628995434,777519.7914383562,30721.60616438356,1000000,1.1546,-552.0014,-138918.03,-208338.38,-9135.4336,-169162.44,-7630.6841,84983.813,3413428.3,594046.94,106601.52,223597.88,107321.82,-37146.461,884355.13,-6781556,-11667.452,-1018605.3,1114402,841096.06,17910828,17862766,3685664.8,2465561.5,736020.81,41647960,.018994154,.018994154,41647960,753.44,28887638,-264744752,333333.34,333333.34,333333.34,-333333.34,333333.34,0,0,1333333.4,-1333333.4
3028,.038,.035012607,.5343,.42899999,2514194944,.0754,.0564058456414959,.3474520826043641,.1548669771874174,.1784289789018088,.2037816196253187,.3431565995552368,.055684684454707,1.307757311358764,.4416448361966286,.5879018735051489,.5949778322917906,1.000570842918111,.1612884890146364,.3194,.1336,.1144,.1398,.2288,.0253,1.4161,.5185999999999999,.6203,.6374,1.031,.2977,.8506900625472468,.5340035441175383,.4079534207145247,.2727159706527583,.680441890709102,.062115237768708,1.917647658999162,.5949075589091859,.6623155120460291,.6582884856054156,1.238116222108576,.0389784227509529,.6663,.4399,.2225,.2299,.3942,.7578,2.1103,.7114,.7366,.7518,1.4329,.2551,17112350,3028,2025,39415.11210045662,401577.2904109589,475174.8964611872,152535.9628995434,777519.7914383562,30721.60616438356,1000000,1.1546,-2195.7751,-204214.5,-208664.27,-10366.852,-189922.31,-7630.6841,48220.621,2524439.3,316036.09,57155.508,53268.141,107321.82,-118318.04,-3316044,-8069522.5,-329527.03,-1279692.3,1114402,301158.66,8639923,7134608,1597005.1,1021194.9,736020.81,9914656,.018994154,.018994154,9914656,753.44,28887638,-264744752,333333.34,333333.34,333333.34,-333333.34,333333.34,0,0,1333333.4,-1333333.4
3028,.038,.035012607,.5343,.42899999,2514194944,.0754,.0564058456414959,.3474520826043641,.1548669771874174,.1784289789018088,.2037816196253187,.3431565995552368,.055684684454707,1.307757311358764,.4416448361966286,.5879018735051489,.5949778322917906,1.000570842918111,.1612884890146364,.2776,.12,.1142,.1245,.2038,.0253,1.2509,.4645,.5632,.5639999999999999,.8364,.2977,.8506900625472468,.5340035441175383,.4079534207145247,.2727159706527583,.680441890709102,.062115237768708,1.917647658999162,.5949075589091859,.6623155120460291,.6582884856054156,1.238116222108576,.0389784227509529,.4132,.2016,.1634,.1475,.2773,.7578,1.4196,.4615,.5131,.5073,.882,.2551,17112350,3028,2027,39415.11210045662,401577.2904109589,475174.8964611872,152535.9628995434,777519.7914383562,30721.60616438356,1000000,1.1546,-5467.668,-334807.44,-209316.05,-12845.889,-231442.06,-7630.6841,-25305.768,749741.38,-240960.97,-41736.523,-287391.31,107321.82,-280725.34,-11713318,-10641105,-963706.94,-1802313.3,1114402,-778559.81,-9894470,-14331312,-2578606.3,-1867014.3,736020.81,-53540552,.018994154,.018994154,-52523596,753.44,28887638,-264744752,333333.34,-333333.34,333333.34,-333333.34,-333333.34,0,0,1333333.4,-1333333.4
3030,.038,.045151867,.5262,.44279999,1818567040,.0946,.0796919123722988,.491684894322054,.175206174609997,.3336858614065806,.3225274640934522,.5015920865565553,.1030782990782047,1.524940683082334,.6290195124116275,.6483702043456406,.6633983355485533,1.235506982156693,.9416549983339594,.2058,.0789,.1008,.1115,.1936,.081,1.698,.5667,.6556,.695,1.193,.4681,.6069621571513768,.1692452512963331,.2670189212509446,.3055079246260893,.5296079780759408,.0867575683908223,2.229879025765834,.5045719366935407,.7239316690624678,.6847479857350298,1.488235684845333,.2951053482025204,.481,.2208,.201,.2266,.4069,.0575,2.6867,1.0957,.9695,1.0629,2.5468,.4029,14210863,3030,2024,29290.46484018265,271182.9493150685,439894.5843607306,135931.0541095891,685018.3849315068,9438.476027397261,1000000,1.1546,-16629.434,-624493.88,-702602.56,-30470.322,-450655.91,-1703.4614,57238.949,-1380525.5,65288.691,37942.125,-65558.453,-114463.08,-60064.383,1226806.9,-2659356.5,-541193.19,-483321.31,-14398.777,530677.44,29606490,21834310,5755115.5,4889493.5,112783.91,56970712,.014908087,.014908087,56970712,753.44,-57431456,-151668512,333333.34,333333.34,-333333.34,-333333.34,-333333.34,-1333333.4,0,-1333333.4,-1333333.4
3030,.038,.045151867,.5262,.44279999,1818567040,.0946,.0796919123722988,.491684894322054,.175206174609997,.3336858614065806,.3225274640934522,.5015920865565553,.1030782990782047,1.524940683082334,.6290195124116275,.6483702043456406,.6633983355485533,1.235506982156693,.9416549983339594,.2058,.0789,.1008,.1115,.1936,.081,1.4042,.5024,.5981,.6119,.96,.4681,.6069621571513768,.1692452512963331,.2670189212509446,.3055079246260893,.5296079780759408,.0867575683908223,2.229879025765834,.5045719366935407,.7239316690624678,.6847479857350298,1.488235684845333,.2951053482025204,.4388,.211,.1779,.1753,.3228,.0575,1.8482,.677,.6698,.6977,1.4434,.4029,14210863,3030,2026,29290.46484018265,271182.9493150685,439894.5843607306,135931.0541095891,685018.3849315068,9438.476027397261,1000000,1.1546,-16629.434,-624493.88,-702602.56,-30470.322,-450655.91,-1703.4614,-39934.688,-2804923.5,-453965.22,-61830.801,-424913.97,-114463.08,-80187.227,993604.19,-3589864.5,-893036.25,-814573.75,-14398.777,-443386.91,8636013,-4813029.5,197117.39,-207095.39,112783.91,-6642640.5,.014908087,.014908087,-6543611.5,753.44,-57431456,-151668512,333333.34,-333333.34,-333333.34,-333333.34,-333333.34,-1333333.4,0,-1333333.4,-1333333.4
3030,.038,.045151867,.5262,.44279999,1818567040,.0946,.0796919123722988,.491684894322054,.175206174609997,.3336858614065806,.3225274640934522,.5015920865565553,.1030782990782047,1.524940683082334,.6290195124116275,.6483702043456406,.6633983355485533,1.235506982156693,.9416549983339594,.2058,.0789,.1008,.1115,.1936,.081,1.5511,.5346,.6268,.6534,1.0765,.4681,.6069621571513768,.1692452512963331,.2670189212509446,.3055079246260893,.5296079780759408,.0867575683908223,2.229879025765834,.5045719366935407,.7239316690624678,.6847479857350298,1.488235684845333,.2951053482025204,.4599,.2159,.1894,.2009,.3648,.0575,2.2674,.8863,.8196,.8803,1.9951,.4029,14210863,3030,2025,29290.46484018265,271182.9493150685,439894.5843607306,135931.0541095891,685018.3849315068,9438.476027397261,1000000,1.1546,-16629.434,-624493.88,-702602.56,-30470.322,-450655.91,-1703.4614,8652.1309,-2091616.9,-194789.8,-12004.37,-245236.2,-114463.08,-70125.805,1110205.5,-3126624.5,-717457.63,-649144.5,-14398.777,43587.172,19118748,8506194,2976116.5,2341199.3,112783.91,25155070,.014908087,.014908087,25155070,753.44,-57431456,-151668512,333333.34,333333.34,-333333.34,-333333.34,-333333.34,-1333333.4,0,-1333333.4,-1333333.4
3030,.038,.045151867,.5262,.44279999,1818567040,.0946,.0796919123722988,.491684894322054,.175206174609997,.3336858614065806,.3225274640934522,.5015920865565553,.1030782990782047,1.524940683082334,.6290195124116275,.6483702043456406,.6633983355485533,1.235506982156693,.9416549983339594,.2058,.0789,.1008,.1115,.1936,.081,1.2574,.4703,.5693,.5704,.8435,.4681,.6069621571513768,.1692452512963331,.2670189212509446,.3055079246260893,.5296079780759408,.0867575683908223,2.229879025765834,.5045719366935407,.7239316690624678,.6847479857350298,1.488235684845333,.2951053482025204,.4177,.2061,.1663,.1496,.2808,.0575,1.429,.4676,.5199,.5151,.8917,.4029,14210863,3030,2027,29290.46484018265,271182.9493150685,439894.5843607306,135931.0541095891,685018.3849315068,9438.476027397261,1000000,1.1546,-16629.434,-624493.88,-702602.56,-30470.322,-450655.91,-1703.4614,-88488.438,-3516015,-714043.69,-111657.23,-604591.75,-114463.08,-90248.648,877002.81,-4057132.5,-1069300.8,-980003.06,-14398.777,-930361,-1851729.5,-18141144,-2581881.8,-2755390,112783.91,-38457616,.014908087,.014908087,-37884288,753.44,-57431456,-151668512,333333.34,-333333.34,-333333.34,-333333.34,-333333.34,-1333333.4,0,-1333333.4,-1333333.4
3035,.0312,.032627076,.5414,.46290001,1519741056,.0721,.0684521858147426,.1508138674614868,.0509003508725169,.072264206113309,.0807707247323292,.2004558344581037,0,2.548709869164746,.6025939235312079,.500368899020541,.7552060438720949,1.273257138093561,.013156715799339,.1689,.0495,.0534,.0741,.1453,.0019,1.1022,.3307,.4233,.4177,.6752,.0889,.335823806341928,.0665261269695604,.1086875220437064,.1395765566125022,.4286003016910138,0,3.533963740643984,.7332315994850708,.5105691608739971,.790890667325485,1.358342697551687,.0063162215944842,.291,.1009,.0876,.0919,.1875,.001,1.2043,.3211,.3566,.3287,.6596,.0271,16276543,3035,2027,10098.25547945205,167922.1229452055,607373.9252283105,106356.5052511416,584203.3617579909,40622.28219178083,1000000,1.1546,362.70377,-5622.8491,-78580.117,-753.62701,-68826.992,630.93225,-164944.63,-3729627.3,-960945.19,-317057.94,-786634.38,78795.523,-7368.9526,506502.44,-1172846.6,-255847.95,-809883.81,2118.1165,-933034.94,-12781646,-18902026,-5503693,-2752490,93591.594,-48549832,.0036478143,.0036478143,-48372732,753.44,-13125601,-119299656,333333.34,-333333.34,-333333.34,-333333.34,-333333.34,-1333333.4,-666666.69,-1333333.4,-1333333.4
3035,.0312,.032627076,.5414,.46290001,1519741056,.0721,.0684521858147426,.1508138674614868,.0509003508725169,.072264206113309,.0807707247323292,.2004558344581037,0,2.548709869164746,.6025939235312079,.500368899020541,.7552060438720949,1.273257138093561,.013156715799339,.1689,.0495,.0534,.0741,.1483,.0019,1.631,.5581,.4962,.6189,.9766,.0889,.335823806341928,.0665261269695604,.1086875220437064,.1395765566125022,.4286003016910138,0,3.533963740643984,.7332315994850708,.5105691608739971,.790890667325485,1.358342697551687,.0063162215944842,.291,.1095,.0876,.1117,.241,.001,2.0265,.5986,.5439000000000001,.6763,1.1654,.0271,16276543,3035,2025,10098.25547945205,167922.1229452055,607373.9252283105,106356.5052511416,584203.3617579909,40622.28219178083,1000000,1.1546,362.70377,-5622.8491,-78580.117,-753.62701,-65083.402,630.93225,-104645.89,-610332.69,-51980.547,-128047.81,-390198,78795.523,-7368.9526,633224.31,-1172846.6,-149594.69,-630171.13,2118.1165,-603742.19,-4175398,4091861,-1364527.4,-760040.63,93591.594,-5398350.5,.0036478143,.0036478143,-5378658.5,753.44,-13125601,-119299656,333333.34,-333333.34,-333333.34,-333333.34,-333333.34,-1333333.4,-666666.69,-1333333.4,-1333333.4
3035,.0312,.032627076,.5414,.46290001,1519741056,.0721,.0684521858147426,.1508138674614868,.0509003508725169,.072264206113309,.0807707247323292,.2004558344581037,0,2.548709869164746,.6025939235312079,.500368899020541,.7552060438720949,1.273257138093561,.013156715799339,.1689,.0495,.0534,.0741,.1497,.0019,1.8955,.6719000000000001,.5326,.7195,1.1273,.0889,.335823806341928,.0665261269695604,.1086875220437064,.1395765566125022,.4286003016910138,0,3.533963740643984,.7332315994850708,.5105691608739971,.790890667325485,1.358342697551687,.0063162215944842,.291,.1138,.0876,.1216,.2677,.001,2.4376,.7373,.6375,.8501,1.4183,.0271,16276543,3035,2024,10098.25547945205,167922.1229452055,607373.9252283105,106356.5052511416,584203.3617579909,40622.28219178083,1000000,1.1546,362.70377,-5622.8491,-78580.117,-753.62701,-63336.391,630.93225,-74485.117,950686.31,401878.34,-33542.758,-191979.81,78795.523,-7368.9526,696585.25,-1172846.6,-96468.063,-540482.75,2118.1165,-439095.84,126175.37,15582667,705055.31,236184.05,93591.594,16170168,.0036478143,.0036478143,16170168,753.44,-13125601,-119299656,333333.34,333333.34,-333333.34,-333333.34,-333333.34,-1333333.4,-666666.69,-1333333.4,-1333333.4
3035,.0312,.032627076,.5414,.46290001,1519741056,.0721,.0684521858147426,.1508138674614868,.0509003508725169,.072264206113309,.0807707247323292,.2004558344581037,0,2.548709869164746,.6025939235312079,.500368899020541,.7552060438720949,1.273257138093561,.013156715799339,.1689,.0495,.0534,.0741,.1468,.0019,1.3666,.4444,.4597,.5183,.8259,.0889,.335823806341928,.0665261269695604,.1086875220437064,.1395765566125022,.4286003016910138,0,3.533963740643984,.7332315994850708,.5105691608739971,.790890667325485,1.358342697551687,.0063162215944842,.291,.1052,.0876,.1018,.2142,.001,1.6154,.4598,.4503,.5024999999999999,.9125,.0271,16276543,3035,2026,10098.25547945205,167922.1229452055,607373.9252283105,106356.5052511416,584203.3617579909,40622.28219178083,1000000,1.1546,362.70377,-5622.8491,-78580.117,-753.62701,-66955.195,630.93225,-134795.27,-2169980,-507086.31,-222552.88,-588416.19,78795.523,-7368.9526,569863.38,-1172846.6,-202721.33,-720195.44,2118.1165,-768388.56,-8480073,-7398944.5,-3434110.3,-1756265.3,93591.594,-26970294,.0036478143,.0036478143,-26871912,753.44,-13125601,-119299656,333333.34,-333333.34,-333333.34,-333333.34,-333333.34,-1333333.4,-666666.69,-1333333.4,-1333333.4
3038,.0298,.02853298,.609,.5517,30770000,.027,.0477008286462582,.0678222192285376,.0063070405773394,.0075083230047686,.0066166408804178,.0628873358615382,,1.90510670062562,.0671913335040728,.0990577596692412,.1640310531456275,.8046380362499554,,.3125,.1358,.1397,.147,.2262,,.9122,.1486,.3087,.2613,.5951,,.1010435379379735,.0060438770671128,.0058469070858255,.0047653539615379,.0675010504314708,,2.720464807870297,.0708462749336412,.1399690722635484,.2241536969018959,1.204127973558305,,.4654,.0793,.1174,.1434,.2744,,1.0144,.129,.2934,.2373,.5825,,442155,3038,2026,2620.093721461187,18577.52089041096,11223.60262557078,2873.48002283105,13625.06358447489,,1000000,1.1546,1273.126,57523.535,10175.468,428.49246,4752.9331,,-29376.205,123542.51,48303.031,2468.7402,-6427.8774,,15541.537,119419.94,114649.83,20099.857,16209.057,,-177284.45,199530.03,348067.66,4229.4194,-57110.176,,816016.38,-.020700829,.020700829,799124.19,753.44,316568.69,-1763121.1,333333.34,333333.34,316568.69,-333333.34,316568.69,1266274.8,1333333.4,1266274.8,-1333333.4
3038,.0298,.02853298,.609,.5517,30770000,.027,.0477008286462582,.0678222192285376,.0063070405773394,.0075083230047686,.0066166408804178,.0628873358615382,,1.90510670062562,.0671913335040728,.0990577596692412,.1640310531456275,.8046380362499554,,.4099,.2055,.2161,.2285,.3214,,.9122,.1486,.3087,.2613,.5951,,.1010435379379735,.0060438770671128,.0058469070858255,.0047653539615379,.0675010504314708,,2.720464807870297,.0708462749336412,.1399690722635484,.2241536969018959,1.204127973558305,,.6597,.0793,.1174,.18,.3421,,1.0144,.129,.2934,.2373,.5825,,442155,3038,2024,2620.093721461187,18577.52089041096,11223.60262557078,2873.48002283105,13625.06358447489,,1000000,1.1546,1779.925,88485.766,16056.366,677.25513,7523.5645,,-29376.205,123542.51,48303.031,2468.7402,-6427.8774,,23829.357,119419.94,114649.83,25406.285,21512.867,,-177284.45,199530.03,348067.66,4229.4194,-57110.176,,875283.88,-.020700829,.020700829,857164.75,753.44,316568.69,-1763121.1,333333.34,333333.34,316568.69,-333333.34,316568.69,1266274.8,1333333.4,1266274.8,-1333333.4
3038,.0298,.02853298,.609,.5517,30770000,.027,.0477008286462582,.0678222192285376,.0063070405773394,.0075083230047686,.0066166408804178,.0628873358615382,,1.90510670062562,.0671913335040728,.0990577596692412,.1640310531456275,.8046380362499554,,.3612,.1707,.1779,.1877,.2738,,.9122,.1486,.3087,.2613,.5951,,.1010435379379735,.0060438770671128,.0058469070858255,.0047653539615379,.0675010504314708,,2.720464807870297,.0708462749336412,.1399690722635484,.2241536969018959,1.204127973558305,,.5625,.0793,.1174,.1617,.3082,,1.0144,.129,.2934,.2373,.5825,,442155,3038,2025,2620.093721461187,18577.52089041096,11223.60262557078,2873.48002283105,13625.06358447489,,1000000,1.1546,1526.5255,73026.859,13115.917,552.72119,6138.2485,,-29376.205,123542.51,48303.031,2468.7402,-6427.8774,,19683.314,119419.94,114649.83,22753.07,18857.045,,-177284.45,199530.03,348067.66,4229.4194,-57110.176,,845666.13,-.020700829,.020700829,828160.13,753.44,316568.69,-1763121.1,333333.34,333333.34,316568.69,-333333.34,316568.69,1266274.8,1333333.4,1266274.8,-1333333.4
3038,.0298,.02853298,.609,.5517,30770000,.027,.0477008286462582,.0678222192285376,.0063070405773394,.0075083230047686,.0066166408804178,.0628873358615382,,1.90510670062562,.0671913335040728,.0990577596692412,.1640310531456275,.8046380362499554,,.2639,.101,.1015,.1062,.1786,,.9122,.1486,.3087,.2613,.5951,,.1010435379379735,.0060438770671128,.0058469070858255,.0047653539615379,.0675010504314708,,2.720464807870297,.0708462749336412,.1399690722635484,.2241536969018959,1.204127973558305,,.3682,.0793,.1174,.1251,.2406,,1.0144,.129,.2934,.2373,.5825,,442155,3038,2027,2620.093721461187,18577.52089041096,11223.60262557078,2873.48002283105,13625.06358447489,,1000000,1.1546,1020.2468,42064.633,7235.019,303.95853,3367.6172,,-29376.205,123542.51,48303.031,2468.7402,-6427.8774,,11395.495,119419.94,114649.83,17446.643,13561.067,,-177284.45,199530.03,348067.66,4229.4194,-57110.176,,786407.13,-.020700829,.020700829,770127.88,753.44,316568.69,-1763121.1,333333.34,333333.34,316568.69,-333333.34,316568.69,1266274.8,1333333.4,1266274.8,-1333333.4
3041,.0335,.022290004,.5022,.43900001,8855000,0,0,0,.0028125234389772,.0961339213959509,.2132974105432855,.1545287363444393,,0,0,0,0,.0004394734387449,,.354,.1142,.2262,.1923,.319,,.0515,.1818,.1343,.0126,.0159,,0,.0112500937559088,.2895245210562029,.1142506536388107,.488151846793912,,0,0,0,0,.0011175113753339,,.379,.0161,.0586,.08,.2069,,.03,.1643,.1251,.0108,.0134,,51144,3041,2025,7.925684931506849,1855.286415525114,948.8630136986301,455.7381278538813,2439.095776255708,,1000000,1.1546,5.5718584,4941.502,846.41931,-10.164839,856.88428,,4.6090822,27552.617,2616.0308,50.719959,84.902275,,48.902008,789.56787,-20064.719,-787.58459,-3944.438,,9.4301014,56297.809,23992.711,551.07166,202.00385,,94043.836,0,0,94043.836,753.44,323973.94,-559635.94,333333.34,94043.836,323973.94,-333333.34,84684.43,333775.31,371212.94,1295895.8,-1333333.4
3041,.0335,.022290004,.5022,.43900001,8855000,0,0,0,.0028125234389772,.0961339213959509,.2132974105432855,.1545287363444393,,0,0,0,0,.0004394734387449,,.238,.0649,.0776,.0715,.1301,,.0515,.1818,.1343,.0126,.0159,,0,.0112500937559088,.2895245210562029,.1142506536388107,.488151846793912,,0,0,0,0,.0011175113753339,,.2841,.0161,.0586,.075,.1612,,.03,.1643,.1251,.0108,.0134,,51144,3041,2027,7.925684931506849,1855.286415525114,948.8630136986301,455.7381278538813,2439.095776255708,,1000000,1.1546,3.7460518,2754.3977,-120.61153,-68.644073,-127.27208,,4.6090822,27552.617,2616.0308,50.719959,84.902275,,36.65715,789.56787,-20064.719,-902.55829,-4585.3613,,9.4301014,56297.809,23992.711,551.07166,202.00385,,89077.102,0,0,89077.102,753.44,323973.94,-559635.94,333333.34,89077.102,323973.94,-333333.34,79717.695,333775.31,371212.94,1295895.8,-1333333.4
3041,.0335,.022290004,.5022,.43900001,8855000,0,0,0,.0028125234389772,.0961339213959509,.2132974105432855,.1545287363444393,,0,0,0,0,.0004394734387449,,.412,.1389,.3004,.2527,.4135,,.0515,.1818,.1343,.0126,.0159,,0,.0112500937559088,.2895245210562029,.1142506536388107,.488151846793912,,0,0,0,0,.0011175113753339,,.4264,.0161,.0586,.0825,.2297,,.03,.1643,.1251,.0108,.0134,,51144,3041,2024,7.925684931506849,1855.286415525114,948.8630136986301,455.7381278538813,2439.095776255708,,1000000,1.1546,6.4847617,6037.2725,1329.2841,19.07478,1349.2229,,4.6090822,27552.617,2616.0308,50.719959,84.902275,,55.017982,789.56787,-20064.719,-730.09778,-3624.6777,,9.4301014,56297.809,23992.711,551.07166,202.00385,,96528.328,0,0,96528.328,753.44,323973.94,-559635.94,333333.34,96528.328,323973.94,-333333.34,87168.922,333775.31,371212.94,1295895.8,-1333333.4
3041,.0335,.022290004,.5022,.43900001,8855000,0,0,0,.0028125234389772,.0961339213959509,.2132974105432855,.1545287363444393,,0,0,0,0,.0004394734387449,,.296,.0896,.1519,.1319,.2246,,.0515,.1818,.1343,.0126,.0159,,0,.0112500937559088,.2895245210562029,.1142506536388107,.488151846793912,,0,0,0,0,.0011175113753339,,.3316,.0161,.0586,.0775,.1841,,.03,.1643,.1251,.0108,.0134,,51144,3041,2026,7.925684931506849,1855.286415525114,948.8630136986301,455.7381278538813,2439.095776255708,,1000000,1.1546,4.6589551,3850.168,362.9039,-39.404457,365.06659,,4.6090822,27552.617,2616.0308,50.719959,84.902275,,42.78603,789.56787,-20064.719,-845.07147,-4264.1982,,9.4301014,56297.809,23992.711,551.07166,202.00385,,91563.656,0,0,91563.656,753.44,323973.94,-559635.94,333333.34,91563.656,323973.94,-333333.34,82204.25,333775.31,371212.94,1295895.8,-1333333.4
3042,.0273,.01955351,.825,.43000001,18685000,.0002,0,.1230749035400678,.006521341517121,.0272584998074636,.0701302926611826,.1108123626690342,,.3301633216284343,.1052802550840021,.2029079119816756,.2027888213356773,.2441461317701357,,.1583,.0648,.0461,.0523,.0947,,.4206,.2967,.2733,.1366,.3984,,.2461498070801356,.0501953180194309,.1263324396390558,.3585407402557692,.2996043414311598,,.6047825607943703,.2416983666550744,.3525864689314409,.369516400028396,.4051262406032335,,.2826,.0753,.069,.0749,.1611,,.7076,.2853,.3168,.1584,.4938,,146879,3042,2027,146.0965753424657,7057.071803652968,4431.352054794521,910.1568493150685,3894.524086757991,,1000000,1.1546,10.220032,9834.3516,572.62427,-17.238287,-134.03459,,149.19527,110349.22,6403.5884,-532.10077,1352.5603,,86.694298,15546.206,-23264.633,-13025.604,-3101.5493,,595.75146,56829.031,-32053.361,-21513.307,2328.5947,,110416.21,.00019999999,.00019999999,110416.21,753.44,642946.13,-7380575,333333.34,110416.21,333333.34,-333333.34,110416.21,1017228.8,1017228.8,1333333.4,-1333333.4
3042,.0273,.01955351,.825,.43000001,18685000,.0002,0,.1230749035400678,.006521341517121,.0272584998074636,.0701302926611826,.1108123626690342,,.3301633216284343,.1052802550840021,.2029079119816756,.2027888213356773,.2441461317701357,,.1583,.0752,.0461,.0523,.0947,,.4206,.3781,.2733,.1366,.3984,,.2461498070801356,.0501953180194309,.1263324396390558,.3585407402557692,.2996043414311598,,.6047825607943703,.2416983666550744,.3525864689314409,.369516400028396,.4051262406032335,,.2826,.1853,.0975,.1083,.2006,,.7076,.4583,.3535,.1584,.4938,,146879,3042,2024,146.0965753424657,7057.071803652968,4431.352054794521,910.1568493150685,3894.524086757991,,1000000,1.1546,10.220032,11589.321,572.62427,-17.238287,-134.03459,,149.19527,157274.52,6403.5884,-532.10077,1352.5603,,86.694298,83664.281,-11699.766,-11491.778,-2217.0195,,595.75146,282311.94,818.23505,-21513.307,2328.5947,,499552.28,.00019999999,.00019999999,499552.28,753.44,642946.13,-7380575,333333.34,333333.34,333333.34,-333333.34,333333.34,1017228.8,1017228.8,1333333.4,-1333333.4
3042,.0273,.01955351,.825,.43000001,18685000,.0002,0,.1230749035400678,.006521341517121,.0272584998074636,.0701302926611826,.1108123626690342,,.3301633216284343,.1052802550840021,.2029079119816756,.2027888213356773,.2441461317701357,,.1583,.0717,.0461,.0523,.0947,,.4206,.351,.2733,.1366,.3984,,.2461498070801356,.0501953180194309,.1263324396390558,.3585407402557692,.2996043414311598,,.6047825607943703,.2416983666550744,.3525864689314409,.369516400028396,.4051262406032335,,.2826,.1487,.088,.0972,.1874,,.7076,.4006,.3413,.1584,.4938,,146879,3042,2025,146.0965753424657,7057.071803652968,4431.352054794521,910.1568493150685,3894.524086757991,,1000000,1.1546,10.220032,10998.707,572.62427,-17.238287,-134.03459,,149.19527,141651.97,6403.5884,-532.10077,1352.5603,,86.694298,60999.539,-15554.721,-12001.522,-2512.6094,,595.75146,207107.52,-10109.107,-21513.307,2328.5947,,369882.31,.00019999999,.00019999999,369882.31,753.44,642946.13,-7380575,333333.34,333333.34,333333.34,-333333.34,333333.34,1017228.8,1017228.8,1333333.4,-1333333.4
3042,.0273,.01955351,.825,.43000001,18685000,.0002,0,.1230749035400678,.006521341517121,.0272584998074636,.0701302926611826,.1108123626690342,,.3301633216284343,.1052802550840021,.2029079119816756,.2027888213356773,.2441461317701357,,.1583,.0683,.0461,.0523,.0947,,.4206,.3238,.2733,.1366,.3984,,.2461498070801356,.0501953180194309,.1263324396390558,.3585407402557692,.2996043414311598,,.6047825607943703,.2416983666550744,.3525864689314409,.369516400028396,.4051262406032335,,.2826,.112,.0785,.086,.1742,,.7076,.343,.329,.1584,.4938,,146879,3042,2026,146.0965753424657,7057.071803652968,4431.352054794521,910.1568493150685,3894.524086757991,,1000000,1.1546,10.220032,10424.967,572.62427,-17.238287,-134.03459,,149.19527,125971.77,6403.5884,-532.10077,1352.5603,,86.694298,38272.875,-19409.676,-12515.859,-2808.199,,595.75146,132033.44,-21126.02,-21513.307,2328.5947,,240145.83,.00019999999,.00019999999,240145.83,753.44,642946.13,-7380575,333333.34,240145.83,333333.34,-333333.34,240145.83,1017228.8,1017228.8,1333333.4,-1333333.4
3043,.0398,.010783721,.5044999999999999,.43000001,11911000,.0198,0,.6988987821866406,.1179700854199835,.1103495092626749,.1712644477961117,.3530237838296238,,.4305068328529792,1.015173204277173,.5021691457210586,.3668047662212127,.633365441645883,,.38,.2392,.2092,.2754,.3371,,1.1044,.155,.131,.179,.2959,,3.667233218332062,.6443712680700375,.5802334364060145,.8256953528841685,1.784377452691851,,.8701880956801523,.8055547576823142,.9118058153243668,.4778946964254596,1.004128635148803,,1.0223,.3756,.3351,.5422,.6618000000000001,,1.4356,.1046,.1294,.1863,.3745,,64449,3043,2025,303.1202054794521,584.2205479452055,2832.007305936073,607.0114155251141,2495.714497716895,,1000000,1.1546,-191.96751,1693.551,1919.9557,67.145248,-84.887642,,2306.6216,-41050.715,-21578.912,-1006.9235,-1896.2273,,-13052.097,-13778.592,-63570.617,-8682.7197,-16109.131,,6797.3267,-75632.727,-447862.72,-19817.344,-10595.557,,-722126.56,.0198,.0198,-707828.44,753.44,1056739.3,-887369.44,333333.34,-333333.34,333333.34,-333333.34,-333333.34,-1333333.4,-1333333.4,1333333.4,-1333333.4
3043,.0398,.010783721,.5044999999999999,.43000001,11911000,.0198,0,.6988987821866406,.1179700854199835,.1103495092626749,.1712644477961117,.3530237838296238,,.4305068328529792,1.015173204277173,.5021691457210586,.3668047662212127,.633365441645883,,.3241,.1731,.1573,.1937,.2618,,1.1044,.155,.131,.179,.2959,,3.667233218332062,.6443712680700375,.5802334364060145,.8256953528841685,1.784377452691851,,.8701880956801523,.8055547576823142,.9118058153243668,.4778946964254596,1.004128635148803,,.7023,.2735,.239,.3373,.4572,,1.3953,.1046,.1294,.1863,.3745,,64449,3043,2026,303.1202054794521,584.2205479452055,2832.007305936073,607.0114155251141,2495.714497716895,,1000000,1.1546,-225.61765,770.15088,911.91113,14.466151,-486.30225,,2306.6216,-41050.715,-21578.912,-1006.9235,-1896.2273,,-14631.218,-19012.76,-88492.297,-14958.271,-19045.168,,6312.8438,-75632.727,-447862.72,-19817.344,-10595.557,,-765976.81,.0198,.0198,-750810.5,753.44,1056739.3,-887369.44,333333.34,-333333.34,333333.34,-333333.34,-333333.34,-1333333.4,-1333333.4,1333333.4,-1333333.4
3043,.0398,.010783721,.5044999999999999,.43000001,11911000,.0198,0,.6988987821866406,.1179700854199835,.1103495092626749,.1712644477961117,.3530237838296238,,.4305068328529792,1.015173204277173,.5021691457210586,.3668047662212127,.633365441645883,,.2682,.107,.1055,.1119,.1865,,1.1044,.155,.131,.179,.2959,,3.667233218332062,.6443712680700375,.5802334364060145,.8256953528841685,1.784377452691851,,.8701880956801523,.8055547576823142,.9118058153243668,.4778946964254596,1.004128635148803,,.3823,.1714,.1429,.1324,.2525,,1.355,.1046,.1294,.1863,.3745,,64449,3043,2027,303.1202054794521,584.2205479452055,2832.007305936073,607.0114155251141,2495.714497716895,,1000000,1.1546,-259.26776,-153.2493,-94.191162,-38.277424,-887.71686,,2306.6216,-41050.715,-21578.912,-1006.9235,-1896.2273,,-16210.339,-24246.93,-113413.98,-21233.82,-21982.639,,5828.3613,-75632.727,-447862.72,-19817.344,-10595.557,,-809826.56,.0198,.0198,-793792,753.44,1056739.3,-887369.44,333333.34,-333333.34,333333.34,-333333.34,-333333.34,-1333333.4,-1333333.4,1333333.4,-1333333.4
3043,.0398,.010783721,.5044999999999999,.43000001,11911000,.0198,0,.6988987821866406,.1179700854199835,.1103495092626749,.1712644477961117,.3530237838296238,,.4305068328529792,1.015173204277173,.5021691457210586,.3668047662212127,.633365441645883,,.4359,.3053,.2611,.3571,.4123,,1.1044,.155,.131,.179,.2959,,3.667233218332062,.6443712680700375,.5802334364060145,.8256953528841685,1.784377452691851,,.8701880956801523,.8055547576823142,.9118058153243668,.4778946964254596,1.004128635148803,,1.3422,.4777,.4312,.7472,.8665,,1.4759,.1046,.1294,.1863,.3745,,64449,3043,2024,303.1202054794521,584.2205479452055,2832.007305936073,607.0114155251141,2495.714497716895,,1000000,1.1546,-158.3174,2616.9512,2928.0002,119.82434,315.99387,,2306.6216,-41050.715,-21578.912,-1006.9235,-1896.2273,,-11473.469,-8544.4229,-38648.941,-2404.1072,-13171.66,,7281.8091,-75632.727,-447862.72,-19817.344,-10595.557,,-678272.81,.0198,.0198,-664843,753.44,1056739.3,-887369.44,333333.34,-333333.34,333333.34,-333333.34,-333333.34,-1333333.4,-1333333.4,1333333.4,-1333333.4
3044,.0336,.028300855,.5258,.4526,20411000,.0137,0,1.037983306317501,1.000926150230498,1.013444742178423,1.01615639584827,1.030764222245136,,.1538337453870285,.0020497481367047,.0052440856837396,.0070339067392205,.0277996867478905,,.1382,.0035,.0188,.0264,.0464,,1.0502,.0352,.079,.1789,.3335,,.3310858342920343,.3002679168070466,.3256224995852073,.3065129993631097,.3325894521594185,,.166563497081944,.0024989166728297,.0053251701669116,.007192269644667,.0331598303404162,,.1441,.0033,.0156,.0231,.0441,,1.1475,.0428,.0945,.2692,.416,,182892,3044,2027,901.5796803652968,6945.947488584475,5029.23595890411,1226.170890410959,6092.879337899543,,1000000,1.1546,-1611.0242,-165662.39,-34307.418,-1289.1359,-12810.96,,9125.5703,18809.461,7614.8647,1861.3763,4193.5771,,-2744.5017,-181003.17,-142775.84,-17534.111,-10106.794,,35075.457,51700.074,90648.953,35969.473,15728.397,,-299118.13,.0137,.0137,-295020.22,753.44,547659.25,-1494085.1,333333.34,-295020.22,333333.34,-333333.34,-295020.22,-1180080.9,-1180080.9,1333333.4,-1333333.4
3044,.0336,.028300855,.5258,.4526,20411000,.0137,0,1.037983306317501,1.000926150230498,1.013444742178423,1.01615639584827,1.030764222245136,,.1538337453870285,.0020497481367047,.0052440856837396,.0070339067392205,.0277996867478905,,.1382,.0035,.0188,.0264,.0464,,1.0502,.0352,.079,.1789,.3335,,.3310858342920343,.3002679168070466,.3256224995852073,.3065129993631097,.3325894521594185,,.166563497081944,.0024989166728297,.0053251701669116,.007192269644667,.0331598303404162,,.1441,.0033,.0156,.0231,.0441,,1.1475,.0428,.0945,.2692,.416,,182892,3044,2025,901.5796803652968,6945.947488584475,5029.23595890411,1226.170890410959,6092.879337899543,,1000000,1.1546,-1611.0242,-165662.39,-34307.418,-1289.1359,-12810.96,,9125.5703,18809.461,7614.8647,1861.3763,4193.5771,,-2744.5017,-181003.17,-142775.84,-17534.111,-10106.794,,35075.457,51700.074,90648.953,35969.473,15728.397,,-299118.13,.0137,.0137,-295020.22,753.44,547659.25,-1494085.1,333333.34,-295020.22,333333.34,-333333.34,-295020.22,-1180080.9,-1180080.9,1333333.4,-1333333.4
3044,.0336,.028300855,.5258,.4526,20411000,.0137,0,1.037983306317501,1.000926150230498,1.013444742178423,1.01615639584827,1.030764222245136,,.1538337453870285,.0020497481367047,.0052440856837396,.0070339067392205,.0277996867478905,,.1382,.0035,.0188,.0264,.0464,,1.0502,.0352,.079,.1789,.3335,,.3310858342920343,.3002679168070466,.3256224995852073,.3065129993631097,.3325894521594185,,.166563497081944,.0024989166728297,.0053251701669116,.007192269644667,.0331598303404162,,.1441,.0033,.0156,.0231,.0441,,1.1475,.0428,.0945,.2692,.416,,182892,3044,2026,901.5796803652968,6945.947488584475,5029.23595890411,1226.170890410959,6092.879337899543,,1000000,1.1546,-1611.0242,-165662.39,-34307.418,-1289.1359,-12810.96,,9125.5703,18809.461,7614.8647,1861.3763,4193.5771,,-2744.5017,-181003.17,-142775.84,-17534.111,-10106.794,,35075.457,51700.074,90648.953,35969.473,15728.397,,-299118.13,.0137,.0137,-295020.22,753.44,547659.25,-1494085.1,333333.34,-295020.22,333333.34,-333333.34,-295020.22,-1180080.9,-1180080.9,1333333.4,-1333333.4
3044,.0336,.028300855,.5258,.4526,20411000,.0137,0,1.037983306317501,1.000926150230498,1.013444742178423,1.01615639584827,1.030764222245136,,.1538337453870285,.0020497481367047,.0052440856837396,.0070339067392205,.0277996867478905,,.1382,.0035,.0188,.0264,.0464,,1.0502,.0352,.079,.1789,.3335,,.3310858342920343,.3002679168070466,.3256224995852073,.3065129993631097,.3325894521594185,,.166563497081944,.0024989166728297,.0053251701669116,.007192269644667,.0331598303404162,,.1441,.0033,.0156,.0231,.0441,,1.1475,.0428,.0945,.2692,.416,,182892,3044,2024,901.5796803652968,6945.947488584475,5029.23595890411,1226.170890410959,6092.879337899543,,1000000,1.1546,-1611.0242,-165662.39,-34307.418,-1289.1359,-12810.96,,9125.5703,18809.461,7614.8647,1861.3763,4193.5771,,-2744.5017,-181003.17,-142775.84,-17534.111,-10106.794,,35075.457,51700.074,90648.953,35969.473,15728.397,,-299118.13,.0137,.0137,-295020.22,753.44,547659.25,-1494085.1,333333.34,-295020.22,333333.34,-333333.34,-295020.22,-1180080.9,-1180080.9,1333333.4,-1333333.4
3046,.0391,.038973641,.4365,.39050001,31972000,.0566,.0538245995566894,1.023468382362503,.1550212171156422,.244233742284389,.2949006106669419,.9185570653762087,,1.753945090131048,.6782192859227431,.4825410823986403,.6235353051275005,1.286598073584121,,.3446,.0497,.1103,.1078,.2409,,1.2868,.4877,.5821,.5172,.8779,,3.366292381831683,.6078815076127208,.9183281027976534,1.130713865077235,3.511731386963722,,2.303971861201222,.4939801752952717,.6804376224733847,.7418959288208146,1.74526938600815,,.7689,.214,.2078,.229,.4823,,1.5511,.4925,.5737,.5247000000000001,1.0397,,486380,3046,2026,570.611301369863,9620.09794520548,11552.0703196347,4250.947716894977,26164.80319634703,,1000000,1.1546,-769.28271,-24227.412,-10611.281,-844.85144,-37873.09,,-3009.9729,-149718.84,23610.398,-3992.604,-24076.105,,-24128.404,-332498.91,-751623.94,-193404.92,-455763.47,,-17038.045,-2629.8779,-249227.42,-103372.83,-124480.59,,-2485681.3,.0027754004,.0027754004,-2478782.5,753.44,34729.059,-1470711.8,333333.34,-333333.34,34729.059,-333333.34,-333333.34,-1333333.4,-1333333.4,138916.23,-1333333.4
3046,.0391,.038973641,.4365,.39050001,31972000,.0566,.0538245995566894,1.023468382362503,.1550212171156422,.244233742284389,.2949006106669419,.9185570653762087,,1.753945090131048,.6782192859227431,.4825410823986403,.6235353051275005,1.286598073584121,,.4771,.0497,.1103,.1078,.3124,,1.352,.528,.6133999999999999,.5172,.9535,,3.366292381831683,.6078815076127208,.9183281027976534,1.130713865077235,3.511731386963722,,2.303971861201222,.4939801752952717,.6804376224733847,.7418959288208146,1.74526938600815,,1.4756,.2342,.2935,.3899,.8885,,1.8044,.5481,.6878,.5516,1.3448,,486380,3046,2024,570.611301369863,9620.09794520548,11552.0703196347,4250.947716894977,26164.80319634703,,1000000,1.1546,-619.1358,-24227.412,-10611.281,-844.85144,-33877.078,,-2589.8674,-118049.24,31033.193,-3992.604,-19622.564,,-17563.535,-315446.91,-660967.19,-158894.14,-394652.59,,-11305.679,96156.539,17190.813,-90569.969,-70653.094,,-1790106.6,.0027754004,.0027754004,-1785138.4,753.44,34729.059,-1470711.8,333333.34,-333333.34,34729.059,-333333.34,-333333.34,-1333333.4,-1333333.4,138916.23,-1333333.4
3046,.0391,.038973641,.4365,.39050001,31972000,.0566,.0538245995566894,1.023468382362503,.1550212171156422,.244233742284389,.2949006106669419,.9185570653762087,,1.753945090131048,.6782192859227431,.4825410823986403,.6235353051275005,1.286598073584121,,.2783,.0497,.1103,.1078,.2051,,1.2543,.4675,.5664,.5172,.8401,,3.366292381831683,.6078815076127208,.9183281027976534,1.130713865077235,3.511731386963722,,2.303971861201222,.4939801752952717,.6804376224733847,.7418959288208146,1.74526938600815,,.4156,.2039,.1649,.1486,.2791,,1.4245,.4647,.5165999999999999,.5113,.8871,,486380,3046,2027,570.611301369863,9620.09794520548,11552.0703196347,4250.947716894977,26164.80319634703,,1000000,1.1546,-844.41278,-24227.412,-10611.281,-844.85144,-39873.891,,-3219.3813,-165592.92,19887.143,-3992.604,-26302.875,,-27410.375,-341024.94,-797005.19,-210649.58,-486333.94,,-19903.096,-52023.086,-382553.28,-109750.46,-151403.14,,-2833679.5,.0027754004,.0027754004,-2825815,753.44,34729.059,-1470711.8,333333.34,-333333.34,34729.059,-333333.34,-333333.34,-1333333.4,-1333333.4,138916.23,-1333333.4
3046,.0391,.038973641,.4365,.39050001,31972000,.0566,.0538245995566894,1.023468382362503,.1550212171156422,.244233742284389,.2949006106669419,.9185570653762087,,1.753945090131048,.6782192859227431,.4825410823986403,.6235353051275005,1.286598073584121,,.4108,.0497,.1103,.1078,.2766,,1.3194,.5078,.5977,.5172,.9157,,3.366292381831683,.6078815076127208,.9183281027976534,1.130713865077235,3.511731386963722,,2.303971861201222,.4939801752952717,.6804376224733847,.7418959288208146,1.74526938600815,,1.1222,.2241,.2507,.3095,.6854,,1.6777,.5203,.6307,.5381,1.1922,,486380,3046,2025,570.611301369863,9620.09794520548,11552.0703196347,4250.947716894977,26164.80319634703,,1000000,1.1546,-694.26593,-24227.412,-10611.281,-844.85144,-35877.879,,-2799.9202,-133923.33,27309.938,-3992.604,-21849.336,,-20846.434,-323972.91,-706242.69,-176138.8,-425208.03,,-14172.993,46763.332,-116135.05,-96995.195,-97575.664,,-2138035.3,.0027754004,.0027754004,-2132101.3,753.44,34729.059,-1470711.8,333333.34,-333333.34,34729.059,-333333.34,-333333.34,-1333333.4,-1333333.4,138916.23,-1333333.4
3047,.0349,.033533446,.5758,.51700002,16211000,0,0,,.3501400251267896,.4153790425609794,.3594073560535894,.1992837240582635,,,1.032508965599829,1.101258231708394,1.016868042929777,1.171966468638626,,.2296,.0429,.0332,.0116,.0332,,1.0253,.1977,.0833,.0227,.0584,,,.095930942121547,.1353847830003097,.1189696106828155,.6022006888905753,,,1.433234892938027,1.945949968817143,1.591610007033305,2.253167187833057,,.2569,.0488,.0331,.0373,.0241,,1.093,.2485,.158,.0404,.1096,,96113,3047,2027,,869.3808219178082,4686.171803652968,1805.337557077626,3230.847146118721,,1000000,1.1546,,-6387.0381,-12282.961,-666.98578,-1146.1641,,,-59286.41,-97929.039,-15852.991,-8100.2559,,,-3595.5168,-43892.34,-7439.2969,-10739.419,,,-190227.89,-1693526.8,-313543.63,-46697.961,,-2511314.5,0,0,-2511314.5,753.44,74219.617,-953206.5,333333.34,-333333.34,74219.617,-333333.34,-333333.34,-1333333.4,-1333333.4,296878.47,-1333333.4
3047,.0349,.033533446,.5758,.51700002,16211000,0,0,,.3501400251267896,.4153790425609794,.3594073560535894,.1992837240582635,,,1.032508965599829,1.101258231708394,1.016868042929777,1.171966468638626,,.2296,.0429,.0332,.0116,.0332,,1.0253,.1977,.0833,.0227,.0584,,,.095930942121547,.1353847830003097,.1189696106828155,.6022006888905753,,,1.433234892938027,1.945949968817143,1.591610007033305,2.253167187833057,,.2569,.1196,.0331,.0373,.0241,,1.093,.3284,.158,.0404,.1096,,96113,3047,2025,,869.3808219178082,4686.171803652968,1805.337557077626,3230.847146118721,,1000000,1.1546,,-6387.0381,-12282.961,-666.98578,-1146.1641,,,-59286.41,-97929.039,-15852.991,-8100.2559,,,1805.6609,-43892.34,-7439.2969,-10739.419,,,-177398.69,-1693526.8,-313543.63,-46697.961,,-2493084.5,0,0,-2493084.5,753.44,74219.617,-953206.5,333333.34,-333333.34,74219.617,-333333.34,-333333.34,-1333333.4,-1333333.4,296878.47,-1333333.4
3047,.0349,.033533446,.5758,.51700002,16211000,0,0,,.3501400251267896,.4153790425609794,.3594073560535894,.1992837240582635,,,1.032508965599829,1.101258231708394,1.016868042929777,1.171966468638626,,.2296,.0429,.0332,.0116,.0332,,1.0253,.1977,.0833,.0227,.0584,,,.095930942121547,.1353847830003097,.1189696106828155,.6022006888905753,,,1.433234892938027,1.945949968817143,1.591610007033305,2.253167187833057,,.2569,.0842,.0331,.0373,.0241,,1.093,.2884,.158,.0404,.1096,,96113,3047,2026,,869.3808219178082,4686.171803652968,1805.337557077626,3230.847146118721,,1000000,1.1546,,-6387.0381,-12282.961,-666.98578,-1146.1641,,,-59286.41,-97929.039,-15852.991,-8100.2559,,,-894.92804,-43892.34,-7439.2969,-10739.419,,,-183821.31,-1693526.8,-313543.63,-46697.961,,-2502207.5,0,0,-2502207.5,753.44,74219.617,-953206.5,333333.34,-333333.34,74219.617,-333333.34,-333333.34,-1333333.4,-1333333.4,296878.47,-1333333.4
3047,.0349,.033533446,.5758,.51700002,16211000,0,0,,.3501400251267896,.4153790425609794,.3594073560535894,.1992837240582635,,,1.032508965599829,1.101258231708394,1.016868042929777,1.171966468638626,,.2296,.0429,.0332,.0116,.0332,,1.0253,.1977,.0833,.0227,.0584,,,.095930942121547,.1353847830003097,.1189696106828155,.6022006888905753,,,1.433234892938027,1.945949968817143,1.591610007033305,2.253167187833057,,.2569,.155,.0331,.0373,.0241,,1.093,.3683,.158,.0404,.1096,,96113,3047,2024,,869.3808219178082,4686.171803652968,1805.337557077626,3230.847146118721,,1000000,1.1546,,-6387.0381,-12282.961,-666.98578,-1146.1641,,,-59286.41,-97929.039,-15852.991,-8100.2559,,,4506.2495,-43892.34,-7439.2969,-10739.419,,,-170992.11,-1693526.8,-313543.63,-46697.961,,-2483977,0,0,-2483977,753.44,74219.617,-953206.5,333333.34,-333333.34,74219.617,-333333.34,-333333.34,-1333333.4,-1333333.4,296878.47,-1333333.4
3048,.0401,.04338222,.458,.36399999,28441000,.0232,0,.2233872956988725,.0253090110629964,.2372805508279759,.1166584585077566,.2006528960102509,,.1698645275946122,.0191242923687717,.201405259621609,.1954123023285144,.2229172001953089,,.0471,.0051,.0145,.0161,.0325,,1.0334,.4988,.9106,.8216,.8856000000000001,,.0986504018852839,.0131111419922794,.1005375831986001,.0281898488347417,.096996460165941,,.1683039340409624,.016905904679666,.219419342629485,.3000065877982712,.2016835554366847,,.0372,.0029,.0168,.0103,.0332,,.8328,.2293,.5939,.5678,.5514,,205983,3048,2024,1175.490867579909,3134.714726027397,4264.16598173516,608.2228310502284,13207.29600456621,,1000000,1.1546,-411.52884,-1514.7981,-6515.2246,-64.968185,-4743.7476,,11462.25,122829.8,62081.605,3364.033,19705.424,,-1175.9657,-2808.7786,-32697.461,-549.0127,-4844.7505,,30979.184,122965.54,322761.69,18236.084,31143.998,,690203.31,.0232,.0232,690203.31,753.44,-382040.16,-2673454.3,333333.34,333333.34,-333333.34,-333333.34,-333333.34,-1333333.4,1333333.4,-1333333.4,-1333333.4
3048,.0401,.04338222,.458,.36399999,28441000,.0232,0,.2233872956988725,.0253090110629964,.2372805508279759,.1166584585077566,.2006528960102509,,.1698645275946122,.0191242923687717,.201405259621609,.1954123023285144,.2229172001953089,,.0471,.0051,.0145,.0161,.0325,,1.0334,.4329,.5302,.5295,.7984,,.0986504018852839,.0131111419922794,.1005375831986001,.0281898488347417,.096996460165941,,.1683039340409624,.016905904679666,.219419342629485,.3000065877982712,.2016835554366847,,.0372,.0029,.0168,.0103,.0332,,.8328,.2293,.4761,.4651,.5514,,205983,3048,2027,1175.490867579909,3134.714726027397,4264.16598173516,608.2228310502284,13207.29600456621,,1000000,1.1546,-411.52884,-1514.7981,-6515.2246,-64.968185,-4743.7476,,11462.25,105954.89,28782.088,1794.8005,17112.459,,-1175.9657,-2808.7786,-32697.461,-549.0127,-4844.7505,,30979.184,122965.54,221230.88,11242.462,31143.998,,527342.31,.0232,.0232,527342.31,753.44,-382040.16,-2673454.3,333333.34,333333.34,-333333.34,-333333.34,-333333.34,-1333333.4,1333333.4,-1333333.4,-1333333.4
3048,.0401,.04338222,.458,.36399999,28441000,.0232,0,.2233872956988725,.0253090110629964,.2372805508279759,.1166584585077566,.2006528960102509,,.1698645275946122,.0191242923687717,.201405259621609,.1954123023285144,.2229172001953089,,.0471,.0051,.0145,.0161,.0325,,1.0334,.4768,.7838000000000001,.7242,.8565,,.0986504018852839,.0131111419922794,.1005375831986001,.0281898488347417,.096996460165941,,.1683039340409624,.016905904679666,.219419342629485,.3000065877982712,.2016835554366847,,.0372,.0029,.0168,.0103,.0332,,.8328,.2293,.5546,.5335,.5514,,205983,3048,2025,1175.490867579909,3134.714726027397,4264.16598173516,608.2228310502284,13207.29600456621,,1000000,1.1546,-411.52884,-1514.7981,-6515.2246,-64.968185,-4743.7476,,11462.25,117196.3,50981.766,2840.7764,18840.111,,-1175.9657,-2808.7786,-32697.461,-549.0127,-4844.7505,,30979.184,122965.54,288889.34,15900.336,31143.998,,635873.31,.0232,.0232,635873.31,753.44,-382040.16,-2673454.3,333333.34,333333.34,-333333.34,-333333.34,-333333.34,-1333333.4,1333333.4,-1333333.4,-1333333.4
3048,.0401,.04338222,.458,.36399999,28441000,.0232,0,.2233872956988725,.0253090110629964,.2372805508279759,.1166584585077566,.2006528960102509,,.1698645275946122,.0191242923687717,.201405259621609,.1954123023285144,.2229172001953089,,.0471,.0051,.0145,.0161,.0325,,1.0334,.4549,.657,.6268,.8275,,.0986504018852839,.0131111419922794,.1005375831986001,.0281898488347417,.096996460165941,,.1683039340409624,.016905904679666,.219419342629485,.3000065877982712,.2016835554366847,,.0372,.0029,.0168,.0103,.0332,,.8328,.2293,.5154,.4993,.5514,,205983,3048,2026,1175.490867579909,3134.714726027397,4264.16598173516,608.2228310502284,13207.29600456621,,1000000,1.1546,-411.52884,-1514.7981,-6515.2246,-64.968185,-4743.7476,,11462.25,111588.4,39881.926,2317.5198,17977.771,,-1175.9657,-2808.7786,-32697.461,-549.0127,-4844.7505,,30979.184,122965.54,255103.2,13571.399,31143.998,,581664.94,.0232,.0232,581664.94,753.44,-382040.16,-2673454.3,333333.34,333333.34,-333333.34,-333333.34,-333333.34,-1333333.4,1333333.4,-1333333.4,-1333333.4
3049,.0355,.033670243,.5476,.458,18492000,.0051,.1095235016486714,1.031037261385424,.7207355646828196,.5956041921734343,.6435416579271529,.4509184100849779,,3.286402027859766,.5353706309785494,.6469829216894805,.4489687055476533,1.340242444494503,,.0853,.0109,.0101,.0056,.0374,,.7285,.316,.3992,.4087,.6122,,.2422408639198896,.1755783456451026,.1457595147253971,.1403001737097619,.1166587325099293,,3.023352266836611,.3247355361007496,.3764298282918687,.2226168774955288,1.594903576859019,,.0998,.0164,.019,.0054,.0631,,1.0915,.3268,.355,.3146,.6334,,210839,3049,2026,127.3583333333333,1789.287899543379,9754.140867579908,1197.34703196347,9666.459589041096,,1000000,1.1546,-239.19818,-30370.34,-39168.508,-811.37268,-8538.1855,,-3678.5925,-32063.928,-49616.223,-425.8736,-15844.93,,-295.33347,-24992.48,-113221.55,-8149.7739,-2976.8616,,-9757.9727,682.22949,-42249.949,12330.968,-62670.441,,-432058.34,-.1044235,.1044235,-432058.34,753.44,217998.92,-1656883.1,333333.34,-333333.34,217998.92,-333333.34,-333333.34,-1282140.4,-1132885.5,871995.69,-1333333.4
3049,.0355,.033670243,.5476,.458,18492000,.0051,.1095235016486714,1.031037261385424,.7207355646828196,.5956041921734343,.6435416579271529,.4509184100849779,,3.286402027859766,.5353706309785494,.6469829216894805,.4489687055476533,1.340242444494503,,.0853,.0109,.0101,.0056,.0374,,.7285,.345,.4208,.4474,.6122,,.2422408639198896,.1755783456451026,.1457595147253971,.1403001737097619,.1166587325099293,,3.023352266836611,.3247355361007496,.3764298282918687,.2226168774955288,1.594903576859019,,.0998,.0164,.019,.0054,.0631,,1.0915,.3785,.4045,.3589,.6803,,210839,3049,2025,127.3583333333333,1789.287899543379,9754.140867579908,1197.34703196347,9666.459589041096,,1000000,1.1546,-239.19818,-30370.34,-39168.508,-811.37268,-8538.1855,,-3678.5925,-27825.193,-45291.023,-16.590309,-15844.93,,-295.33347,-24992.48,-113221.55,-8149.7739,-2976.8616,,-9757.9727,17767.18,55341.711,18269.686,-59613.516,,-299412.88,-.1044235,.1044235,-299412.88,753.44,217998.92,-1656883.1,333333.34,-299412.88,217998.92,-333333.34,-333333.34,-1282140.4,-1132885.5,871995.69,-1333333.4
3049,.0355,.033670243,.5476,.458,18492000,.0051,.1095235016486714,1.031037261385424,.7207355646828196,.5956041921734343,.6435416579271529,.4509184100849779,,3.286402027859766,.5353706309785494,.6469829216894805,.4489687055476533,1.340242444494503,,.0853,.0109,.0101,.0056,.0374,,.7285,.374,.4424,.4862,.6122,,.2422408639198896,.1755783456451026,.1457595147253971,.1403001737097619,.1166587325099293,,3.023352266836611,.3247355361007496,.3764298282918687,.2226168774955288,1.594903576859019,,.0998,.0164,.019,.0054,.0631,,1.0915,.4301,.454,.4032,.7271,,210839,3049,2024,127.3583333333333,1789.287899543379,9754.140867579908,1197.34703196347,9666.459589041096,,1000000,1.1546,-239.19818,-30370.34,-39168.508,-811.37268,-8538.1855,,-3678.5925,-23586.459,-40965.828,393.75055,-15844.93,,-295.33347,-24992.48,-113221.55,-8149.7739,-2976.8616,,-9757.9727,34819.086,152933.38,24208.404,-56563.109,,-166805.92,-.1044235,.1044235,-166805.92,753.44,217998.92,-1656883.1,333333.34,-166805.92,217998.92,-333333.34,-282140.34,-1282140.4,-1132885.5,871995.69,-1333333.4
3049,.0355,.033670243,.5476,.458,18492000,.0051,.1095235016486714,1.031037261385424,.7207355646828196,.5956041921734343,.6435416579271529,.4509184100849779,,3.286402027859766,.5353706309785494,.6469829216894805,.4489687055476533,1.340242444494503,,.0853,.0109,.0101,.0056,.0374,,.7285,.287,.3776,.3699,.6122,,.2422408639198896,.1755783456451026,.1457595147253971,.1403001737097619,.1166587325099293,,3.023352266836611,.3247355361007496,.3764298282918687,.2226168774955288,1.594903576859019,,.0998,.0164,.019,.0054,.0631,,1.0915,.2752,.3055,.2703,.5866,,210839,3049,2027,127.3583333333333,1789.287899543379,9754.140867579908,1197.34703196347,9666.459589041096,,1000000,1.1546,-239.19818,-30370.34,-39168.508,-811.37268,-8538.1855,,-3678.5925,-36302.66,-53941.422,-836.21448,-15844.93,,-295.33347,-24992.48,-113221.55,-8149.7739,-2976.8616,,-9757.9727,-16369.675,-139841.61,6392.249,-65720.852,,-564665.38,-.1044235,.1044235,-564665.38,753.44,217998.92,-1656883.1,333333.34,-333333.34,217998.92,-333333.34,-333333.34,-1282140.4,-1132885.5,871995.69,-1333333.4
3050,.0495,,.5363,,,0,0,0,0,0,0,0,,0,0,0,0,.0193301289136894,,0,0,0,0,.0053,,0,.0077,0,0,.034,,0,0,0,0,0,,0,0,0,0,.0483253222842235,,0,0,0,0,.0101,,0,.0312,0,0,.1176,,,3050,2027,2.010388127853881,8.696803652968036,24.09326484018265,27.325,222.5569634703196,,1000000,1.1546,0,0,0,0,2.5195348,,0,5.4702654,0,0,7.3507838,,0,0,0,0,12.924789,,0,50.113785,0,0,103.95853,,182.33768,0,0,,753.44,,,333333.34,,,,,,,,
3050,.0495,,.5363,,,0,0,0,0,0,0,0,,0,0,0,0,.0193301289136894,,0,0,0,0,.0053,,0,.0077,0,0,.034,,0,0,0,0,0,,0,0,0,0,.0483253222842235,,0,0,0,0,.0101,,0,.0312,0,0,.1176,,,3050,2024,2.010388127853881,8.696803652968036,24.09326484018265,27.325,222.5569634703196,,1000000,1.1546,0,0,0,0,2.5195348,,0,5.4702654,0,0,7.3507838,,0,0,0,0,12.924789,,0,50.113785,0,0,103.95853,,182.33768,0,0,,753.44,,,333333.34,,,,,,,,
3050,.0495,,.5363,,,0,0,0,0,0,0,0,,0,0,0,0,.0193301289136894,,0,0,0,0,.0053,,0,.0077,0,0,.034,,0,0,0,0,0,,0,0,0,0,.0483253222842235,,0,0,0,0,.0101,,0,.0312,0,0,.1176,,,3050,2026,2.010388127853881,8.696803652968036,24.09326484018265,27.325,222.5569634703196,,1000000,1.1546,0,0,0,0,2.5195348,,0,5.4702654,0,0,7.3507838,,0,0,0,0,12.924789,,0,50.113785,0,0,103.95853,,182.33768,0,0,,753.44,,,333333.34,,,,,,,,
3050,.0495,,.5363,,,0,0,0,0,0,0,0,,0,0,0,0,.0193301289136894,,0,0,0,0,.0053,,0,.0077,0,0,.034,,0,0,0,0,0,,0,0,0,0,.0483253222842235,,0,0,0,0,.0101,,0,.0312,0,0,.1176,,,3050,2025,2.010388127853881,8.696803652968036,24.09326484018265,27.325,222.5569634703196,,1000000,1.1546,0,0,0,0,2.5195348,,0,5.4702654,0,0,7.3507838,,0,0,0,0,12.924789,,0,50.113785,0,0,103.95853,,182.33768,0,0,,753.44,,,333333.34,,,,,,,,
3054,.0394,.031906951,.4885,.3845,7519000,.0181,.0127304653204565,0,.0018516245477851,.0464875993005828,.0095719155350068,.1649634485930397,,0,.0000222009671476,.0125905721505163,.0063050467059889,.1825985034764327,,.257,.0179,.0375,.0146,.1451,,1.1538,.1007,.075,.1168,.3302,,0,.0022820770767002,.0534672842444811,.0186655055336792,.2102705901647392,,0,.0000222009671476,.0046645707546474,.0019965981235632,.2795033282880424,,.3459,.0239,.033,.0124,.0987,,1.279,.1194,.0535,.0784,.4035,,60269,3054,2027,9.363470319634704,1429.449429223744,1118.870091324201,337.9368721461187,3762.418493150685,,1000000,1.1546,4.7789221,548.54407,-68.967003,1.8049183,-159.63387,,121.9938,11756.025,1433.4851,329.81546,1250.3282,,52.727608,2711.6143,-2097.0046,-106.83282,-2413.6692,,474.96945,31516.307,11044.172,2890.7947,3145.7307,,62436.98,.0053695347,.0053695347,62436.98,753.44,255189.31,-781976,333333.34,62436.98,255189.31,-333333.34,-15707.051,-62056.547,250519.58,1020757.3,-1333333.4
3054,.0394,.031906951,.4885,.3845,7519000,.0181,.0127304653204565,0,.0018516245477851,.0464875993005828,.0095719155350068,.1649634485930397,,0,.0000222009671476,.0125905721505163,.0063050467059889,.1825985034764327,,.2899,.0179,.0375,.0146,.1451,,1.161,.1007,.075,.1168,.3302,,0,.0022820770767002,.0534672842444811,.0186655055336792,.2102705901647392,,0,.0000222009671476,.0046645707546474,.0019965981235632,.2795033282880424,,.3855,.0239,.033,.0124,.0987,,1.6054,.1194,.0535,.0784,.4035,,60269,3054,2026,9.363470319634704,1429.449429223744,1118.870091324201,337.9368721461187,3762.418493150685,,1000000,1.1546,5.3906989,548.54407,-68.967003,1.8049183,-159.63387,,122.75508,11756.025,1433.4851,329.81546,1250.3282,,58.764072,2711.6143,-2097.0046,-106.83282,-2413.6692,,596.1814,31516.307,11044.172,2890.7947,3145.7307,,62565.602,.0053695347,.0053695347,62565.602,753.44,255189.31,-781976,333333.34,62565.602,255189.31,-333333.34,-15578.43,-62056.547,250519.58,1020757.3,-1333333.4
3054,.0394,.031906951,.4885,.3845,7519000,.0181,.0127304653204565,0,.0018516245477851,.0464875993005828,.0095719155350068,.1649634485930397,,0,.0000222009671476,.0125905721505163,.0063050467059889,.1825985034764327,,.3229,.0179,.0375,.0146,.1451,,1.1682,.1007,.075,.1168,.3302,,0,.0022820770767002,.0534672842444811,.0186655055336792,.2102705901647392,,0,.0000222009671476,.0046645707546474,.0019965981235632,.2795033282880424,,.4251,.0239,.033,.0124,.0987,,1.9317,.1194,.0535,.0784,.4035,,60269,3054,2025,9.363470319634704,1429.449429223744,1118.870091324201,337.9368721461187,3762.418493150685,,1000000,1.1546,6.0043349,548.54407,-68.967003,1.8049183,-159.63387,,123.51635,11756.025,1433.4851,329.81546,1250.3282,,64.800537,2711.6143,-2097.0046,-106.83282,-2413.6692,,717.35614,31516.307,11044.172,2890.7947,3145.7307,,62694.188,.0053695347,.0053695347,62694.188,753.44,255189.31,-781976,333333.34,62694.188,255189.31,-333333.34,-15449.844,-62056.547,250519.58,1020757.3,-1333333.4
3054,.0394,.031906951,.4885,.3845,7519000,.0181,.0127304653204565,0,.0018516245477851,.0464875993005828,.0095719155350068,.1649634485930397,,0,.0000222009671476,.0125905721505163,.0063050467059889,.1825985034764327,,.3558,.0179,.0375,.0146,.1451,,1.1754,.1007,.075,.1168,.3302,,0,.0022820770767002,.0534672842444811,.0186655055336792,.2102705901647392,,0,.0000222009671476,.0046645707546474,.0019965981235632,.2795033282880424,,.4647,.0239,.033,.0124,.0987,,2.2581,.1194,.0535,.0784,.4035,,60269,3054,2024,9.363470319634704,1429.449429223744,1118.870091324201,337.9368721461187,3762.418493150685,,1000000,1.1546,6.6161113,548.54407,-68.967003,1.8049183,-159.63387,,124.27763,11756.025,1433.4851,329.81546,1250.3282,,70.837006,2711.6143,-2097.0046,-106.83282,-2413.6692,,838.56805,31516.307,11044.172,2890.7947,3145.7307,,62822.809,.0053695347,.0053695347,62822.809,753.44,255189.31,-781976,333333.34,62822.809,255189.31,-333333.34,-15321.223,-62056.547,250519.58,1020757.3,-1333333.4
3056,.0324,.024817891,.5386,.47589999,37657000,.0478,.0061492210986608,.2028400118507609,.0286978776323137,.1100764588099404,.0819328955809614,.2609117104205117,,.3770008945598679,.8944834509780163,.7750054846562264,.5603806387796098,.4875806971086297,,.2573,.0337,.0796,.0618,.1061,,.8902,.4224,.5114,.5053,.7157,,.5749610008331967,.0578083074547883,.3232661695630706,.2264348095386749,.7724932922972488,,.3561500151969709,.2401012785617969,.2922924367129309,.2456622042279052,.2750754323987835,,.2858,.021,.074,.046,.1076,,.4824,.3165,.3563,.3245,.5607,,199332,3056,2026,158.7474885844749,5003.910045662101,6463.652739726027,3399.404566210046,7832.027511415525,,1000000,1.1546,17.168978,598.51556,-1351.0161,-72.699005,-2589.8899,,919.94775,-192968.44,-34978.066,-1653.8451,4022.5588,,-747.30389,-16162.201,-147536.97,-30948.256,-29942.432,,794.87073,70605.5,83623.398,30005.875,15083.918,,-253279.33,.04165078,.04165078,-242730.05,753.44,854037.56,-2361094,333333.34,-242730.05,333333.34,-333333.34,-242730.05,-486632.09,-486632.09,1333333.4,-1333333.4
3056,.0324,.024817891,.5386,.47589999,37657000,.0478,.0061492210986608,.2028400118507609,.0286978776323137,.1100764588099404,.0819328955809614,.2609117104205117,,.3770008945598679,.8944834509780163,.7750054846562264,.5603806387796098,.4875806971086297,,.2364,.0337,.0762,.0618,.1061,,.8902,.2903,.381,.3735,.6263,,.5749610008331967,.0578083074547883,.3232661695630706,.2264348095386749,.7724932922972488,,.3561500151969709,.2401012785617969,.2922924367129309,.2456622042279052,.2750754323987835,,.279,.021,.0649,.046,.1076,,.4824,.2786,.3093,.2746,.5607,,199332,3056,2027,158.7474885844749,5003.910045662101,6463.652739726027,3399.404566210046,7832.027511415525,,1000000,1.1546,10.580073,598.51556,-1501.7375,-72.699005,-2589.8899,,919.94775,-246965.52,-52280.965,-5611.2568,2446.1172,,-764.87775,-16162.201,-152923.13,-30948.256,-29942.432,,794.87073,35579.41,22219.721,11013.802,15083.918,,-451096.03,.04165078,.04165078,-432307.53,753.44,854037.56,-2361094,333333.34,-333333.34,333333.34,-333333.34,-333333.34,-486632.09,-486632.09,1333333.4,-1333333.4
3056,.0324,.024817891,.5386,.47589999,37657000,.0478,.0061492210986608,.2028400118507609,.0286978776323137,.1100764588099404,.0819328955809614,.2609117104205117,,.3770008945598679,.8944834509780163,.7750054846562264,.5603806387796098,.4875806971086297,,.299,.0337,.0865,.0618,.1061,,.8902,.6868,.7722,.769,.8944,,.5749610008331967,.0578083074547883,.3232661695630706,.2264348095386749,.7724932922972488,,.3561500151969709,.2401012785617969,.2922924367129309,.2456622042279052,.2750754323987835,,.2995,.021,.0924,.046,.1076,,.4824,.3924,.4502,.4243,.5607,,199332,3056,2024,158.7474885844749,5003.910045662101,6463.652739726027,3399.404566210046,7832.027511415525,,1000000,1.1546,30.315258,598.51556,-1045.1403,-72.699005,-2589.8899,,919.94775,-84892.516,-372.26245,6263.9814,7173.6787,,-711.89783,-16162.201,-136646.28,-30948.256,-29942.432,,794.87073,140750.09,206300.09,67990.016,15083.918,,142521.88,.04165078,.04165078,142521.88,753.44,854037.56,-2361094,333333.34,142521.88,333333.34,-333333.34,142521.88,-486632.09,-486632.09,1333333.4,-1333333.4
3056,.0324,.024817891,.5386,.47589999,37657000,.0478,.0061492210986608,.2028400118507609,.0286978776323137,.1100764588099404,.0819328955809614,.2609117104205117,,.3770008945598679,.8944834509780163,.7750054846562264,.5603806387796098,.4875806971086297,,.2781,.0337,.0831,.0618,.1061,,.8902,.5546,.6418,.6371,.805,,.5749610008331967,.0578083074547883,.3232661695630706,.2264348095386749,.7724932922972488,,.3561500151969709,.2401012785617969,.2922924367129309,.2456622042279052,.2750754323987835,,.2927,.021,.0832,.046,.1076,,.4824,.3545,.4032,.3744,.5607,,199332,3056,2025,158.7474885844749,5003.910045662101,6463.652739726027,3399.404566210046,7832.027511415525,,1000000,1.1546,23.726355,598.51556,-1195.8617,-72.699005,-2589.8899,,919.94775,-138930.47,-17675.164,2303.5669,5597.2373,,-729.47162,-16162.201,-142091.63,-30948.256,-29942.432,,794.87073,105724.01,144896.42,48997.945,15083.918,,-55397.934,.04165078,.04165078,-53090.566,753.44,854037.56,-2361094,333333.34,-53090.566,333333.34,-333333.34,-53090.566,-486632.09,-486632.09,1333333.4,-1333333.4
3057,.0349,.033360172,.5839,.50040001,55127000,.0163,.0301464766429137,.1021791662041534,.1822684326869457,.0495089547165452,.0283860960704786,.161483438400998,,.4628750295542294,1.152847950774888,.4188384066201344,.4380993363722972,1.041537321384699,,.0306,.0651,.0778,.0717,.1304,,.1759,.2976,.3887,.3815,.6186,,.0144286250513672,.2955349398413554,.0642556337274626,.0368455195781505,.213550438446355,,.2763858345020074,.8745137108260089,.3422529836790305,.3769908035585334,.7523118168775302,,.0365,.076,.0696,.0754,.1618,,.0923,.2508,.2819,.2379,.5063,,683060,3057,2027,387.7053652968037,11062.14166666667,28597.35650684932,4867.100799086758,28960.100456621,,1000000,1.1546,-55.112289,-30992.85,5548.7212,223.93246,-1922.7925,,-1256.3665,-772839.44,-17693.326,-2433.1824,-27576.697,,139.30986,-213102.25,13995.281,9467.999,-8617.375,,-2830.613,-1274287.6,-348853.53,-75794.5,-48039.719,,-2796920.3,-.013846477,.013846477,-2796920.3,753.44,594348.25,-4603104,333333.34,-333333.34,333333.34,-333333.34,-333333.34,-1333333.4,-1333333.4,1333333.4,-1333333.4
3057,.0349,.033360172,.5839,.50040001,55127000,.0163,.0301464766429137,.1021791662041534,.1822684326869457,.0495089547165452,.0283860960704786,.161483438400998,,.4628750295542294,1.152847950774888,.4188384066201344,.4380993363722972,1.041537321384699,,.0306,.0821,.0805,.0906,.1447,,.1759,.381,.3953,.3986,.6186,,.0144286250513672,.2955349398413554,.0642556337274626,.0368455195781505,.213550438446355,,.2763858345020074,.8745137108260089,.3422529836790305,.3769908035585334,.7523118168775302,,.0365,.1369,.0781,.1386,.1915,,.0923,.2508,.2819,.2379,.5063,,683060,3057,2025,387.7053652968037,11062.14166666667,28597.35650684932,4867.100799086758,28960.100456621,,1000000,1.1546,-55.112289,-26496.088,6078.272,321.64529,-1038.2078,,-1256.3665,-697475.56,-13818.671,-1698.0604,-27576.697,,139.30986,-153986.7,36254.215,24988.311,-3671.793,,-2830.613,-1274287.6,-348853.53,-75794.5,-48039.719,,-2609097.5,-.013846477,.013846477,-2609097.5,753.44,594348.25,-4603104,333333.34,-333333.34,333333.34,-333333.34,-333333.34,-1333333.4,-1333333.4,1333333.4,-1333333.4
3057,.0349,.033360172,.5839,.50040001,55127000,.0163,.0301464766429137,.1021791662041534,.1822684326869457,.0495089547165452,.0283860960704786,.161483438400998,,.4628750295542294,1.152847950774888,.4188384066201344,.4380993363722972,1.041537321384699,,.0306,.0736,.0791,.0812,.1376,,.1759,.3393,.392,.3901,.6186,,.0144286250513672,.2955349398413554,.0642556337274626,.0368455195781505,.213550438446355,,.2763858345020074,.8745137108260089,.3422529836790305,.3769908035585334,.7523118168775302,,.0365,.1065,.0738,.107,.1767,,.0923,.2508,.2819,.2379,.5063,,683060,3057,2026,387.7053652968037,11062.14166666667,28597.35650684932,4867.100799086758,28960.100456621,,1000000,1.1546,-55.112289,-28744.469,5803.6899,273.04736,-1477.4072,,-1256.3665,-735157.5,-15755.999,-2063.4719,-27576.697,,139.30986,-183495.94,24993.813,17228.154,-6136.2583,,-2830.613,-1274287.6,-348853.53,-75794.5,-48039.719,,-2703087.3,-.013846477,.013846477,-2703087.3,753.44,594348.25,-4603104,333333.34,-333333.34,333333.34,-333333.34,-333333.34,-1333333.4,-1333333.4,1333333.4,-1333333.4
3057,.0349,.033360172,.5839,.50040001,55127000,.0163,.0301464766429137,.1021791662041534,.1822684326869457,.0495089547165452,.0283860960704786,.161483438400998,,.4628750295542294,1.152847950774888,.4188384066201344,.4380993363722972,1.041537321384699,,.0306,.0905,.0818,.1001,.1519,,.1759,.4226,.3987,.4072,.6186,,.0144286250513672,.2955349398413554,.0642556337274626,.0368455195781505,.213550438446355,,.2763858345020074,.8745137108260089,.3422529836790305,.3769908035585334,.7523118168775302,,.0365,.1674,.0823,.1702,.2064,,.0923,.2508,.2819,.2379,.5063,,683060,3057,2024,387.7053652968037,11062.14166666667,28597.35650684932,4867.100799086758,28960.100456621,,1000000,1.1546,-55.112289,-24274.158,6333.2407,370.76019,-592.82257,,-1256.3665,-659883.94,-11822.636,-1328.3499,-27576.697,,139.30986,-124380.4,47252.746,32748.465,-1190.6761,,-2830.613,-1274287.6,-348853.53,-75794.5,-48039.719,,-2515322.8,-.013846477,.013846477,-2515322.8,753.44,594348.25,-4603104,333333.34,-333333.34,333333.34,-333333.34,-333333.34,-1333333.4,-1333333.4,1333333.4,-1333333.4
3059,.095,.09013807,.415,.31200001,1066000,1,1,0,0,0,0,0,,9.999999999999995,10,10,10,9.999999999999993,,1.2687,1.2413,1.2231,1.2475,1.2996,,7.0662,5.7921,5.8713,6.203,6.5029,,0,0,0,0,0,,32.42140514598817,33.36666666666667,31.65,31.33021009581219,32.36974630798367,,4.9914,4.9051,4.1476,4.0805,4.2743,,9.8142,5.9157,6.0695,7.8297,8.1867,,5070,3059,2024,73.01575342465753,46.02511415525114,5.560958904109589,102.7544520547945,315.4869863013699,,1000000,1.1546,183.96513,1366.1025,46.647636,136.16347,875.77881,,-2418.8977,-15820.431,-471.33136,-3446.1506,-2484.0234,,5933.2085,19810.156,2112.0591,21155.682,7753.6709,,-65466.895,-233343.38,-28752.605,-270362.78,-51444.254,,-614637.25,0,0,-614637.25,753.44,13929.213,-109797.99,333333.34,-333333.34,13929.213,-109797.99,-333333.34,-1333333.4,-1333333.4,55716.852,-439191.97
3059,.095,.09013807,.415,.31200001,1066000,1,1,0,0,0,0,0,,9.999999999999995,10,10,10,9.999999999999993,,1.2463,1.2154,1.1423,1.2398,1.2897,,6.4813,5.1683,5.4851,5.7103,6.1934,,0,0,0,0,0,,32.42140514598817,33.36666666666667,31.65,31.33021009581219,32.36974630798367,,4.0372,3.7453,.7155,.4468,.8592,,8.9909,5.4004,6.0155,6.7894,7.8642,,5070,3059,2027,73.01575342465753,46.02511415525114,5.560958904109589,102.7544520547945,315.4869863013699,,1000000,1.1546,180.71707,1337.5985,43.566017,135.32301,869.10736,,-2901.1436,-18165.729,-515.41986,-3893.3242,-2703.8643,,4798.9644,15126.089,364.35007,2316.4707,1558.6071,,-67851.039,-237723.61,-28813.301,-282330.97,-52130.305,,-670297.94,0,0,-670297.94,753.44,13929.213,-109797.99,333333.34,-333333.34,13929.213,-109797.99,-333333.34,-1333333.4,-1333333.4,55716.852,-439191.97
3059,.095,.09013807,.415,.31200001,1066000,1,1,0,0,0,0,0,,9.999999999999995,10,10,10,9.999999999999993,,1.2537,1.224,1.1693,1.2424,1.293,,6.6762,5.3763,5.6139,5.8745,6.2966,,0,0,0,0,0,,32.42140514598817,33.36666666666667,31.65,31.33021009581219,32.36974630798367,,4.3553,4.1319,1.8595,1.658,1.9976,,9.2654,5.5722,6.0335,7.1362,7.9717,,5070,3059,2026,73.01575342465753,46.02511415525114,5.560958904109589,102.7544520547945,315.4869863013699,,1000000,1.1546,181.79008,1347.0631,44.595768,135.6068,871.33118,,-2740.45,-17383.713,-500.71606,-3744.2966,-2630.5603,,5177.0854,16687.445,946.90277,8596.0352,3623.6887,,-67056.133,-236263.25,-28793.07,-278341.19,-51901.621,,-651743.44,0,0,-651743.44,753.44,13929.213,-109797.99,333333.34,-333333.34,13929.213,-109797.99,-333333.34,-1333333.4,-1333333.4,55716.852,-439191.97
3059,.095,.09013807,.415,.31200001,1066000,1,1,0,0,0,0,0,,9.999999999999995,10,10,10,9.999999999999993,,1.2612,1.2327,1.1962,1.2449,1.2963,,6.8712,5.5842,5.7426,6.0388,6.3997,,0,0,0,0,0,,32.42140514598817,33.36666666666667,31.65,31.33021009581219,32.36974630798367,,4.6734,4.5185,3.0036,2.8693,3.1359,,9.5398,5.744,6.0515,7.483,8.0792,,5070,3059,2025,73.01575342465753,46.02511415525114,5.560958904109589,102.7544520547945,315.4869863013699,,1000000,1.1546,182.87761,1356.6378,45.621704,135.87967,873.55499,,-2579.6738,-16602.072,-486.02371,-3595.1782,-2557.3274,,5555.2065,18248.801,1529.5063,14876.118,5688.5889,,-66261.516,-234802.89,-28772.838,-274351.41,-51672.938,,-633189.06,0,0,-633189.06,753.44,13929.213,-109797.99,333333.34,-333333.34,13929.213,-109797.99,-333333.34,-1333333.4,-1333333.4,55716.852,-439191.97
3060,.037,.029347029,.545,.4815,12497000,0,.0214265576543558,.2244855845591482,.0017834513909404,.0232855180653225,.0075147429780429,.080156972180688,,2.377018772604962,.0353312639635448,.0785986910170601,.0048468555273215,.1594879188581549,,.2648,.1022,.1023,.1074,.1803,,.8260999999999999,.3189,.4923,.4814,.5834,,.1799372960426105,.004310007528106,.0191084938677573,.0021291771771122,.1289021377953085,,3.299911358245388,.0325575852256892,.1447264756499781,.0175515643357837,.2076989857708103,,.3712,.0269,.0507,.0402,.1845,,1.3318,.2946,.4492,.4344,.7915,,62698,3060,2027,195.2775114155251,2822.755136986301,1074.36404109589,590.4831050228311,2255.118493150685,,1000000,1.1546,15.63409,6777.8218,582.20532,62.651035,482.38452,,-3419.8865,65386.723,9124.3447,2485.4888,2152.3423,,608.04144,5595.4429,3108.0022,1134.2604,720.92212,,-15242.641,136611.66,66117.969,27558.439,8877.2539,,318739.06,-.021426558,.021426558,311909.59,753.44,271140.06,-793559.5,333333.34,311909.59,271140.06,-333333.34,249716.31,1063136.5,1311909.6,1084560.3,-1333333.4
3060,.037,.029347029,.545,.4815,12497000,0,.0214265576543558,.2244855845591482,.0017834513909404,.0232855180653225,.0075147429780429,.080156972180688,,2.377018772604962,.0353312639635448,.0785986910170601,.0048468555273215,.1594879188581549,,.5001,.1216,.1856,.1897,.2819,,.8260999999999999,.3189,.4923,.4814,.5834,,.1799372960426105,.004310007528106,.0191084938677573,.0021291771771122,.1289021377953085,,3.299911358245388,.0325575852256892,.1447264756499781,.0175515643357837,.2076989857708103,,.5779,.0269,.0507,.0402,.1845,,1.601,.2946,.6284,.5885,.9194,,62698,3060,2025,195.2775114155251,2822.755136986301,1074.36404109589,590.4831050228311,2255.118493150685,,1000000,1.1546,106.88436,8087.2651,1195.9878,114.27207,971.78723,,-3419.8865,65386.723,9124.3447,2485.4888,2152.3423,,1265.1595,5595.4429,3108.0022,1134.2604,720.92212,,-13157.738,136611.66,105032.16,37746.207,10822.096,,375083.38,-.021426558,.021426558,367046.63,753.44,271140.06,-793559.5,333333.34,333333.34,271140.06,-333333.34,271140.06,1063136.5,1311909.6,1084560.3,-1333333.4
3060,.037,.029347029,.545,.4815,12497000,0,.0214265576543558,.2244855845591482,.0017834513909404,.0232855180653225,.0075147429780429,.080156972180688,,2.377018772604962,.0353312639635448,.0785986910170601,.0048468555273215,.1594879188581549,,.6177,.1312,.2272,.2308,.3327,,.8260999999999999,.3189,.4923,.4814,.5834,,.1799372960426105,.004310007528106,.0191084938677573,.0021291771771122,.1289021377953085,,3.299911358245388,.0325575852256892,.1447264756499781,.0175515643357837,.2076989857708103,,.6812,.0269,.0507,.0402,.1845,,1.7357,.2946,.7179,.6655,.9833,,62698,3060,2024,195.2775114155251,2822.755136986301,1074.36404109589,590.4831050228311,2255.118493150685,,1000000,1.1546,152.49011,8735.2363,1502.5106,140.05122,1216.4886,,-3419.8865,65386.723,9124.3447,2485.4888,2152.3423,,1593.5596,5595.4429,3108.0022,1134.2604,720.92212,,-12114.514,136611.66,124467.53,42836.785,11793.756,,403223.19,-.021426558,.021426558,394583.5,753.44,271140.06,-793559.5,333333.34,333333.34,271140.06,-333333.34,271140.06,1063136.5,1311909.6,1084560.3,-1333333.4
3060,.037,.029347029,.545,.4815,12497000,0,.0214265576543558,.2244855845591482,.0017834513909404,.0232855180653225,.0075147429780429,.080156972180688,,2.377018772604962,.0353312639635448,.0785986910170601,.0048468555273215,.1594879188581549,,.3824,.1119,.1439,.1485,.2311,,.8260999999999999,.3189,.4923,.4814,.5834,,.1799372960426105,.004310007528106,.0191084938677573,.0021291771771122,.1289021377953085,,3.299911358245388,.0325575852256892,.1447264756499781,.0175515643357837,.2076989857708103,,.4745,.0269,.0507,.0402,.1845,,1.4664,.2946,.5387999999999999,.5114,.8554,,62698,3060,2026,195.2775114155251,2822.755136986301,1074.36404109589,590.4831050228311,2255.118493150685,,1000000,1.1546,61.239838,7432.5435,888.72815,88.430191,727.08588,,-3419.8865,65386.723,9124.3447,2485.4888,2152.3423,,936.44153,5595.4429,3108.0022,1134.2604,720.92212,,-14200.189,136611.66,85575.063,32649.018,9848.9141,,346906.59,-.021426558,.021426558,339473.59,753.44,271140.06,-793559.5,333333.34,333333.34,271140.06,-333333.34,271140.06,1063136.5,1311909.6,1084560.3,-1333333.4
